{
  "run_dir": "samplesvdd/hySpUnsup/runs/sensitivity_v3/lb_50",
  "checkpoint": "samplesvdd/hySpUnsup/runs/sensitivity_v3/lb_50/checkpoint_v2.pth",
  "n_spheres": 30,
  "curvature": 1.0,
  "objective": "union-soft",
  "active_cluster_mask": [
    true,
    false,
    false,
    false,
    false,
    true,
    true,
    true,
    false,
    true,
    true,
    true,
    true,
    true,
    true,
    true,
    true,
    true,
    true,
    true,
    true,
    false,
    true,
    true,
    true,
    true,
    true,
    true,
    true,
    true
  ],
  "train_macro_auc": 0.4994939441588703,
  "train_per_digit_auc": {
    "0": 0.38227053485380996,
    "1": 0.4829452110863622,
    "2": 0.3210893938700393,
    "3": 0.35805848874926405,
    "4": 0.5024059601932442,
    "5": 0.454114549538405,
    "6": 0.6778704628008498,
    "7": 0.6794435283428151,
    "8": 0.5344305433023233,
    "9": 0.6023107688515895
  },
  "test_macro_auc": 0.5002102508028062,
  "test_per_digit_auc": {
    "0": 0.3883019929599415,
    "1": 0.47634190001278615,
    "2": 0.3288350654322213,
    "3": 0.36589861805116575,
    "4": 0.4911584763545981,
    "5": 0.4622973868115742,
    "6": 0.6719841522851094,
    "7": 0.6805378193343848,
    "8": 0.5307062935927217,
    "9": 0.606040803193559
  }
}