{
  "version": 2,
  "checkpoint_selection": "min_training_loss",
  "best_epoch": 20,
  "best_training_loss": 0.42847583522187904,
  "macro_auc_test_at_best_epoch": 0.4970610369144204,
  "per_digit_auc_at_best_epoch": {
    "0": 0.774159594892559,
    "1": 0.7472064953330777,
    "2": 0.41121818774723173,
    "3": 0.4976341297375957,
    "4": 0.3054105166994323,
    "5": 0.4305578800937997,
    "6": 0.43045251285939534,
    "7": 0.3156957950136913,
    "8": 0.6374409240874377,
    "9": 0.4208343326799833
  },
  "macro_auc_test_pruned_active_spheres": 0.49743543377108346,
  "per_digit_auc_test_pruned_active_spheres": {
    "0": 0.8559775700408271,
    "1": 0.7198222733665771,
    "2": 0.4285812196055635,
    "3": 0.5499117935847203,
    "4": 0.24551929280730728,
    "5": 0.46040695393375675,
    "6": 0.38450215256656584,
    "7": 0.2921656195142096,
    "8": 0.6628976730698573,
    "9": 0.3745697892214491
  },
  "curvature": 1.0,
  "n_spheres": 30,
  "train_normal_digits": [
    0,
    1
  ],
  "test_digits": [
    0,
    1,
    2,
    3,
    4,
    5,
    6,
    7,
    8,
    9
  ],
  "objective": "union-soft",
  "unsupervised": true,
  "ae_checkpoint": "samplesvdd/hySpUnsup/runs/my_v3_ae200_stage1/ae_stage1_ep200.pth",
  "prune": {
    "train_argmin_counts": [
      554,
      106,
      85,
      356,
      153,
      74,
      563,
      870,
      82,
      249,
      371,
      79,
      212,
      305,
      116,
      1067,
      68,
      153,
      140,
      51,
      2090,
      563,
      152,
      49,
      223,
      148,
      860,
      1804,
      31,
      248
    ],
    "silhouette_mean_per_cluster_euclidean_z": {
      "0": null,
      "1": null,
      "2": null,
      "3": null,
      "4": null,
      "5": null,
      "6": null,
      "7": null,
      "8": null,
      "9": null,
      "10": null,
      "11": null,
      "12": null,
      "13": null,
      "14": null,
      "15": null,
      "16": null,
      "17": null,
      "18": null,
      "19": null,
      "20": null,
      "21": null,
      "22": null,
      "23": null,
      "24": null,
      "25": null,
      "26": null,
      "27": null,
      "28": null,
      "29": null
    },
    "active_cluster_mask": [
      true,
      true,
      true,
      true,
      true,
      true,
      true,
      true,
      true,
      true,
      true,
      true,
      true,
      true,
      true,
      true,
      true,
      true,
      true,
      true,
      true,
      true,
      true,
      false,
      true,
      true,
      true,
      true,
      false,
      true
    ]
  },
  "split_overloaded": {
    "enabled": true,
    "max_cluster_fraction": 0.2,
    "applied": false,
    "n_train": 11822,
    "cap_count": 2365,
    "counts_before": [
      562,
      107,
      85,
      356,
      154,
      74,
      563,
      870,
      93,
      249,
      376,
      79,
      212,
      305,
      116,
      1067,
      68,
      153,
      140,
      51,
      2090,
      563,
      152,
      0,
      223,
      148,
      890,
      1824,
      0,
      252
    ],
    "overloaded_clusters": [],
    "spare_inactive_clusters": [
      23,
      28
    ],
    "splits": []
  },
  "hybrid_rebalance": {
    "enabled": true,
    "lb_min_cluster_members": 50,
    "ub_max_cluster_fraction": 0.2,
    "max_iters": 4,
    "hard_cap_enabled": true,
    "chaos_factor": 0.15,
    "iterations": [
      {
        "iter": 1,
        "lb": {
          "enabled": true,
          "counts": [
            554,
            106,
            85,
            356,
            153,
            74,
            563,
            870,
            82,
            249,
            371,
            79,
            212,
            305,
            116,
            1067,
            68,
            153,
            140,
            51,
            2090,
            563,
            152,
            49,
            223,
            148,
            860,
            1804,
            31,
            248
          ],
          "active_before": [
            true,
            true,
            true,
            true,
            true,
            true,
            true,
            true,
            true,
            true,
            true,
            true,
            true,
            true,
            true,
            true,
            true,
            true,
            true,
            true,
            true,
            true,
            true,
            false,
            true,
            true,
            true,
            true,
            false,
            true
          ],
          "active_after": [
            true,
            true,
            true,
            true,
            true,
            true,
            true,
            true,
            true,
            true,
            true,
            true,
            true,
            true,
            true,
            true,
            true,
            true,
            true,
            true,
            true,
            true,
            true,
            false,
            true,
            true,
            true,
            true,
            false,
            true
          ],
          "changed": false
        },
        "ub": {
          "enabled": true,
          "max_cluster_fraction": 0.2,
          "applied": false,
          "n_train": 11822,
          "cap_count": 2365,
          "counts_before": [
            562,
            107,
            85,
            356,
            154,
            74,
            563,
            870,
            93,
            249,
            376,
            79,
            212,
            305,
            116,
            1067,
            68,
            153,
            140,
            51,
            2090,
            563,
            152,
            0,
            223,
            148,
            890,
            1824,
            0,
            252
          ],
          "overloaded_clusters": [],
          "spare_inactive_clusters": [
            23,
            28
          ],
          "splits": []
        },
        "hard_cap": {
          "enabled": true,
          "max_cluster_fraction": 0.2,
          "chaos_factor": 0.15,
          "applied": false,
          "n_train": 11822,
          "cap_count": 2365,
          "counts_before": [
            562,
            107,
            85,
            356,
            154,
            74,
            563,
            870,
            93,
            249,
            376,
            79,
            212,
            305,
            116,
            1067,
            68,
            153,
            140,
            51,
            2090,
            563,
            152,
            0,
            223,
            148,
            890,
            1824,
            0,
            252
          ],
          "counts_after": [
            562,
            107,
            85,
            356,
            154,
            74,
            563,
            870,
            93,
            249,
            376,
            79,
            212,
            305,
            116,
            1067,
            68,
            153,
            140,
            51,
            2090,
            563,
            152,
            0,
            223,
            148,
            890,
            1824,
            0,
            252
          ],
          "overflow_reassigned": 0
        },
        "changed": false
      }
    ],
    "applied": false,
    "active_cluster_mask_after_hybrid": [
      true,
      true,
      true,
      true,
      true,
      true,
      true,
      true,
      true,
      true,
      true,
      true,
      true,
      true,
      true,
      true,
      true,
      true,
      true,
      true,
      true,
      true,
      true,
      false,
      true,
      true,
      true,
      true,
      false,
      true
    ]
  },
  "union_test_metrics_active_spheres": {
    "union_frac_inside": 0.11064134718738804,