{
  "n_samples": 2000,
  "per_cluster": {
    "0": {
      "n": 20,
      "class_counts": {
        "0": 10,
        "1": 0,
        "2": 0,
        "3": 0,
        "4": 2,
        "5": 1,
        "6": 0,
        "7": 1,
        "8": 5,
        "9": 1
      },
      "class_density": {
        "0": 0.5,
        "1": 0.0,
        "2": 0.0,
        "3": 0.0,
        "4": 0.1,
        "5": 0.05,
        "6": 0.0,
        "7": 0.05,
        "8": 0.25,
        "9": 0.05
      },
      "entropy_nat": 1.3728
    },
    "1": {
      "n": 67,
      "class_counts": {
        "0": 2,
        "1": 1,
        "2": 2,
        "3": 1,
        "4": 40,
        "5": 7,
        "6": 1,
        "7": 0,
        "8": 2,
        "9": 11
      },
      "class_density": {
        "0": 0.029850746268656716,
        "1": 0.014925373134328358,
        "2": 0.029850746268656716,
        "3": 0.014925373134328358,
        "4": 0.5970149253731343,
        "5": 0.1044776119402985,
        "6": 0.014925373134328358,
        "7": 0.0,
        "8": 0.029850746268656716,
        "9": 0.16417910447761194
      },
      "entropy_nat": 1.3433
    },
    "2": {
      "n": 9,
      "class_counts": {
        "0": 1,
        "1": 3,
        "2": 0,
        "3": 0,
        "4": 0,
        "5": 2,
        "6": 0,
        "7": 0,
        "8": 3,
        "9": 0
      },
      "class_density": {
        "0": 0.1111111111111111,
        "1": 0.3333333333333333,
        "2": 0.0,
        "3": 0.0,
        "4": 0.0,
        "5": 0.2222222222222222,
        "6": 0.0,
        "7": 0.0,
        "8": 0.3333333333333333,
        "9": 0.0
      },
      "entropy_nat": 1.3108
    },
    "3": {
      "n": 6,
      "class_counts": {
        "0": 6,
        "1": 0,
        "2": 0,
        "3": 0,
        "4": 0,
        "5": 0,
        "6": 0,
        "7": 0,
        "8": 0,
        "9": 0
      },
      "class_density": {
        "0": 1.0,
        "1": 0.0,
        "2": 0.0,
        "3": 0.0,
        "4": 0.0,
        "5": 0.0,
        "6": 0.0,
        "7": 0.0,
        "8": 0.0,
        "9": 0.0
      },
      "entropy_nat": -0.0
    },
    "4": {
      "n": 2,
      "class_counts": {
        "0": 0,
        "1": 0,
        "2": 0,
        "3": 0,
        "4": 0,
        "5": 2,
        "6": 0,
        "7": 0,
        "8": 0,
        "9": 0
      },
      "class_density": {
        "0": 0.0,
        "1": 0.0,
        "2": 0.0,
        "3": 0.0,
        "4": 0.0,
        "5": 1.0,
        "6": 0.0,
        "7": 0.0,
        "8": 0.0,
        "9": 0.0
      },
      "entropy_nat": -0.0
    },
    "5": {
      "n": 2,
      "class_counts": {
        "0": 0,
        "1": 2,
        "2": 0,
        "3": 0,
        "4": 0,
        "5": 0,
        "6": 0,
        "7": 0,
        "8": 0,
        "9": 0
      },
      "class_density": {
        "0": 0.0,
        "1": 1.0,
        "2": 0.0,
        "3": 0.0,
        "4": 0.0,
        "5": 0.0,
        "6": 0.0,
        "7": 0.0,
        "8": 0.0,
        "9": 0.0
      },
      "entropy_nat": -0.0
    },
    "6": {
      "n": 26,
      "class_counts": {
        "0": 0,
        "1": 26,
        "2": 0,
        "3": 0,
        "4": 0,
        "5": 0,
        "6": 0,
        "7": 0,
        "8": 0,
        "9": 0
      },
      "class_density": {
        "0": 0.0,
        "1": 1.0,
        "2": 0.0,
        "3": 0.0,
        "4": 0.0,
        "5": 0.0,
        "6": 0.0,
        "7": 0.0,
        "8": 0.0,
        "9": 0.0
      },
      "entropy_nat": -0.0
    },
    "7": {
      "n": 59,
      "class_counts": {
        "0": 38,
        "1": 0,
        "2": 4,
        "3": 9,
        "4": 0,
        "5": 6,
        "6": 1,
        "7": 0,
        "8": 1,
        "9": 0
      },
      "class_density": {
        "0": 0.6440677966101694,
        "1": 0.0,
        "2": 0.06779661016949153,
        "3": 0.15254237288135594,
        "4": 0.0,
        "5": 0.1016949152542373,
        "6": 0.01694915254237288,
        "7": 0.0,
        "8": 0.01694915254237288,
        "9": 0.0
      },
      "entropy_nat": 1.1233
    },
    "8": {
      "n": 7,
      "class_counts": {
        "0": 7,
        "1": 0,
        "2": 0,
        "3": 0,
        "4": 0,
        "5": 0,
        "6": 0,
        "7": 0,
        "8": 0,
        "9": 0
      },
      "class_density": {
        "0": 1.0,
        "1": 0.0,
        "2": 0.0,
        "3": 0.0,
        "4": 0.0,
        "5": 0.0,
        "6": 0.0,
        "7": 0.0,
        "8": 0.0,
        "9": 0.0
      },
      "entropy_nat": -0.0
    },
    "9": {
      "n": 34,
      "class_counts": {
        "0": 7,
        "1": 0,
        "2": 2,
        "3": 1,
        "4": 0,
        "5": 17,
        "6": 0,
        "7": 0,
        "8": 5,
        "9": 2
      },
      "class_density": {
        "0": 0.20588235294117646,
        "1": 0.0,
        "2": 0.058823529411764705,
        "3": 0.029411764705882353,
        "4": 0.0,
        "5": 0.5,
        "6": 0.0,
        "7": 0.0,
        "8": 0.14705882352941177,
        "9": 0.058823529411764705
      },
      "entropy_nat": 1.3909
    },
    "10": {
      "n": 22,
      "class_counts": {
        "0": 0,
        "1": 17,
        "2": 0,
        "3": 0,
        "4": 4,
        "5": 0,
        "6": 0,
        "7": 1,
        "8": 0,
        "9": 0
      },
      "class_density": {
        "0": 0.0,
        "1": 0.7727272727272727,
        "2": 0.0,
        "3": 0.0,
        "4": 0.18181818181818182,
        "5": 0.0,
        "6": 0.0,
        "7": 0.045454545454545456,
        "8": 0.0,
        "9": 0.0
      },
      "entropy_nat": 0.6497
    },
    "11": {
      "n": 4,
      "class_counts": {
        "0": 0,
        "1": 4,
        "2": 0,
        "3": 0,
        "4": 0,
        "5": 0,
        "6": 0,
        "7": 0,
        "8": 0,
        "9": 0
      },
      "class_density": {
        "0": 0.0,
        "1": 1.0,
        "2": 0.0,
        "3": 0.0,
        "4": 0.0,
        "5": 0.0,
        "6": 0.0,
        "7": 0.0,
        "8": 0.0,
        "9": 0.0
      },
      "entropy_nat": -0.0
    },
    "12": {
      "n": 7,
      "class_counts": {
        "0": 0,
        "1": 6,
        "2": 0,
        "3": 0,
        "4": 0,
        "5": 0,
        "6": 0,
        "7": 1,
        "8": 0,
        "9": 0
      },
      "class_density": {
        "0": 0.0,
        "1": 0.8571428571428571,
        "2": 0.0,
        "3": 0.0,
        "4": 0.0,
        "5": 0.0,
        "6": 0.0,
        "7": 0.14285714285714285,
        "8": 0.0,
        "9": 0.0
      },
      "entropy_nat": 0.4101
    },
    "13": {
      "n": 10,
      "class_counts": {
        "0": 0,
        "1": 10,
        "2": 0,
        "3": 0,
        "4": 0,
        "5": 0,
        "6": 0,
        "7": 0,
        "8": 0,
        "9": 0
      },
      "class_density": {
        "0": 0.0,
        "1": 1.0,
        "2": 0.0,
        "3": 0.0,
        "4": 0.0,
        "5": 0.0,
        "6": 0.0,
        "7": 0.0,
        "8": 0.0,
        "9": 0.0
      },
      "entropy_nat": -0.0
    },
    "14": {
      "n": 5,
      "class_counts": {
        "0": 5,
        "1": 0,
        "2": 0,
        "3": 0,
        "4": 0,
        "5": 0,
        "6": 0,
        "7": 0,
        "8": 0,
        "9": 0
      },
      "class_density": {
        "0": 1.0,
        "1": 0.0,
        "2": 0.0,
        "3": 0.0,
        "4": 0.0,
        "5": 0.0,
        "6": 0.0,
        "7": 0.0,
        "8": 0.0,
        "9": 0.0
      },
      "entropy_nat": -0.0
    },
    "15": {
      "n": 45,
      "class_counts": {
        "0": 0,
        "1": 41,
        "2": 0,
        "3": 0,
        "4": 0,
        "5": 0,
        "6": 4,
        "7": 0,
        "8": 0,
        "9": 0
      },
      "class_density": {
        "0": 0.0,
        "1": 0.9111111111111111,
        "2": 0.0,
        "3": 0.0,
        "4": 0.0,
        "5": 0.0,
        "6": 0.08888888888888889,
        "7": 0.0,
        "8": 0.0,
        "9": 0.0
      },
      "entropy_nat": 0.3
    },