{
  "run_dir": "samplesvdd/hySpUnsup/runs/sensitivity_v3/overlap_margin_0p005",
  "checkpoint": "samplesvdd/hySpUnsup/runs/sensitivity_v3/overlap_margin_0p005/checkpoint_v2.pth",
  "n_spheres": 30,
  "curvature": 1.0,
  "objective": "union-soft",
  "active_cluster_mask": [
    true,
    true,
    true,
    true,
    false,
    true,
    true,
    true,
    true,
    true,
    false,
    false,
    false,
    false,
    false,
    false,
    false,
    false,
    true,
    false,
    false,
    false,
    false,
    false,
    true,
    false,
    false,
    false,
    false,
    true
  ],
  "train_macro_auc": 0.49812285458376193,
  "train_per_digit_auc": {
    "0": 0.34340699619880843,
    "1": 0.5705910320969888,
    "2": 0.2636706525569062,
    "3": 0.2630178310876849,
    "4": 0.7039174348648971,
    "5": 0.4186272704356716,
    "6": 0.3310159149607236,
    "7": 0.7300175547329038,
    "8": 0.6212770435611179,
    "9": 0.7356868153419172
  },
  "test_macro_auc": 0.4996049686754646,
  "test_per_digit_auc": {
    "0": 0.3396099475705705,
    "1": 0.5801537655031326,
    "2": 0.26386964597127505,
    "3": 0.2815176221004748,
    "4": 0.7050734777840081,
    "5": 0.4263660924124636,
    "6": 0.32137996892492293,
    "7": 0.7288026628894614,
    "8": 0.6114584380256929,
    "9": 0.7378180655726438
  }
}