{
  "run_dir": "samplesvdd/hySpUnsup/runs/sensitivity_v3/chaos_0p10",
  "checkpoint": "samplesvdd/hySpUnsup/runs/sensitivity_v3/chaos_0p10/checkpoint_v2.pth",
  "n_spheres": 30,
  "curvature": 1.0,
  "objective": "union-soft",
  "active_cluster_mask": [
    true,
    false,
    false,
    true,
    false,
    true,
    true,
    true,
    false,
    false,
    false,
    true,
    true,
    true,
    true,
    false,
    true,
    true,
    true,
    true,
    true,
    true,
    false,
    true,
    false,
    true,
    true,
    true,
    true,
    false
  ],
  "train_macro_auc": 0.4988107373327454,
  "train_per_digit_auc": {
    "0": 0.36560284175793467,
    "1": 0.48675004570278924,
    "2": 0.49291298034803177,
    "3": 0.498792359519889,
    "4": 0.5802649970108449,
    "5": 0.35200507692211935,
    "6": 0.3056586851234128,
    "7": 0.4999258890184517,
    "8": 0.6347986959431708,
    "9": 0.7713958019808086
  },
  "test_macro_auc": 0.4998482039634375,
  "test_per_digit_auc": {
    "0": 0.3766285313816672,
    "1": 0.48135348420918045,
    "2": 0.5048398860075711,
    "3": 0.5046622315498143,
    "4": 0.5640839936377746,
    "5": 0.3744461938186292,
    "6": 0.29953275376304245,
    "7": 0.50686211588224,
    "8": 0.6267908424950672,
    "9": 0.7592820068893888
  }
}