{
  "n_samples": 2000,
  "per_cluster": {
    "0": {
      "n": 11,
      "class_counts": {
        "0": 0,
        "1": 2,
        "2": 0,
        "3": 0,
        "4": 0,
        "5": 0,
        "6": 0,
        "7": 9,
        "8": 0,
        "9": 0
      },
      "class_density": {
        "0": 0.0,
        "1": 0.18181818181818182,
        "2": 0.0,
        "3": 0.0,
        "4": 0.0,
        "5": 0.0,
        "6": 0.0,
        "7": 0.8181818181818182,
        "8": 0.0,
        "9": 0.0
      },
      "entropy_nat": 0.4741
    },
    "1": {
      "n": 0,
      "class_counts": {
        "0": 0,
        "1": 0,
        "2": 0,
        "3": 0,
        "4": 0,
        "5": 0,
        "6": 0,
        "7": 0,
        "8": 0,
        "9": 0
      },
      "class_density": {
        "0": 0.0,
        "1": 0.0,
        "2": 0.0,
        "3": 0.0,
        "4": 0.0,
        "5": 0.0,
        "6": 0.0,
        "7": 0.0,
        "8": 0.0,
        "9": 0.0
      },
      "entropy_nat": 0.0
    },
    "2": {
      "n": 651,
      "class_counts": {
        "0": 61,
        "1": 62,
        "2": 46,
        "3": 39,
        "4": 63,
        "5": 40,
        "6": 53,
        "7": 123,
        "8": 73,
        "9": 91
      },
      "class_density": {
        "0": 0.09370199692780339,
        "1": 0.09523809523809523,
        "2": 0.0706605222734255,
        "3": 0.059907834101382486,
        "4": 0.0967741935483871,
        "5": 0.06144393241167435,
        "6": 0.08141321044546851,
        "7": 0.1889400921658986,
        "8": 0.11213517665130568,
        "9": 0.13978494623655913
      },
      "entropy_nat": 2.2385
    },
    "3": {
      "n": 0,
      "class_counts": {
        "0": 0,
        "1": 0,
        "2": 0,
        "3": 0,
        "4": 0,
        "5": 0,
        "6": 0,
        "7": 0,
        "8": 0,
        "9": 0
      },
      "class_density": {
        "0": 0.0,
        "1": 0.0,
        "2": 0.0,
        "3": 0.0,
        "4": 0.0,
        "5": 0.0,
        "6": 0.0,
        "7": 0.0,
        "8": 0.0,
        "9": 0.0
      },
      "entropy_nat": 0.0
    },
    "4": {
      "n": 0,
      "class_counts": {
        "0": 0,
        "1": 0,
        "2": 0,
        "3": 0,
        "4": 0,
        "5": 0,
        "6": 0,
        "7": 0,
        "8": 0,
        "9": 0
      },
      "class_density": {
        "0": 0.0,
        "1": 0.0,
        "2": 0.0,
        "3": 0.0,
        "4": 0.0,
        "5": 0.0,
        "6": 0.0,
        "7": 0.0,
        "8": 0.0,
        "9": 0.0
      },
      "entropy_nat": 0.0
    },
    "5": {
      "n": 0,
      "class_counts": {
        "0": 0,
        "1": 0,
        "2": 0,
        "3": 0,
        "4": 0,
        "5": 0,
        "6": 0,
        "7": 0,
        "8": 0,
        "9": 0
      },
      "class_density": {
        "0": 0.0,
        "1": 0.0,
        "2": 0.0,
        "3": 0.0,
        "4": 0.0,
        "5": 0.0,
        "6": 0.0,
        "7": 0.0,
        "8": 0.0,
        "9": 0.0
      },
      "entropy_nat": 0.0
    },
    "6": {
      "n": 8,
      "class_counts": {
        "0": 0,
        "1": 8,
        "2": 0,
        "3": 0,
        "4": 0,
        "5": 0,
        "6": 0,
        "7": 0,
        "8": 0,
        "9": 0
      },
      "class_density": {
        "0": 0.0,
        "1": 1.0,
        "2": 0.0,
        "3": 0.0,
        "4": 0.0,
        "5": 0.0,
        "6": 0.0,
        "7": 0.0,
        "8": 0.0,
        "9": 0.0
      },
      "entropy_nat": -0.0
    },
    "7": {
      "n": 0,
      "class_counts": {
        "0": 0,
        "1": 0,
        "2": 0,
        "3": 0,
        "4": 0,
        "5": 0,
        "6": 0,
        "7": 0,
        "8": 0,
        "9": 0
      },
      "class_density": {
        "0": 0.0,
        "1": 0.0,
        "2": 0.0,
        "3": 0.0,
        "4": 0.0,
        "5": 0.0,
        "6": 0.0,
        "7": 0.0,
        "8": 0.0,
        "9": 0.0
      },
      "entropy_nat": 0.0
    },
    "8": {
      "n": 44,
      "class_counts": {
        "0": 38,
        "1": 0,
        "2": 0,
        "3": 2,
        "4": 0,
        "5": 2,
        "6": 2,
        "7": 0,
        "8": 0,
        "9": 0
      },
      "class_density": {
        "0": 0.8636363636363636,
        "1": 0.0,
        "2": 0.0,
        "3": 0.045454545454545456,
        "4": 0.0,
        "5": 0.045454545454545456,
        "6": 0.045454545454545456,
        "7": 0.0,
        "8": 0.0,
        "9": 0.0
      },
      "entropy_nat": 0.5481
    },
    "9": {
      "n": 48,
      "class_counts": {
        "0": 8,
        "1": 0,
        "2": 0,
        "3": 0,
        "4": 2,
        "5": 0,
        "6": 23,
        "7": 11,
        "8": 3,
        "9": 1
      },
      "class_density": {
        "0": 0.16666666666666666,
        "1": 0.0,
        "2": 0.0,
        "3": 0.0,
        "4": 0.041666666666666664,
        "5": 0.0,
        "6": 0.4791666666666667,
        "7": 0.22916666666666666,
        "8": 0.0625,
        "9": 0.020833333333333332
      },
      "entropy_nat": 1.3751
    },
    "10": {
      "n": 2,
      "class_counts": {
        "0": 0,
        "1": 0,
        "2": 0,
        "3": 0,
        "4": 0,
        "5": 1,
        "6": 1,
        "7": 0,
        "8": 0,
        "9": 0
      },
      "class_density": {
        "0": 0.0,
        "1": 0.0,
        "2": 0.0,
        "3": 0.0,
        "4": 0.0,
        "5": 0.5,
        "6": 0.5,
        "7": 0.0,
        "8": 0.0,
        "9": 0.0
      },
      "entropy_nat": 0.6931
    },
    "11": {
      "n": 238,
      "class_counts": {
        "0": 10,
        "1": 8,
        "2": 94,
        "3": 59,
        "4": 3,
        "5": 2,
        "6": 46,
        "7": 3,
        "8": 12,
        "9": 1
      },
      "class_density": {
        "0": 0.04201680672268908,
        "1": 0.03361344537815126,
        "2": 0.3949579831932773,
        "3": 0.24789915966386555,
        "4": 0.012605042016806723,
        "5": 0.008403361344537815,
        "6": 0.19327731092436976,
        "7": 0.012605042016806723,
        "8": 0.05042016806722689,
        "9": 0.004201680672268907
      },
      "entropy_nat": 1.6016
    },
    "12": {
      "n": 0,
      "class_counts": {
        "0": 0,
        "1": 0,
        "2": 0,
        "3": 0,
        "4": 0,
        "5": 0,
        "6": 0,
        "7": 0,
        "8": 0,
        "9": 0
      },
      "class_density": {
        "0": 0.0,
        "1": 0.0,
        "2": 0.0,
        "3": 0.0,
        "4": 0.0,
        "5": 0.0,
        "6": 0.0,
        "7": 0.0,
        "8": 0.0,
        "9": 0.0
      },
      "entropy_nat": 0.0
    },
    "13": {
      "n": 0,
      "class_counts": {
        "0": 0,
        "1": 0,
        "2": 0,
        "3": 0,
        "4": 0,
        "5": 0,
        "6": 0,
        "7": 0,
        "8": 0,
        "9": 0
      },
      "class_density": {
        "0": 0.0,
        "1": 0.0,
        "2": 0.0,
        "3": 0.0,
        "4": 0.0,
        "5": 0.0,
        "6": 0.0,
        "7": 0.0,
        "8": 0.0,
        "9": 0.0
      },
      "entropy_nat": 0.0
    },
    "14": {
      "n": 693,
      "class_counts": {
        "0": 70,
        "1": 9,
        "2": 36,
        "3": 75,
        "4": 121,
        "5": 146,
        "6": 55,
        "7": 27,
        "8": 73,
        "9": 81
      },
      "class_density": {
        "0": 0.10101010101010101,
        "1": 0.012987012987012988,
        "2": 0.05194805194805195,
        "3": 0.10822510822510822,
        "4": 0.1746031746031746,
        "5": 0.2106782106782107,
        "6": 0.07936507936507936,
        "7": 0.03896103896103896,
        "8": 0.10533910533910534,
        "9": 0.11688311688311688
      },
      "entropy_nat": 2.1306
    },
    "15": {
      "n": 0,
      "class_counts": {
        "0": 0,
        "1": 0,
        "2": 0,
        "3": 0,
        "4": 0,
        "5": 0,
        "6": 0,
        "7": 0,
        "8": 0,
        "9": 0
      },
      "class_density": {
        "0": 0.0,
        "1": 0.0,
        "2": 0.0,