{
  "n_samples": 2000,
  "per_cluster": {
    "0": {
      "n": 9,
      "class_counts": {
        "0": 0,
        "1": 0,
        "2": 0,
        "3": 0,
        "4": 1,
        "5": 0,
        "6": 0,
        "7": 8,
        "8": 0,
        "9": 0
      },
      "class_density": {
        "0": 0.0,
        "1": 0.0,
        "2": 0.0,
        "3": 0.0,
        "4": 0.1111111111111111,
        "5": 0.0,
        "6": 0.0,
        "7": 0.8888888888888888,
        "8": 0.0,
        "9": 0.0
      },
      "entropy_nat": 0.3488
    },
    "1": {
      "n": 40,
      "class_counts": {
        "0": 0,
        "1": 28,
        "2": 5,
        "3": 3,
        "4": 0,
        "5": 1,
        "6": 1,
        "7": 1,
        "8": 0,
        "9": 1
      },
      "class_density": {
        "0": 0.0,
        "1": 0.7,
        "2": 0.125,
        "3": 0.075,
        "4": 0.0,
        "5": 0.025,
        "6": 0.025,
        "7": 0.025,
        "8": 0.0,
        "9": 0.025
      },
      "entropy_nat": 1.0728
    },
    "2": {
      "n": 0,
      "class_counts": {
        "0": 0,
        "1": 0,
        "2": 0,
        "3": 0,
        "4": 0,
        "5": 0,
        "6": 0,
        "7": 0,
        "8": 0,
        "9": 0
      },
      "class_density": {
        "0": 0.0,
        "1": 0.0,
        "2": 0.0,
        "3": 0.0,
        "4": 0.0,
        "5": 0.0,
        "6": 0.0,
        "7": 0.0,
        "8": 0.0,
        "9": 0.0
      },
      "entropy_nat": 0.0
    },
    "3": {
      "n": 0,
      "class_counts": {
        "0": 0,
        "1": 0,
        "2": 0,
        "3": 0,
        "4": 0,
        "5": 0,
        "6": 0,
        "7": 0,
        "8": 0,
        "9": 0
      },
      "class_density": {
        "0": 0.0,
        "1": 0.0,
        "2": 0.0,
        "3": 0.0,
        "4": 0.0,
        "5": 0.0,
        "6": 0.0,
        "7": 0.0,
        "8": 0.0,
        "9": 0.0
      },
      "entropy_nat": 0.0
    },
    "4": {
      "n": 0,
      "class_counts": {
        "0": 0,
        "1": 0,
        "2": 0,
        "3": 0,
        "4": 0,
        "5": 0,
        "6": 0,
        "7": 0,
        "8": 0,
        "9": 0
      },
      "class_density": {
        "0": 0.0,
        "1": 0.0,
        "2": 0.0,
        "3": 0.0,
        "4": 0.0,
        "5": 0.0,
        "6": 0.0,
        "7": 0.0,
        "8": 0.0,
        "9": 0.0
      },
      "entropy_nat": 0.0
    },
    "5": {
      "n": 827,
      "class_counts": {
        "0": 31,
        "1": 24,
        "2": 67,
        "3": 115,
        "4": 124,
        "5": 107,
        "6": 21,
        "7": 85,
        "8": 120,
        "9": 133
      },
      "class_density": {
        "0": 0.037484885126964934,
        "1": 0.02902055622732769,
        "2": 0.08101571946795647,
        "3": 0.13905683192261184,
        "4": 0.14993954050785974,
        "5": 0.1293833131801693,
        "6": 0.02539298669891173,
        "7": 0.10278113663845223,
        "8": 0.14510278113663846,
        "9": 0.1608222490931076
      },
      "entropy_nat": 2.154
    },
    "6": {
      "n": 218,
      "class_counts": {
        "0": 82,
        "1": 0,
        "2": 2,
        "3": 6,
        "4": 8,
        "5": 3,
        "6": 24,
        "7": 60,
        "8": 13,
        "9": 20
      },
      "class_density": {
        "0": 0.3761467889908257,
        "1": 0.0,
        "2": 0.009174311926605505,
        "3": 0.027522935779816515,
        "4": 0.03669724770642202,
        "5": 0.013761467889908258,
        "6": 0.11009174311926606,
        "7": 0.27522935779816515,
        "8": 0.05963302752293578,
        "9": 0.09174311926605505
      },
      "entropy_nat": 1.6753
    },
    "7": {
      "n": 36,
      "class_counts": {
        "0": 0,
        "1": 23,
        "2": 1,
        "3": 0,
        "4": 0,
        "5": 0,
        "6": 9,
        "7": 3,
        "8": 0,
        "9": 0
      },
      "class_density": {
        "0": 0.0,
        "1": 0.6388888888888888,
        "2": 0.027777777777777776,
        "3": 0.0,
        "4": 0.0,
        "5": 0.0,
        "6": 0.25,
        "7": 0.08333333333333333,
        "8": 0.0,
        "9": 0.0
      },
      "entropy_nat": 0.9394
    },
    "8": {
      "n": 233,
      "class_counts": {
        "0": 13,
        "1": 2,
        "2": 59,
        "3": 39,
        "4": 4,
        "5": 24,
        "6": 53,
        "7": 25,
        "8": 10,
        "9": 4
      },
      "class_density": {
        "0": 0.055793991416309016,
        "1": 0.008583690987124463,
        "2": 0.2532188841201717,
        "3": 0.16738197424892703,
        "4": 0.017167381974248927,
        "5": 0.10300429184549356,
        "6": 0.22746781115879827,
        "7": 0.1072961373390558,
        "8": 0.04291845493562232,
        "9": 0.017167381974248927
      },
      "entropy_nat": 1.934
    },
    "9": {
      "n": 0,
      "class_counts": {
        "0": 0,
        "1": 0,
        "2": 0,
        "3": 0,
        "4": 0,
        "5": 0,
        "6": 0,
        "7": 0,
        "8": 0,
        "9": 0
      },
      "class_density": {
        "0": 0.0,
        "1": 0.0,
        "2": 0.0,
        "3": 0.0,
        "4": 0.0,
        "5": 0.0,
        "6": 0.0,
        "7": 0.0,
        "8": 0.0,
        "9": 0.0
      },
      "entropy_nat": 0.0
    },
    "10": {
      "n": 0,
      "class_counts": {
        "0": 0,
        "1": 0,
        "2": 0,
        "3": 0,
        "4": 0,
        "5": 0,
        "6": 0,
        "7": 0,
        "8": 0,
        "9": 0
      },
      "class_density": {
        "0": 0.0,
        "1": 0.0,
        "2": 0.0,
        "3": 0.0,
        "4": 0.0,
        "5": 0.0,
        "6": 0.0,
        "7": 0.0,
        "8": 0.0,
        "9": 0.0
      },
      "entropy_nat": 0.0
    },
    "11": {
      "n": 19,
      "class_counts": {
        "0": 0,
        "1": 12,
        "2": 0,
        "3": 0,
        "4": 0,
        "5": 1,
        "6": 0,
        "7": 0,
        "8": 6,
        "9": 0
      },
      "class_density": {
        "0": 0.0,
        "1": 0.631578947368421,
        "2": 0.0,
        "3": 0.0,
        "4": 0.0,
        "5": 0.05263157894736842,
        "6": 0.0,
        "7": 0.0,
        "8": 0.3157894736842105,
        "9": 0.0
      },
      "entropy_nat": 0.8092
    },
    "12": {
      "n": 0,
      "class_counts": {
        "0": 0,
        "1": 0,
        "2": 0,
        "3": 0,
        "4": 0,
        "5": 0,
        "6": 0,
        "7": 0,
        "8": 0,
        "9": 0
      },
      "class_density": {
        "0": 0.0,
        "1": 0.0,
        "2": 0.0,
        "3": 0.0,
        "4": 0.0,
        "5": 0.0,
        "6": 0.0,
        "7": 0.0,
        "8": 0.0,
        "9": 0.0
      },
      "entropy_nat": 0.0
    },
    "13": {
      "n": 40,
      "class_counts": {
        "0": 0,
        "1": 37,
        "2": 1,
        "3": 1,
        "4": 0,
        "5": 0,
        "6": 0,
        "7": 1,
        "8": 0,
        "9": 0
      },
      "class_density": {
        "0": 0.0,
        "1": 0.925,
        "2": 0.025,
        "3": 0.025,
        "4": 0.0,
        "5": 0.0,
        "6": 0.0,
        "7": 0.025,
        "8": 0.0,
        "9": 0.0
      },
      "entropy_nat": 0.3488
    },
    "14": {
      "n": 0,
      "class_counts": {
        "0": 0,
        "1": 0,
        "2": 0,
        "3": 0,
        "4": 0,
        "5": 0,
        "6": 0,
        "7": 0,
        "8": 0,
        "9": 0
      },
      "class_density": {
        "0": 0.0,
        "1": 0.0,
        "2": 0.0,
        "3": 0.0,
        "4": 0.0,
        "5": 0.0,
        "6": 0.0,
        "7": 0.0,
        "8": 0.0,
        "9": 0.0
      },
      "entropy_nat": 0.0
    },
    "15": {
      "n": 12,
      "class_counts": {
        "0": 5,
        "1": 0,
        "2": 0,
        "3": 0,
        "4": 0,
        "5": 7,
        "6": 0,
        "7": 0,
        "8": 0,
        "9": 0
      },
      "class_density": {
        "0": 0.4166666666666667,
        "1": 0.0,
        "2": 0.0,
        "3": 0.0,
        "4": 0.0,