{
  "best_epoch": 1,
  "best_macro_auc": 0.8123121414815271,
  "per_digit_best_auc": {
    "0": 0.8913031710553887,
    "1": 0.956265989118635,
    "2": 0.6690978585545646,
    "3": 0.8167490653358063,
    "4": 0.655470983291693,
    "5": 0.7038163429716118,
    "6": 0.8870736155546282,
    "7": 0.8842031067409992,
    "8": 0.8222913235042619,
    "9": 0.8368499586876834
  },
  "curvature": 1.0,
  "objective": "soft-boundary",
  "lambda_excl": 0.0,
  "margin_excl": 0.1,
  "lambda_overlap": 0.0,
  "margin_overlap": 0.05
}