{
  "best_epoch": 55,
  "best_macro_auc": 0.9231978697354434,
  "per_digit_best_auc": {
    "0": 0.9652662963344635,
    "1": 0.9968543153049482,
    "2": 0.8918629538784364,
    "3": 0.8772107924770378,
    "4": 0.9208702323537157,
    "5": 0.9087988084379106,
    "6": 0.9740001263681506,
    "7": 0.9195584730297021,
    "8": 0.841124720169827,
    "9": 0.9364319790002416
  },
  "curvature": 1.0,
  "objective": "soft-boundary",
  "lambda_excl": 0.0,
  "margin_excl": 0.1,
  "lambda_overlap": 0.01,
  "margin_overlap": 0.05
}