{
  "version": 2,
  "checkpoint_selection": "min_training_loss",
  "best_epoch": 20,
  "best_training_loss": 0.656988347118551,
  "macro_auc_test_at_best_epoch": 0.500495656349937,
  "per_digit_auc_at_best_epoch": {
    "0": 0.3427722096904837,
    "1": 0.31154916251118786,
    "2": 0.720050020558336,
    "3": 0.6715769799211908,
    "4": 0.44997710829760196,
    "5": 0.3560895544687109,
    "6": 0.5722902216899441,
    "7": 0.5289406152766976,
    "8": 0.6461651762397556,
    "9": 0.40554551484546075
  },
  "macro_auc_test_pruned_active_spheres": 0.5001429252997879,
  "per_digit_auc_test_pruned_active_spheres": {
    "0": 0.3977535247894739,
    "1": 0.2934966372586626,
    "2": 0.7002441479633069,
    "3": 0.6481646396329079,
    "4": 0.4426025211175661,
    "5": 0.27449206791844444,
    "6": 0.6033251194035423,
    "7": 0.530462013399812,
    "8": 0.5723131066321545,
    "9": 0.5385754748820077
  },
  "curvature": 1.0,
  "n_spheres": 30,
  "geometry": "hyperbolic",
  "train_normal_digits": [
    2
  ],
  "test_digits": [
    0,
    1,
    2,
    3,
    4,
    5,
    6,
    7,
    8,
    9
  ],
  "objective": "union-soft",
  "unsupervised": true,
  "ae_checkpoint": "samplesvdd/hySpUnsup/runs/my_v3_ae200_stage1/ae_stage1_ep200.pth",
  "prune": {
    "train_argmin_counts": [
      57,
      78,
      55,
      88,
      477,
      632,
      638,
      257,
      67,
      71,
      835,
      35,
      77,
      36,
      227,
      101,
      70,
      21,
      12,
      146,
      304,
      10,
      913,
      28,
      94,
      30,
      38,
      15,
      24,
      149
    ],
    "silhouette_mean_per_cluster_euclidean_z": {
      "0": null,
      "1": null,
      "2": null,
      "3": null,
      "4": null,
      "5": null,
      "6": null,
      "7": null,
      "8": null,
      "9": null,
      "10": null,
      "11": null,
      "12": null,
      "13": null,
      "14": null,
      "15": null,
      "16": null,
      "17": null,
      "18": null,
      "19": null,
      "20": null,
      "21": null,
      "22": null,
      "23": null,
      "24": null,
      "25": null,
      "26": null,
      "27": null,
      "28": null,
      "29": null
    },
    "active_cluster_mask": [
      false,
      false,
      false,
      false,
      true,
      true,
      true,
      true,
      false,
      false,
      true,
      false,
      false,
      false,
      true,
      true,
      false,
      false,
      false,
      true,
      true,
      false,
      true,
      false,
      false,
      false,
      false,
      false,
      false,
      true
    ]
  },
  "split_overloaded": {
    "enabled": true,
    "max_cluster_fraction": 0.2,
    "applied": false,
    "n_train": 5585,
    "cap_count": 1117,
    "counts_before": [
      0,
      0,
      0,
      0,
      640,
      703,
      908,
      304,
      0,
      0,
      1034,
      0,
      0,
      0,
      227,
      129,
      0,
      0,
      0,
      173,
      327,
      0,
      991,
      0,
      0,
      0,
      0,
      0,
      0,
      149
    ],
    "overloaded_clusters": [],
    "spare_inactive_clusters": [
      0,
      1,
      2,
      3,
      8,
      9,
      11,
      12,
      13,
      16,
      17,
      18,
      21,
      23,
      24,
      25,
      26,
      27,
      28
    ],
    "splits": []
  },
  "hybrid_rebalance": {
    "enabled": true,
    "lb_min_cluster_members": 100,
    "ub_max_cluster_fraction": 0.2,
    "max_iters": 4,
    "hard_cap_enabled": true,
    "chaos_factor": 0.15,
    "iterations": [
      {
        "iter": 1,
        "lb": {
          "enabled": true,
          "counts": [
            57,
            78,
            55,
            88,
            477,
            632,
            638,
            257,
            67,
            71,
            835,
            35,
            77,
            36,
            227,
            101,
            70,
            21,
            12,
            146,
            304,
            10,
            913,
            28,
            94,
            30,
            38,
            15,
            24,
            149
          ],
          "active_before": [
            false,
            false,
            false,
            false,
            true,
            true,
            true,
            true,
            false,
            false,
            true,
            false,
            false,
            false,
            true,
            true,
            false,
            false,
            false,
            true,
            true,
            false,
            true,
            false,
            false,
            false,
            false,
            false,
            false,
            true
          ],
          "active_after": [
            false,
            false,
            false,
            false,
            true,
            true,
            true,
            true,
            false,
            false,
            true,
            false,
            false,
            false,
            true,
            true,
            false,
            false,
            false,
            true,
            true,
            false,
            true,
            false,
            false,
            false,
            false,
            false,
            false,
            true
          ],
          "changed": false
        },
        "ub": {
          "enabled": true,
          "max_cluster_fraction": 0.2,
          "applied": false,
          "n_train": 5585,
          "cap_count": 1117,
          "counts_before": [
            0,
            0,
            0,
            0,
            640,
            703,
            908,
            304,
            0,
            0,
            1034,
            0,
            0,
            0,
            227,
            129,
            0,
            0,
            0,
            173,
            327,
            0,
            991,
            0,
            0,
            0,
            0,
            0,
            0,
            149
          ],
          "overloaded_clusters": [],
          "spare_inactive_clusters": [
            0,
            1,
            2,
            3,
            8,
            9,
            11,
            12,
            13,
            16,
            17,
            18,
            21,
            23,
            24,
            25,
            26,
            27,
            28
          ],
          "splits": []
        },
        "hard_cap": {
          "enabled": true,
          "max_cluster_fraction": 0.2,
          "chaos_factor": 0.15,
          "applied": false,
          "n_train": 5585,
          "cap_count": 1117,
          "counts_before": [
            0,
            0,
            0,
            0,
            640,
            703,
            908,
            304,
            0,
            0,
            1034,
            0,
            0,
            0,
            227,
            129,
            0,
            0,
            0,
            173,
            327,
            0,
            991,
            0,
            0,
            0,
            0,
            0,
            0,
            149
          ],
          "counts_after": [
            0,
            0,
            0,
            0,
            640,
            703,
            908,
            304,
            0,
            0,
            1034,
            0,
            0,
            0,
            227,
            129,
            0,
            0,
            0,
            173,
            327,
            0,
            991,
            0,
            0,
            0,
            0,
            0,
            0,
            149
          ],
          "overflow_reassigned": 0
        },
        "changed": false
      }
    ],
    "applied": false,