{
  "n_samples": 2000,
  "per_cluster": {
    "0": {
      "n": 0,
      "class_counts": {
        "0": 0,
        "1": 0,
        "2": 0,
        "3": 0,
        "4": 0,
        "5": 0,
        "6": 0,
        "7": 0,
        "8": 0,
        "9": 0
      },
      "class_density": {
        "0": 0.0,
        "1": 0.0,
        "2": 0.0,
        "3": 0.0,
        "4": 0.0,
        "5": 0.0,
        "6": 0.0,
        "7": 0.0,
        "8": 0.0,
        "9": 0.0
      },
      "entropy_nat": 0.0
    },
    "1": {
      "n": 0,
      "class_counts": {
        "0": 0,
        "1": 0,
        "2": 0,
        "3": 0,
        "4": 0,
        "5": 0,
        "6": 0,
        "7": 0,
        "8": 0,
        "9": 0
      },
      "class_density": {
        "0": 0.0,
        "1": 0.0,
        "2": 0.0,
        "3": 0.0,
        "4": 0.0,
        "5": 0.0,
        "6": 0.0,
        "7": 0.0,
        "8": 0.0,
        "9": 0.0
      },
      "entropy_nat": 0.0
    },
    "2": {
      "n": 0,
      "class_counts": {
        "0": 0,
        "1": 0,
        "2": 0,
        "3": 0,
        "4": 0,
        "5": 0,
        "6": 0,
        "7": 0,
        "8": 0,
        "9": 0
      },
      "class_density": {
        "0": 0.0,
        "1": 0.0,
        "2": 0.0,
        "3": 0.0,
        "4": 0.0,
        "5": 0.0,
        "6": 0.0,
        "7": 0.0,
        "8": 0.0,
        "9": 0.0
      },
      "entropy_nat": 0.0
    },
    "3": {
      "n": 0,
      "class_counts": {
        "0": 0,
        "1": 0,
        "2": 0,
        "3": 0,
        "4": 0,
        "5": 0,
        "6": 0,
        "7": 0,
        "8": 0,
        "9": 0
      },
      "class_density": {
        "0": 0.0,
        "1": 0.0,
        "2": 0.0,
        "3": 0.0,
        "4": 0.0,
        "5": 0.0,
        "6": 0.0,
        "7": 0.0,
        "8": 0.0,
        "9": 0.0
      },
      "entropy_nat": 0.0
    },
    "4": {
      "n": 122,
      "class_counts": {
        "0": 37,
        "1": 5,
        "2": 22,
        "3": 28,
        "4": 0,
        "5": 15,
        "6": 0,
        "7": 2,
        "8": 13,
        "9": 0
      },
      "class_density": {
        "0": 0.30327868852459017,
        "1": 0.040983606557377046,
        "2": 0.18032786885245902,
        "3": 0.22950819672131148,
        "4": 0.0,
        "5": 0.12295081967213115,
        "6": 0.0,
        "7": 0.01639344262295082,
        "8": 0.10655737704918032,
        "9": 0.0
      },
      "entropy_nat": 1.7031
    },
    "5": {
      "n": 94,
      "class_counts": {
        "0": 0,
        "1": 31,
        "2": 24,
        "3": 13,
        "4": 6,
        "5": 2,
        "6": 12,
        "7": 0,
        "8": 6,
        "9": 0
      },
      "class_density": {
        "0": 0.0,
        "1": 0.32978723404255317,
        "2": 0.2553191489361702,
        "3": 0.13829787234042554,
        "4": 0.06382978723404255,
        "5": 0.02127659574468085,
        "6": 0.1276595744680851,
        "7": 0.0,
        "8": 0.06382978723404255,
        "9": 0.0
      },
      "entropy_nat": 1.684
    },
    "6": {
      "n": 24,
      "class_counts": {
        "0": 0,
        "1": 0,
        "2": 20,
        "3": 4,
        "4": 0,
        "5": 0,
        "6": 0,
        "7": 0,
        "8": 0,
        "9": 0
      },
      "class_density": {
        "0": 0.0,
        "1": 0.0,
        "2": 0.8333333333333334,
        "3": 0.16666666666666666,
        "4": 0.0,
        "5": 0.0,
        "6": 0.0,
        "7": 0.0,
        "8": 0.0,
        "9": 0.0
      },
      "entropy_nat": 0.4506
    },
    "7": {
      "n": 30,
      "class_counts": {
        "0": 0,
        "1": 2,
        "2": 8,
        "3": 11,
        "4": 0,
        "5": 7,
        "6": 0,
        "7": 0,
        "8": 2,
        "9": 0
      },
      "class_density": {
        "0": 0.0,
        "1": 0.06666666666666667,
        "2": 0.26666666666666666,
        "3": 0.36666666666666664,
        "4": 0.0,
        "5": 0.23333333333333334,
        "6": 0.0,
        "7": 0.0,
        "8": 0.06666666666666667,
        "9": 0.0
      },
      "entropy_nat": 1.421
    },
    "8": {
      "n": 0,
      "class_counts": {
        "0": 0,
        "1": 0,
        "2": 0,
        "3": 0,
        "4": 0,
        "5": 0,
        "6": 0,
        "7": 0,
        "8": 0,
        "9": 0
      },
      "class_density": {
        "0": 0.0,
        "1": 0.0,
        "2": 0.0,
        "3": 0.0,
        "4": 0.0,
        "5": 0.0,
        "6": 0.0,
        "7": 0.0,
        "8": 0.0,
        "9": 0.0
      },
      "entropy_nat": 0.0
    },
    "9": {
      "n": 0,
      "class_counts": {
        "0": 0,
        "1": 0,
        "2": 0,
        "3": 0,
        "4": 0,
        "5": 0,
        "6": 0,
        "7": 0,
        "8": 0,
        "9": 0
      },
      "class_density": {
        "0": 0.0,
        "1": 0.0,
        "2": 0.0,
        "3": 0.0,
        "4": 0.0,
        "5": 0.0,
        "6": 0.0,
        "7": 0.0,
        "8": 0.0,
        "9": 0.0
      },
      "entropy_nat": 0.0
    },
    "10": {
      "n": 449,
      "class_counts": {
        "0": 11,
        "1": 34,
        "2": 32,
        "3": 51,
        "4": 91,
        "5": 101,
        "6": 8,
        "7": 4,
        "8": 70,
        "9": 47
      },
      "class_density": {
        "0": 0.024498886414253896,
        "1": 0.0757238307349666,
        "2": 0.07126948775055679,
        "3": 0.11358574610244988,
        "4": 0.2026726057906459,
        "5": 0.22494432071269488,
        "6": 0.017817371937639197,
        "7": 0.008908685968819599,
        "8": 0.155902004454343,
        "9": 0.10467706013363029
      },
      "entropy_nat": 2.0205
    },
    "11": {
      "n": 0,
      "class_counts": {
        "0": 0,
        "1": 0,
        "2": 0,
        "3": 0,
        "4": 0,
        "5": 0,
        "6": 0,
        "7": 0,
        "8": 0,
        "9": 0
      },
      "class_density": {
        "0": 0.0,
        "1": 0.0,
        "2": 0.0,
        "3": 0.0,
        "4": 0.0,
        "5": 0.0,
        "6": 0.0,
        "7": 0.0,
        "8": 0.0,
        "9": 0.0
      },
      "entropy_nat": 0.0
    },
    "12": {
      "n": 0,
      "class_counts": {
        "0": 0,
        "1": 0,
        "2": 0,
        "3": 0,
        "4": 0,
        "5": 0,
        "6": 0,
        "7": 0,
        "8": 0,
        "9": 0
      },
      "class_density": {
        "0": 0.0,
        "1": 0.0,
        "2": 0.0,
        "3": 0.0,
        "4": 0.0,
        "5": 0.0,
        "6": 0.0,
        "7": 0.0,
        "8": 0.0,
        "9": 0.0
      },
      "entropy_nat": 0.0
    },
    "13": {
      "n": 0,
      "class_counts": {
        "0": 0,
        "1": 0,
        "2": 0,
        "3": 0,
        "4": 0,
        "5": 0,
        "6": 0,
        "7": 0,
        "8": 0,
        "9": 0
      },
      "class_density": {
        "0": 0.0,
        "1": 0.0,
        "2": 0.0,
        "3": 0.0,
        "4": 0.0,
        "5": 0.0,
        "6": 0.0,
        "7": 0.0,
        "8": 0.0,
        "9": 0.0
      },
      "entropy_nat": 0.0
    },
    "14": {
      "n": 123,
      "class_counts": {
        "0": 0,
        "1": 0,
        "2": 10,
        "3": 11,
        "4": 13,
        "5": 29,
        "6": 40,
        "7": 1,
        "8": 10,
        "9": 9
      },
      "class_density": {
        "0": 0.0,
        "1": 0.0,
        "2": 0.08130081300813008,
        "3": 0.08943089430894309,
        "4": 0.10569105691056911,
        "5": 0.23577235772357724,
        "6": 0.3252032520325203,
        "7": 0.008130081300813009,
        "8": 0.08130081300813008,
        "9": 0.07317073170731707
      },
      "entropy_nat": 1.7979
    },
    "15": {
      "n": 10,
      "class_counts": {
        "0": 0,
        "1": 0,
        "2": 4,
        "3": 5,
        "4": 0,
        "5": 1,
        "6": 0,
        "7": 0,
        "8": 0,
        "9": 0
      },
      "class_density": {
        "0": 0.0,
        "1": 0.0,
        "2": 0.4,
        "3": 0.5,
        "4": 0.0,
        "5": 0.1,