{
  "version": 2,
  "checkpoint_selection": "min_training_loss",
  "best_epoch": 20,
  "best_training_loss": 0.43043756802031335,
  "macro_auc_test_at_best_epoch": 0.496330591755044,
  "per_digit_auc_at_best_epoch": {
    "0": 0.8296278090965458,
    "1": 0.7834390742871755,
    "2": 0.44605089960442923,
    "3": 0.589864481755804,
    "4": 0.2905324664006422,
    "5": 0.45727976003249715,
    "6": 0.5015457984025917,
    "7": 0.24980516383165843,
    "8": 0.5405482482413448,
    "9": 0.27461221589775114
  },
  "macro_auc_test_pruned_active_spheres": 0.4968610867451758,
  "per_digit_auc_test_pruned_active_spheres": {
    "0": 0.8776888791748202,
    "1": 0.7517648894003324,
    "2": 0.44704538429910246,
    "3": 0.5922272013907817,
    "4": 0.26816146507834976,
    "5": 0.4805712099699545,
    "6": 0.5433126549086846,
    "7": 0.24048719042278693,
    "8": 0.5492938017337172,
    "9": 0.2180581910732283
  },
  "curvature": 1.0,
  "n_spheres": 30,
  "train_normal_digits": [
    0,
    1
  ],
  "test_digits": [
    0,
    1,
    2,
    3,
    4,
    5,
    6,
    7,
    8,
    9
  ],
  "objective": "union-soft",
  "unsupervised": true,
  "ae_checkpoint": "samplesvdd/hySpUnsup/runs/my_v3_ae200_stage1/ae_stage1_ep200.pth",
  "prune": {
    "train_argmin_counts": [
      125,
      432,
      344,
      505,
      237,
      80,
      415,
      1672,
      209,
      290,
      184,
      78,
      98,
      806,
      593,
      357,
      169,
      147,
      212,
      323,
      331,
      1805,
      141,
      132,
      68,
      76,
      199,
      1438,
      325,
      31
    ],
    "silhouette_mean_per_cluster_euclidean_z": {
      "0": null,
      "1": null,
      "2": null,
      "3": null,
      "4": null,
      "5": null,
      "6": null,
      "7": null,
      "8": null,
      "9": null,
      "10": null,
      "11": null,
      "12": null,
      "13": null,
      "14": null,
      "15": null,
      "16": null,
      "17": null,
      "18": null,
      "19": null,
      "20": null,
      "21": null,
      "22": null,
      "23": null,
      "24": null,
      "25": null,
      "26": null,
      "27": null,
      "28": null,
      "29": null
    },
    "active_cluster_mask": [
      true,
      true,
      true,
      true,
      true,
      true,
      true,
      true,
      true,
      true,
      true,
      true,
      true,
      true,
      true,
      true,
      true,
      true,
      true,
      true,
      true,
      true,
      true,
      true,
      true,
      true,
      true,
      true,
      true,
      false
    ]
  },
  "split_overloaded": {
    "enabled": true,
    "max_cluster_fraction": 0.2,
    "applied": false,
    "n_train": 11822,
    "cap_count": 2365,
    "counts_before": [
      125,
      432,
      344,
      505,
      237,
      80,
      415,
      1672,
      209,
      290,
      185,
      78,
      98,
      806,
      593,
      357,
      169,
      147,
      212,
      333,
      331,
      1825,
      141,
      132,
      68,
      76,
      199,
      1438,
      325,
      0
    ],
    "overloaded_clusters": [],
    "spare_inactive_clusters": [
      29
    ],
    "splits": []
  },
  "hybrid_rebalance": {
    "enabled": true,
    "lb_min_cluster_members": 50,
    "ub_max_cluster_fraction": 0.2,
    "max_iters": 4,
    "hard_cap_enabled": true,
    "chaos_factor": 0.15,
    "iterations": [
      {
        "iter": 1,
        "lb": {
          "enabled": true,
          "counts": [
            125,
            432,
            344,
            505,
            237,
            80,
            415,
            1672,
            209,
            290,
            184,
            78,
            98,
            806,
            593,
            357,
            169,
            147,
            212,
            323,
            331,
            1805,
            141,
            132,
            68,
            76,
            199,
            1438,
            325,
            31
          ],
          "active_before": [
            true,
            true,
            true,
            true,
            true,
            true,
            true,
            true,
            true,
            true,
            true,
            true,
            true,
            true,
            true,
            true,
            true,
            true,
            true,
            true,
            true,
            true,
            true,
            true,
            true,
            true,
            true,
            true,
            true,
            false
          ],
          "active_after": [
            true,
            true,
            true,
            true,
            true,
            true,
            true,
            true,
            true,
            true,
            true,
            true,
            true,
            true,
            true,
            true,
            true,
            true,
            true,
            true,
            true,
            true,
            true,
            true,
            true,
            true,
            true,
            true,
            true,
            false
          ],
          "changed": false
        },
        "ub": {
          "enabled": true,
          "max_cluster_fraction": 0.2,
          "applied": false,
          "n_train": 11822,
          "cap_count": 2365,
          "counts_before": [
            125,
            432,
            344,
            505,
            237,
            80,
            415,
            1672,
            209,
            290,
            185,
            78,
            98,
            806,
            593,
            357,
            169,
            147,
            212,
            333,
            331,
            1825,
            141,
            132,
            68,
            76,
            199,
            1438,
            325,
            0
          ],
          "overloaded_clusters": [],
          "spare_inactive_clusters": [
            29
          ],
          "splits": []
        },
        "hard_cap": {
          "enabled": true,
          "max_cluster_fraction": 0.2,
          "chaos_factor": 0.15,
          "applied": false,
          "n_train": 11822,
          "cap_count": 2365,
          "counts_before": [
            125,
            432,
            344,
            505,
            237,
            80,
            415,
            1672,
            209,
            290,
            186,
            78,
            98,
            806,
            593,
            357,
            169,
            147,
            212,
            333,
            331,
            1825,
            141,
            132,
            68,
            76,
            198,
            1438,
            325,
            0
          ],
          "counts_after": [
            125,
            432,
            344,
            505,
            237,
            80,
            415,
            1672,
            209,
            290,
            186,
            78,
            98,
            806,
            593,
            357,
            169,
            147,
            212,
            333,
            331,
            1825,
            141,
            132,
            68,
            76,
            198,
            1438,
            325,
            0
          ],
          "overflow_reassigned": 0
        },
        "changed": false
      }
    ],
    "applied": false,
    "active_cluster_mask_after_hybrid": [
      true,
      true,
      true,
      true,
      true,
      true,
      true,
      true,
      true,
      true,
      true,
      true,
      true,
      true,
      true,
      true,
      true,
      true,
      true,
      true,
      true,
      true,
      true,
      true,
      true,
      true,
      true,
      true,
      true,
      false
    ]
  },
  "union_test_metrics_active_spheres": {
    "union_frac_inside": 0.08950197061984952,