{
  "n_samples": 2000,
  "per_cluster": {
    "0": {
      "n": 6,
      "class_counts": {
        "0": 0,
        "1": 6,
        "2": 0,
        "3": 0,
        "4": 0,
        "5": 0,
        "6": 0,
        "7": 0,
        "8": 0,
        "9": 0
      },
      "class_density": {
        "0": 0.0,
        "1": 1.0,
        "2": 0.0,
        "3": 0.0,
        "4": 0.0,
        "5": 0.0,
        "6": 0.0,
        "7": 0.0,
        "8": 0.0,
        "9": 0.0
      },
      "entropy_nat": -0.0
    },
    "1": {
      "n": 11,
      "class_counts": {
        "0": 0,
        "1": 10,
        "2": 0,
        "3": 1,
        "4": 0,
        "5": 0,
        "6": 0,
        "7": 0,
        "8": 0,
        "9": 0
      },
      "class_density": {
        "0": 0.0,
        "1": 0.9090909090909091,
        "2": 0.0,
        "3": 0.09090909090909091,
        "4": 0.0,
        "5": 0.0,
        "6": 0.0,
        "7": 0.0,
        "8": 0.0,
        "9": 0.0
      },
      "entropy_nat": 0.3046
    },
    "2": {
      "n": 17,
      "class_counts": {
        "0": 0,
        "1": 15,
        "2": 0,
        "3": 2,
        "4": 0,
        "5": 0,
        "6": 0,
        "7": 0,
        "8": 0,
        "9": 0
      },
      "class_density": {
        "0": 0.0,
        "1": 0.8823529411764706,
        "2": 0.0,
        "3": 0.11764705882352941,
        "4": 0.0,
        "5": 0.0,
        "6": 0.0,
        "7": 0.0,
        "8": 0.0,
        "9": 0.0
      },
      "entropy_nat": 0.3622
    },
    "3": {
      "n": 46,
      "class_counts": {
        "0": 19,
        "1": 0,
        "2": 0,
        "3": 0,
        "4": 5,
        "5": 0,
        "6": 1,
        "7": 1,
        "8": 6,
        "9": 14
      },
      "class_density": {
        "0": 0.41304347826086957,
        "1": 0.0,
        "2": 0.0,
        "3": 0.0,
        "4": 0.10869565217391304,
        "5": 0.0,
        "6": 0.021739130434782608,
        "7": 0.021739130434782608,
        "8": 0.13043478260869565,
        "9": 0.30434782608695654
      },
      "entropy_nat": 1.4006
    },
    "4": {
      "n": 5,
      "class_counts": {
        "0": 0,
        "1": 5,
        "2": 0,
        "3": 0,
        "4": 0,
        "5": 0,
        "6": 0,
        "7": 0,
        "8": 0,
        "9": 0
      },
      "class_density": {
        "0": 0.0,
        "1": 1.0,
        "2": 0.0,
        "3": 0.0,
        "4": 0.0,
        "5": 0.0,
        "6": 0.0,
        "7": 0.0,
        "8": 0.0,
        "9": 0.0
      },
      "entropy_nat": -0.0
    },
    "5": {
      "n": 1,
      "class_counts": {
        "0": 0,
        "1": 1,
        "2": 0,
        "3": 0,
        "4": 0,
        "5": 0,
        "6": 0,
        "7": 0,
        "8": 0,
        "9": 0
      },
      "class_density": {
        "0": 0.0,
        "1": 1.0,
        "2": 0.0,
        "3": 0.0,
        "4": 0.0,
        "5": 0.0,
        "6": 0.0,
        "7": 0.0,
        "8": 0.0,
        "9": 0.0
      },
      "entropy_nat": -0.0
    },
    "6": {
      "n": 13,
      "class_counts": {
        "0": 0,
        "1": 13,
        "2": 0,
        "3": 0,
        "4": 0,
        "5": 0,
        "6": 0,
        "7": 0,
        "8": 0,
        "9": 0
      },
      "class_density": {
        "0": 0.0,
        "1": 1.0,
        "2": 0.0,
        "3": 0.0,
        "4": 0.0,
        "5": 0.0,
        "6": 0.0,
        "7": 0.0,
        "8": 0.0,
        "9": 0.0
      },
      "entropy_nat": -0.0
    },
    "7": {
      "n": 91,
      "class_counts": {
        "0": 0,
        "1": 62,
        "2": 12,
        "3": 1,
        "4": 3,
        "5": 0,
        "6": 11,
        "7": 1,
        "8": 1,
        "9": 0
      },
      "class_density": {
        "0": 0.0,
        "1": 0.6813186813186813,
        "2": 0.13186813186813187,
        "3": 0.01098901098901099,
        "4": 0.03296703296703297,
        "5": 0.0,
        "6": 0.12087912087912088,
        "7": 0.01098901098901099,
        "8": 0.01098901098901099,
        "9": 0.0
      },
      "entropy_nat": 1.0452
    },
    "8": {
      "n": 8,
      "class_counts": {
        "0": 0,
        "1": 8,
        "2": 0,
        "3": 0,
        "4": 0,
        "5": 0,
        "6": 0,
        "7": 0,
        "8": 0,
        "9": 0
      },
      "class_density": {
        "0": 0.0,
        "1": 1.0,
        "2": 0.0,
        "3": 0.0,
        "4": 0.0,
        "5": 0.0,
        "6": 0.0,
        "7": 0.0,
        "8": 0.0,
        "9": 0.0
      },
      "entropy_nat": -0.0
    },
    "9": {
      "n": 7,
      "class_counts": {
        "0": 0,
        "1": 7,
        "2": 0,
        "3": 0,
        "4": 0,
        "5": 0,
        "6": 0,
        "7": 0,
        "8": 0,
        "9": 0
      },
      "class_density": {
        "0": 0.0,
        "1": 1.0,
        "2": 0.0,
        "3": 0.0,
        "4": 0.0,
        "5": 0.0,
        "6": 0.0,
        "7": 0.0,
        "8": 0.0,
        "9": 0.0
      },
      "entropy_nat": -0.0
    },
    "10": {
      "n": 7,
      "class_counts": {
        "0": 7,
        "1": 0,
        "2": 0,
        "3": 0,
        "4": 0,
        "5": 0,
        "6": 0,
        "7": 0,
        "8": 0,
        "9": 0
      },
      "class_density": {
        "0": 1.0,
        "1": 0.0,
        "2": 0.0,
        "3": 0.0,
        "4": 0.0,
        "5": 0.0,
        "6": 0.0,
        "7": 0.0,
        "8": 0.0,
        "9": 0.0
      },
      "entropy_nat": -0.0
    },
    "11": {
      "n": 4,
      "class_counts": {
        "0": 3,
        "1": 0,
        "2": 0,
        "3": 0,
        "4": 0,
        "5": 0,
        "6": 0,
        "7": 0,
        "8": 1,
        "9": 0
      },
      "class_density": {
        "0": 0.75,
        "1": 0.0,
        "2": 0.0,
        "3": 0.0,
        "4": 0.0,
        "5": 0.0,
        "6": 0.0,
        "7": 0.0,
        "8": 0.25,
        "9": 0.0
      },
      "entropy_nat": 0.5623
    },
    "12": {
      "n": 8,
      "class_counts": {
        "0": 0,
        "1": 7,
        "2": 1,
        "3": 0,
        "4": 0,
        "5": 0,
        "6": 0,
        "7": 0,
        "8": 0,
        "9": 0
      },
      "class_density": {
        "0": 0.0,
        "1": 0.875,
        "2": 0.125,
        "3": 0.0,
        "4": 0.0,
        "5": 0.0,
        "6": 0.0,
        "7": 0.0,
        "8": 0.0,
        "9": 0.0
      },
      "entropy_nat": 0.3768
    },
    "13": {
      "n": 79,
      "class_counts": {
        "0": 25,
        "1": 0,
        "2": 5,
        "3": 5,
        "4": 3,
        "5": 26,
        "6": 0,
        "7": 3,
        "8": 9,
        "9": 3
      },
      "class_density": {
        "0": 0.31645569620253167,
        "1": 0.0,
        "2": 0.06329113924050633,
        "3": 0.06329113924050633,
        "4": 0.0379746835443038,
        "5": 0.3291139240506329,
        "6": 0.0,
        "7": 0.0379746835443038,
        "8": 0.11392405063291139,
        "9": 0.0379746835443038
      },
      "entropy_nat": 1.6993
    },
    "14": {
      "n": 282,
      "class_counts": {
        "0": 33,
        "1": 6,
        "2": 83,
        "3": 71,
        "4": 15,
        "5": 25,
        "6": 34,
        "7": 3,
        "8": 12,
        "9": 0
      },
      "class_density": {
        "0": 0.11702127659574468,
        "1": 0.02127659574468085,
        "2": 0.29432624113475175,
        "3": 0.25177304964539005,
        "4": 0.05319148936170213,
        "5": 0.08865248226950355,
        "6": 0.12056737588652482,
        "7": 0.010638297872340425,
        "8": 0.0425531914893617,
        "9": 0.0
      },
      "entropy_nat": 1.8488
    },
    "15": {
      "n": 10,
      "class_counts": {
        "0": 0,
        "1": 10,
        "2": 0,
        "3": 0,
        "4": 0,
        "5": 0,
        "6": 0,
        "7": 0,
        "8": 0,
        "9": 0
      },
      "class_density": {
        "0": 0.0,
        "1": 1.0,
        "2": 0.0,
        "3": 0.0,
        "4": 0.0,
        "5": 0.0,
        "6": 0.0,
        "7": 0.0,
        "8": 0.0,