{
  "run_dir": "samplesvdd/hySpUnsup/runs/sensitivity_v3/grid_lb100_ub0p30",
  "checkpoint": "samplesvdd/hySpUnsup/runs/sensitivity_v3/grid_lb100_ub0p30/checkpoint_v2.pth",
  "n_spheres": 30,
  "curvature": 1.0,
  "objective": "union-soft",
  "active_cluster_mask": [
    true,
    true,
    false,
    false,
    true,
    true,
    false,
    false,
    false,
    false,
    false,
    false,
    true,
    false,
    false,
    false,
    false,
    false,
    false,
    false,
    false,
    true,
    false,
    false,
    false,
    false,
    false,
    false,
    false,
    false
  ],
  "train_macro_auc": 0.49984163301880713,
  "train_per_digit_auc": {
    "0": 0.7183229687270487,
    "1": 0.521491901843701,
    "2": 0.6429615735768086,
    "3": 0.5882101407983089,
    "4": 0.36863385013216027,
    "5": 0.4108654321938559,
    "6": 0.7834304249833355,
    "7": 0.29414252839917315,
    "8": 0.3450219582591243,
    "9": 0.32533555127455516
  },
  "test_macro_auc": 0.49862366047782014,
  "test_per_digit_auc": {
    "0": 0.7225106695441135,
    "1": 0.5145008566679452,
    "2": 0.6448356609150587,
    "3": 0.5781010984481292,
    "4": 0.3634902246910442,
    "5": 0.4169406868825718,
    "6": 0.7873456082759651,
    "7": 0.3042780603468648,
    "8": 0.3324297132274731,
    "9": 0.3218040257790363
  }
}