{
  "version": 2,
  "best_epoch": 10,
  "best_macro_auc": 0.5032974545824669,
  "per_digit_best_auc": {
    "0": 0.4433900202105776,
    "1": 0.3373857872147319,
    "2": 0.5300667984695934,
    "3": 0.564709659965837,
    "4": 0.4838194267323773,
    "5": 0.5942062515329024,
    "6": 0.37615528684696864,
    "7": 0.4625293768876615,
    "8": 0.5870241575081684,
    "9": 0.6536877804558506
  },
  "macro_auc_test_pruned_active_spheres": 0.503357697063639,
  "per_digit_auc_test_pruned_active_spheres": {
    "0": 0.44487179126100934,
    "1": 0.33317562698777,
    "2": 0.5303635619722782,
    "3": 0.5657867631100253,
    "4": 0.4828835439583796,
    "5": 0.5952010964960524,
    "6": 0.37617292291795,
    "7": 0.46251791661858394,
    "8": 0.5881723451606224,
    "9": 0.6544314021537183
  },
  "curvature": 1.0,
  "objective": "union-soft",
  "unsupervised": true,
  "ae_checkpoint": "D:\\Doctorate\\EngineCheck\\oasplTurbojet\\SampleSvDD\\samplesvdd\\hySpCheck\\runs\\ablate_mnist_full_t2_ae150\\ae_stage1_ep150.pth",
  "prune": {
    "train_argmin_counts": [
      1903,
      53108,
      348,
      70,
      251,
      0,
      24,
      2,
      89,
      43
    ],
    "silhouette_mean_per_cluster_euclidean_z": {
      "0": 0.9641430377960205,
      "1": 0.9724796414375305,
      "2": 0.9467092156410217,
      "3": null,
      "4": 0.9459458589553833,
      "5": null,
      "6": null,
      "7": null,
      "8": 0.0,
      "9": 0.0
    },
    "active_cluster_mask": [
      true,
      true,
      true,
      true,
      true,
      false,
      false,
      false,
      false,
      false
    ]
  },
  "union_test_metrics_active_spheres": {
    "union_frac_inside": 0.9522666290072024,
    "union_margin_mean": -7.748706817626953,
    "union_margin_std": 4.226629734039307
  }
}