{
  "n_samples": 2000,
  "per_cluster": {
    "0": {
      "n": 63,
      "class_counts": {
        "0": 2,
        "1": 12,
        "2": 5,
        "3": 7,
        "4": 0,
        "5": 2,
        "6": 34,
        "7": 0,
        "8": 1,
        "9": 0
      },
      "class_density": {
        "0": 0.031746031746031744,
        "1": 0.19047619047619047,
        "2": 0.07936507936507936,
        "3": 0.1111111111111111,
        "4": 0.0,
        "5": 0.031746031746031744,
        "6": 0.5396825396825397,
        "7": 0.0,
        "8": 0.015873015873015872,
        "9": 0.0
      },
      "entropy_nat": 1.3787
    },
    "1": {
      "n": 1899,
      "class_counts": {
        "0": 190,
        "1": 201,
        "2": 211,
        "3": 175,
        "4": 183,
        "5": 185,
        "6": 170,
        "7": 216,
        "8": 177,
        "9": 191
      },
      "class_density": {
        "0": 0.10005265929436545,
        "1": 0.10584518167456557,
        "2": 0.1111111111111111,
        "3": 0.09215376513954714,
        "4": 0.09636650868878358,
        "5": 0.09741969457609267,
        "6": 0.08952080042127436,
        "7": 0.11374407582938388,
        "8": 0.09320695102685624,
        "9": 0.10057925223802001
      },
      "entropy_nat": 2.2997
    },
    "2": {
      "n": 10,
      "class_counts": {
        "0": 2,
        "1": 0,
        "2": 0,
        "3": 0,
        "4": 1,
        "5": 0,
        "6": 4,
        "7": 0,
        "8": 3,
        "9": 0
      },
      "class_density": {
        "0": 0.2,
        "1": 0.0,
        "2": 0.0,
        "3": 0.0,
        "4": 0.1,
        "5": 0.0,
        "6": 0.4,
        "7": 0.0,
        "8": 0.3,
        "9": 0.0
      },
      "entropy_nat": 1.2799
    },
    "3": {
      "n": 2,
      "class_counts": {
        "0": 0,
        "1": 0,
        "2": 0,
        "3": 0,
        "4": 0,
        "5": 0,
        "6": 0,
        "7": 2,
        "8": 0,
        "9": 0
      },
      "class_density": {
        "0": 0.0,
        "1": 0.0,
        "2": 0.0,
        "3": 0.0,
        "4": 0.0,
        "5": 0.0,
        "6": 0.0,
        "7": 1.0,
        "8": 0.0,
        "9": 0.0
      },
      "entropy_nat": -0.0
    },
    "4": {
      "n": 18,
      "class_counts": {
        "0": 0,
        "1": 0,
        "2": 0,
        "3": 0,
        "4": 16,
        "5": 0,
        "6": 1,
        "7": 1,
        "8": 0,
        "9": 0
      },
      "class_density": {
        "0": 0.0,
        "1": 0.0,
        "2": 0.0,
        "3": 0.0,
        "4": 0.8888888888888888,
        "5": 0.0,
        "6": 0.05555555555555555,
        "7": 0.05555555555555555,
        "8": 0.0,
        "9": 0.0
      },
      "entropy_nat": 0.4258
    },
    "5": {
      "n": 0,
      "class_counts": {
        "0": 0,
        "1": 0,
        "2": 0,
        "3": 0,
        "4": 0,
        "5": 0,
        "6": 0,
        "7": 0,
        "8": 0,
        "9": 0
      },
      "class_density": {
        "0": 0.0,
        "1": 0.0,
        "2": 0.0,
        "3": 0.0,
        "4": 0.0,
        "5": 0.0,
        "6": 0.0,
        "7": 0.0,
        "8": 0.0,
        "9": 0.0
      },
      "entropy_nat": 0.0
    },
    "6": {
      "n": 0,
      "class_counts": {
        "0": 0,
        "1": 0,
        "2": 0,
        "3": 0,
        "4": 0,
        "5": 0,
        "6": 0,
        "7": 0,
        "8": 0,
        "9": 0
      },
      "class_density": {
        "0": 0.0,
        "1": 0.0,
        "2": 0.0,
        "3": 0.0,
        "4": 0.0,
        "5": 0.0,
        "6": 0.0,
        "7": 0.0,
        "8": 0.0,
        "9": 0.0
      },
      "entropy_nat": 0.0
    },
    "7": {
      "n": 1,
      "class_counts": {
        "0": 0,
        "1": 0,
        "2": 0,
        "3": 1,
        "4": 0,
        "5": 0,
        "6": 0,
        "7": 0,
        "8": 0,
        "9": 0
      },
      "class_density": {
        "0": 0.0,
        "1": 0.0,
        "2": 0.0,
        "3": 1.0,
        "4": 0.0,
        "5": 0.0,
        "6": 0.0,
        "7": 0.0,
        "8": 0.0,
        "9": 0.0
      },
      "entropy_nat": -0.0
    },
    "8": {
      "n": 6,
      "class_counts": {
        "0": 0,
        "1": 6,
        "2": 0,
        "3": 0,
        "4": 0,
        "5": 0,
        "6": 0,
        "7": 0,
        "8": 0,
        "9": 0
      },
      "class_density": {
        "0": 0.0,
        "1": 1.0,
        "2": 0.0,
        "3": 0.0,
        "4": 0.0,
        "5": 0.0,
        "6": 0.0,
        "7": 0.0,
        "8": 0.0,
        "9": 0.0
      },
      "entropy_nat": -0.0
    },
    "9": {
      "n": 1,
      "class_counts": {
        "0": 0,
        "1": 0,
        "2": 0,
        "3": 0,
        "4": 0,
        "5": 0,
        "6": 1,
        "7": 0,
        "8": 0,
        "9": 0
      },
      "class_density": {
        "0": 0.0,
        "1": 0.0,
        "2": 0.0,
        "3": 0.0,
        "4": 0.0,
        "5": 0.0,
        "6": 1.0,
        "7": 0.0,
        "8": 0.0,
        "9": 0.0
      },
      "entropy_nat": -0.0
    }
  },
  "pruning": {
    "active_cluster_mask": [
      true,
      true,
      true,
      true,
      true,
      false,
      false,
      false,
      false,
      false
    ],
    "pruned_cluster_ids": [
      5,
      6,
      7,
      8,
      9
    ],
    "n_active_spheres": 5,
    "note": "Hull/legend grey-out uses this mask; per_cluster counts are nearest-sphere (all K heads), including points whose argmin is a pruned index."
  }
}