{
  "run_dir": "samplesvdd/hySpUnsup/runs/sensitivity_v3/nspheres_k20",
  "checkpoint": "samplesvdd/hySpUnsup/runs/sensitivity_v3/nspheres_k20/checkpoint_v2.pth",
  "n_spheres": 20,
  "curvature": 1.0,
  "objective": "union-soft",
  "active_cluster_mask": [
    true,
    true,
    true,
    false,
    false,
    true,
    true,
    true,
    false,
    false,
    false,
    true,
    true,
    false,
    true,
    false,
    true,
    true,
    false,
    true
  ],
  "train_macro_auc": 0.49718660311452895,
  "train_per_digit_auc": {
    "0": 0.37887547425328616,
    "1": 0.6070219729255362,
    "2": 0.5336288722091582,
    "3": 0.5797628272219826,
    "4": 0.5126872839290055,
    "5": 0.31569345247820396,
    "6": 0.4031957832187492,
    "7": 0.4335558620223169,
    "8": 0.5576002981879005,
    "9": 0.6498442046991495
  },
  "test_macro_auc": 0.49746473053332174,
  "test_per_digit_auc": {
    "0": 0.37580544484581646,
    "1": 0.6083911520265951,
    "2": 0.5453301952333016,
    "3": 0.5790524485226514,
    "4": 0.5084575972615463,
    "5": 0.3297073633814675,
    "6": 0.39353707325619136,
    "7": 0.44405129283504585,
    "8": 0.5462939316601229,
    "9": 0.6440208063104793
  }
}