{
  "version": 2,
  "checkpoint_selection": "min_training_loss",
  "best_epoch": 20,
  "best_training_loss": 0.6285693220896263,
  "macro_auc_test_at_best_epoch": 0.5007656683639976,
  "per_digit_auc_at_best_epoch": {
    "0": 0.5780697435005013,
    "1": 0.512197826364915,
    "2": 0.3796663027604883,
    "3": 0.41580592268884475,
    "4": 0.5624878288729555,
    "5": 0.5203238181225116,
    "6": 0.5455554023820397,
    "7": 0.4589502121102452,
    "8": 0.5289097432800156,
    "9": 0.5056898835574589
  },
  "macro_auc_test_pruned_active_spheres": 0.49746473053332174,
  "per_digit_auc_test_pruned_active_spheres": {
    "0": 0.37580544484581646,
    "1": 0.6083911520265951,
    "2": 0.5453301952333016,
    "3": 0.5790524485226514,
    "4": 0.5084575972615463,
    "5": 0.3297073633814675,
    "6": 0.39353707325619136,
    "7": 0.44405129283504585,
    "8": 0.5462939316601229,
    "9": 0.6440208063104793
  },
  "curvature": 1.0,
  "n_spheres": 20,
  "train_normal_digits": [
    0,
    1,
    2,
    3,
    4,
    5,
    6,
    7,
    8,
    9
  ],
  "test_digits": [
    0,
    1,
    2,
    3,
    4,
    5,
    6,
    7,
    8,
    9
  ],
  "objective": "union-soft",
  "unsupervised": true,
  "ae_checkpoint": "samplesvdd/hySpUnsup/runs/my_v3_ae200_stage1/ae_stage1_ep200.pth",
  "prune": {
    "train_argmin_counts": [
      6,
      0,
      172,
      28,
      30,
      0,
      49,
      3,
      55413,
      15,
      2,
      18,
      0,
      1,
      47,
      33,
      21,
      10,
      194,
      3
    ],
    "silhouette_mean_per_cluster_euclidean_z": {
      "0": null,
      "1": null,
      "2": null,
      "3": null,
      "4": null,
      "5": null,
      "6": null,
      "7": null,
      "8": null,
      "9": null,
      "10": null,
      "11": null,
      "12": null,
      "13": null,
      "14": null,
      "15": null,
      "16": null,
      "17": null,
      "18": null,
      "19": null
    },
    "active_cluster_mask": [
      false,
      false,
      true,
      false,
      false,
      false,
      false,
      false,
      true,
      false,
      false,
      false,
      false,
      false,
      false,
      false,
      false,
      false,
      true,
      false
    ]
  },
  "split_overloaded": {
    "enabled": true,
    "max_cluster_fraction": 0.2,
    "applied": true,
    "n_train": 56045,
    "cap_count": 11209,
    "counts_before": [
      0,
      0,
      172,
      0,
      0,
      0,
      0,
      0,
      55679,
      0,
      0,
      0,
      0,
      0,
      0,
      0,
      0,
      0,
      194,
      0
    ],
    "overloaded_clusters": [
      8
    ],
    "spare_inactive_clusters": [
      0,
      1,
      3,
      4,
      5,
      6,
      7,
      9,
      10,
      11,
      12,
      13,
      14,
      15,
      16,
      17,
      19
    ],
    "splits": [
      {
        "source_cluster": 8,
        "source_count": 55679,
        "groups_after_split": [
          14868,
          14305,
          11094,
          9639,
          5773
        ],
        "new_clusters_activated": [
          0,
          1,
          3,
          4
        ]
      }
    ],
    "active_cluster_mask_after_split": [
      true,
      true,
      true,
      true,
      true,
      false,
      false,
      false,
      true,
      false,
      false,
      false,
      false,
      false,
      false,
      false,
      false,
      false,
      true,
      false
    ]
  },
  "hybrid_rebalance": {
    "enabled": true,
    "lb_min_cluster_members": 50,
    "ub_max_cluster_fraction": 0.2,
    "max_iters": 4,
    "hard_cap_enabled": true,
    "chaos_factor": 0.15,
    "iterations": [
      {
        "iter": 1,
        "lb": {
          "enabled": true,
          "counts": [
            0,
            0,
            5210,
            0,
            0,
            54,
            1452,
            974,
            27,
            3309,
            919,
            1818,
            4403,
            90,
            502,
            588,
            12168,
            2213,
            19763,
            2555
          ],
          "active_before": [
            true,
            true,
            true,
            true,
            true,
            false,
            false,
            false,
            true,
            false,
            false,
            false,
            false,
            false,
            false,
            false,
            false,
            false,
            true,
            false
          ],
          "active_after": [
            false,
            false,
            true,
            false,
            false,
            true,
            true,
            true,
            false,
            true,
            true,
            true,
            true,
            true,
            true,
            true,
            true,
            true,
            true,
            true
          ],
          "changed": true
        },
        "ub": {
          "enabled": true,
          "max_cluster_fraction": 0.2,
          "applied": true,
          "n_train": 56045,
          "cap_count": 11209,
          "counts_before": [
            0,
            0,
            5212,
            0,
            0,
            54,
            1452,
            974,
            0,
            3315,
            919,
            1818,
            4405,
            90,
            505,
            588,
            12170,
            2215,
            19773,
            2555
          ],
          "overloaded_clusters": [
            16,
            18
          ],
          "spare_inactive_clusters": [
            0,
            1,
            3,
            4,
            8
          ],
          "splits": [
            {
              "source_cluster": 16,
              "source_count": 12170,
              "groups_after_split": [
                8133,
                4037
              ],
              "new_clusters_activated": [
                0
              ]
            },
            {
              "source_cluster": 18,
              "source_count": 19773,
              "groups_after_split": [
                13122,
                6651
              ],
              "new_clusters_activated": [
                1
              ]
            }
          ],
          "active_cluster_mask_after_split": [
            true,
            true,
            true,
            false,
            false,
            true,
            true,
            true,
            false,
            true,
            true,
            true,
            true,
            true,
            true,
            true,
            true,
            true,
            true,
            true
          ]
        },
        "hard_cap": {
          "enabled": true,
          "max_cluster_fraction": 0.2,
          "chaos_factor": 0.15,
          "applied": false,
          "n_train": 56045,
          "cap_count": 11209,
          "counts_before": [
            0,
            0,
            10955,
            0,
            0,
            542,
            2256,
            2708,
            0,
            8067,
            1800,
            7398,
            7362,
            116,
            634,
            1086,
            499,
            8705,
            400,
            3517
          ],
          "counts_after": [
            0,
            0,
            10955,
            0,
            0,
            542,
            2256,
            2708,
            0,
            8067,
            1800,
            7398,
            7362,
            116,
            634,
            1086,
            499,
            8705,
            400,
            3517
          ],
          "overflow_reassigned": 0
        },
        "changed": true
      },
      {
        "iter": 2,
        "lb": {
          "enabled": true,