{
  "split": "test",
  "nearest_sphere_assignment": "active_argmin",
  "active_cluster_mask": [
    true,
    true,
    true,
    true,
    true,
    true,
    true,
    false,
    true,
    true
  ],
  "total_samples": 13955,
  "counts_cluster_x_digit": [
    [
      0,
      558,
      3,
      3,
      0,
      1,
      2,
      2,
      0,
      0
    ],
    [
      1268,
      447,
      1091,
      1199,
      935,
      1115,
      860,
      1183,
      1108,
      1237
    ],
    [
      32,
      267,
      252,
      141,
      27,
      40,
      278,
      28,
      7,
      8
    ],
    [
      0,
      1,
      0,
      5,
      1,
      2,
      0,
      127,
      44,
      12
    ],
    [
      74,
      1,
      39,
      45,
      244,
      112,
      182,
      5,
      181,
      11
    ],
    [
      3,
      0,
      7,
      1,
      91,
      2,
      35,
      15,
      5,
      40
    ],
    [
      1,
      0,
      4,
      1,
      52,
      0,
      27,
      2,
      3,
      60
    ],
    [
      0,
      0,
      0,
      0,
      0,
      0,
      0,
      0,
      0,
      0
    ],
    [
      0,
      59,
      2,
      2,
      0,
      0,
      0,
      2,
      0,
      0
    ],
    [
      0,
      247,
      7,
      35,
      1,
      1,
      1,
      65,
      0,
      6
    ]
  ],
  "per_cluster": {
    "0": {
      "n": 569,
      "entropy_digit_mix_nat": 0.1253,
      "hotspot_digit_argmax_P_d_given_k": 1,
      "top3_digits_by_density": {
        "1": 0.98067,
        "2": 0.00527,
        "3": 0.00527
      }
    },
    "1": {
      "n": 10443,
      "entropy_digit_mix_nat": 2.2733,
      "hotspot_digit_argmax_P_d_given_k": 0,
      "top3_digits_by_density": {
        "0": 0.12142,
        "9": 0.11845,
        "3": 0.11481
      }
    },
    "2": {
      "n": 1080,
      "entropy_digit_mix_nat": 1.7824,
      "hotspot_digit_argmax_P_d_given_k": 6,
      "top3_digits_by_density": {
        "6": 0.25741,
        "1": 0.24722,
        "2": 0.23333
      }
    },
    "3": {
      "n": 192,
      "entropy_digit_mix_nat": 0.9816,
      "hotspot_digit_argmax_P_d_given_k": 7,
      "top3_digits_by_density": {
        "7": 0.66146,
        "8": 0.22917,
        "9": 0.0625
      }
    },
    "4": {
      "n": 894,
      "entropy_digit_mix_nat": 1.8461,
      "hotspot_digit_argmax_P_d_given_k": 4,
      "top3_digits_by_density": {
        "4": 0.27293,
        "6": 0.20358,
        "8": 0.20246
      }
    },
    "5": {
      "n": 199,
      "entropy_digit_mix_nat": 1.5272,
      "hotspot_digit_argmax_P_d_given_k": 4,
      "top3_digits_by_density": {
        "4": 0.45729,
        "9": 0.20101,
        "6": 0.17588
      }
    },
    "6": {
      "n": 150,
      "entropy_digit_mix_nat": 1.3417,
      "hotspot_digit_argmax_P_d_given_k": 9,
      "top3_digits_by_density": {
        "9": 0.4,
        "4": 0.34667,
        "6": 0.18
      }
    },
    "7": {
      "n": 0,
      "entropy_digit_mix_nat": -0.0,
      "hotspot_digit_argmax_P_d_given_k": 0,
      "top3_digits_by_density": {
        "0": 0.0,
        "1": 0.0,
        "2": 0.0
      }
    },
    "8": {
      "n": 65,
      "entropy_digit_mix_nat": 0.4093,
      "hotspot_digit_argmax_P_d_given_k": 1,
      "top3_digits_by_density": {
        "1": 0.90769,
        "2": 0.03077,
        "3": 0.03077
      }
    },
    "9": {
      "n": 363,
      "entropy_digit_mix_nat": 0.9882,
      "hotspot_digit_argmax_P_d_given_k": 1,
      "top3_digits_by_density": {
        "1": 0.68044,
        "7": 0.17906,
        "3": 0.09642
      }
    }
  },
  "per_digit": {
    "0": {
      "n": 1378,
      "entropy_cluster_mix_nat": 0.3396,
      "hotspot_cluster_argmax_P_k_given_d": 1,
      "top3_clusters_by_density": {
        "1": 0.92017,
        "4": 0.0537,
        "2": 0.02322
      }
    },
    "1": {
      "n": 1580,
      "entropy_cluster_mix_nat": 1.4474,
      "hotspot_cluster_argmax_P_k_given_d": 0,
      "top3_clusters_by_density": {
        "0": 0.35316,
        "1": 0.28291,
        "2": 0.16899
      }
    },
    "2": {
      "n": 1405,
      "entropy_cluster_mix_nat": 0.6961,
      "hotspot_cluster_argmax_P_k_given_d": 1,
      "top3_clusters_by_density": {
        "1": 0.77651,
        "2": 0.17936,
        "4": 0.02776
      }
    },
    "3": {
      "n": 1432,
      "entropy_cluster_mix_nat": 0.6284,
      "hotspot_cluster_argmax_P_k_given_d": 1,
      "top3_clusters_by_density": {
        "1": 0.83729,
        "2": 0.09846,
        "4": 0.03142
      }
    },
    "4": {
      "n": 1351,
      "entropy_cluster_mix_nat": 0.9598,
      "hotspot_cluster_argmax_P_k_given_d": 1,
      "top3_clusters_by_density": {
        "1": 0.69208,
        "4": 0.18061,
        "5": 0.06736
      }
    },
    "5": {
      "n": 1273,
      "entropy_cluster_mix_nat": 0.4702,
      "hotspot_cluster_argmax_P_k_given_d": 1,
      "top3_clusters_by_density": {
        "1": 0.87588,
        "4": 0.08798,
        "2": 0.03142
      }
    },
    "6": {
      "n": 1385,
      "entropy_cluster_mix_nat": 1.0693,
      "hotspot_cluster_argmax_P_k_given_d": 1,
      "top3_clusters_by_density": {
        "1": 0.62094,
        "2": 0.20072,
        "4": 0.13141
      }
    },
    "7": {
      "n": 1429,
      "entropy_cluster_mix_nat": 0.6844,
      "hotspot_cluster_argmax_P_k_given_d": 1,
      "top3_clusters_by_density": {
        "1": 0.82785,
        "3": 0.08887,
        "9": 0.04549
      }
    },
    "8": {
      "n": 1348,
      "entropy_cluster_mix_nat": 0.6041,
      "hotspot_cluster_argmax_P_k_given_d": 1,
      "top3_clusters_by_density": {
        "1": 0.82196,
        "4": 0.13427,
        "3": 0.03264
      }
    },
    "9": {
      "n": 1374,
      "entropy_cluster_mix_nat": 0.468,
      "hotspot_cluster_argmax_P_k_given_d": 1,
      "top3_clusters_by_density": {
        "1": 0.90029,
        "6": 0.04367,
        "5": 0.02911
      }
    }
  }
}