{
  "n_samples": 2000,
  "per_cluster": {
    "0": {
      "n": 0,
      "class_counts": {
        "0": 0,
        "1": 0,
        "2": 0,
        "3": 0,
        "4": 0,
        "5": 0,
        "6": 0,
        "7": 0,
        "8": 0,
        "9": 0
      },
      "class_density": {
        "0": 0.0,
        "1": 0.0,
        "2": 0.0,
        "3": 0.0,
        "4": 0.0,
        "5": 0.0,
        "6": 0.0,
        "7": 0.0,
        "8": 0.0,
        "9": 0.0
      },
      "entropy_nat": 0.0
    },
    "1": {
      "n": 0,
      "class_counts": {
        "0": 0,
        "1": 0,
        "2": 0,
        "3": 0,
        "4": 0,
        "5": 0,
        "6": 0,
        "7": 0,
        "8": 0,
        "9": 0
      },
      "class_density": {
        "0": 0.0,
        "1": 0.0,
        "2": 0.0,
        "3": 0.0,
        "4": 0.0,
        "5": 0.0,
        "6": 0.0,
        "7": 0.0,
        "8": 0.0,
        "9": 0.0
      },
      "entropy_nat": 0.0
    },
    "2": {
      "n": 0,
      "class_counts": {
        "0": 0,
        "1": 0,
        "2": 0,
        "3": 0,
        "4": 0,
        "5": 0,
        "6": 0,
        "7": 0,
        "8": 0,
        "9": 0
      },
      "class_density": {
        "0": 0.0,
        "1": 0.0,
        "2": 0.0,
        "3": 0.0,
        "4": 0.0,
        "5": 0.0,
        "6": 0.0,
        "7": 0.0,
        "8": 0.0,
        "9": 0.0
      },
      "entropy_nat": 0.0
    },
    "3": {
      "n": 0,
      "class_counts": {
        "0": 0,
        "1": 0,
        "2": 0,
        "3": 0,
        "4": 0,
        "5": 0,
        "6": 0,
        "7": 0,
        "8": 0,
        "9": 0
      },
      "class_density": {
        "0": 0.0,
        "1": 0.0,
        "2": 0.0,
        "3": 0.0,
        "4": 0.0,
        "5": 0.0,
        "6": 0.0,
        "7": 0.0,
        "8": 0.0,
        "9": 0.0
      },
      "entropy_nat": 0.0
    },
    "4": {
      "n": 1444,
      "class_counts": {
        "0": 196,
        "1": 76,
        "2": 163,
        "3": 158,
        "4": 93,
        "5": 115,
        "6": 183,
        "7": 206,
        "8": 120,
        "9": 134
      },
      "class_density": {
        "0": 0.13573407202216067,
        "1": 0.05263157894736842,
        "2": 0.1128808864265928,
        "3": 0.10941828254847645,
        "4": 0.06440443213296398,
        "5": 0.0796398891966759,
        "6": 0.12673130193905818,
        "7": 0.14265927977839335,
        "8": 0.08310249307479224,
        "9": 0.09279778393351801
      },
      "entropy_nat": 2.2594
    },
    "5": {
      "n": 68,
      "class_counts": {
        "0": 0,
        "1": 40,
        "2": 0,
        "3": 2,
        "4": 4,
        "5": 9,
        "6": 0,
        "7": 0,
        "8": 9,
        "9": 4
      },
      "class_density": {
        "0": 0.0,
        "1": 0.5882352941176471,
        "2": 0.0,
        "3": 0.029411764705882353,
        "4": 0.058823529411764705,
        "5": 0.1323529411764706,
        "6": 0.0,
        "7": 0.0,
        "8": 0.1323529411764706,
        "9": 0.058823529411764705
      },
      "entropy_nat": 1.2845
    },
    "6": {
      "n": 0,
      "class_counts": {
        "0": 0,
        "1": 0,
        "2": 0,
        "3": 0,
        "4": 0,
        "5": 0,
        "6": 0,
        "7": 0,
        "8": 0,
        "9": 0
      },
      "class_density": {
        "0": 0.0,
        "1": 0.0,
        "2": 0.0,
        "3": 0.0,
        "4": 0.0,
        "5": 0.0,
        "6": 0.0,
        "7": 0.0,
        "8": 0.0,
        "9": 0.0
      },
      "entropy_nat": 0.0
    },
    "7": {
      "n": 0,
      "class_counts": {
        "0": 0,
        "1": 0,
        "2": 0,
        "3": 0,
        "4": 0,
        "5": 0,
        "6": 0,
        "7": 0,
        "8": 0,
        "9": 0
      },
      "class_density": {
        "0": 0.0,
        "1": 0.0,
        "2": 0.0,
        "3": 0.0,
        "4": 0.0,
        "5": 0.0,
        "6": 0.0,
        "7": 0.0,
        "8": 0.0,
        "9": 0.0
      },
      "entropy_nat": 0.0
    },
    "8": {
      "n": 0,
      "class_counts": {
        "0": 0,
        "1": 0,
        "2": 0,
        "3": 0,
        "4": 0,
        "5": 0,
        "6": 0,
        "7": 0,
        "8": 0,
        "9": 0
      },
      "class_density": {
        "0": 0.0,
        "1": 0.0,
        "2": 0.0,
        "3": 0.0,
        "4": 0.0,
        "5": 0.0,
        "6": 0.0,
        "7": 0.0,
        "8": 0.0,
        "9": 0.0
      },
      "entropy_nat": 0.0
    },
    "9": {
      "n": 0,
      "class_counts": {
        "0": 0,
        "1": 0,
        "2": 0,
        "3": 0,
        "4": 0,
        "5": 0,
        "6": 0,
        "7": 0,
        "8": 0,
        "9": 0
      },
      "class_density": {
        "0": 0.0,
        "1": 0.0,
        "2": 0.0,
        "3": 0.0,
        "4": 0.0,
        "5": 0.0,
        "6": 0.0,
        "7": 0.0,
        "8": 0.0,
        "9": 0.0
      },
      "entropy_nat": 0.0
    },
    "10": {
      "n": 0,
      "class_counts": {
        "0": 0,
        "1": 0,
        "2": 0,
        "3": 0,
        "4": 0,
        "5": 0,
        "6": 0,
        "7": 0,
        "8": 0,
        "9": 0
      },
      "class_density": {
        "0": 0.0,
        "1": 0.0,
        "2": 0.0,
        "3": 0.0,
        "4": 0.0,
        "5": 0.0,
        "6": 0.0,
        "7": 0.0,
        "8": 0.0,
        "9": 0.0
      },
      "entropy_nat": 0.0
    },
    "11": {
      "n": 0,
      "class_counts": {
        "0": 0,
        "1": 0,
        "2": 0,
        "3": 0,
        "4": 0,
        "5": 0,
        "6": 0,
        "7": 0,
        "8": 0,
        "9": 0
      },
      "class_density": {
        "0": 0.0,
        "1": 0.0,
        "2": 0.0,
        "3": 0.0,
        "4": 0.0,
        "5": 0.0,
        "6": 0.0,
        "7": 0.0,
        "8": 0.0,
        "9": 0.0
      },
      "entropy_nat": 0.0
    },
    "12": {
      "n": 9,
      "class_counts": {
        "0": 0,
        "1": 6,
        "2": 1,
        "3": 0,
        "4": 0,
        "5": 0,
        "6": 0,
        "7": 2,
        "8": 0,
        "9": 0
      },
      "class_density": {
        "0": 0.0,
        "1": 0.6666666666666666,
        "2": 0.1111111111111111,
        "3": 0.0,
        "4": 0.0,
        "5": 0.0,
        "6": 0.0,
        "7": 0.2222222222222222,
        "8": 0.0,
        "9": 0.0
      },
      "entropy_nat": 0.8487
    },
    "13": {
      "n": 0,
      "class_counts": {
        "0": 0,
        "1": 0,
        "2": 0,
        "3": 0,
        "4": 0,
        "5": 0,
        "6": 0,
        "7": 0,
        "8": 0,
        "9": 0
      },
      "class_density": {
        "0": 0.0,
        "1": 0.0,
        "2": 0.0,
        "3": 0.0,
        "4": 0.0,
        "5": 0.0,
        "6": 0.0,
        "7": 0.0,
        "8": 0.0,
        "9": 0.0
      },
      "entropy_nat": 0.0
    },
    "14": {
      "n": 0,
      "class_counts": {
        "0": 0,
        "1": 0,
        "2": 0,
        "3": 0,
        "4": 0,
        "5": 0,
        "6": 0,
        "7": 0,
        "8": 0,
        "9": 0
      },
      "class_density": {
        "0": 0.0,
        "1": 0.0,
        "2": 0.0,
        "3": 0.0,
        "4": 0.0,
        "5": 0.0,
        "6": 0.0,
        "7": 0.0,
        "8": 0.0,
        "9": 0.0
      },
      "entropy_nat": 0.0
    },
    "15": {
      "n": 143,
      "class_counts": {
        "0": 0,
        "1": 14,
        "2": 0,
        "3": 5,
        "4": 41,
        "5": 54,
        "6": 12,
        "7": 2,
        "8": 7,
        "9": 8
      },
      "class_density": {
        "0": 0.0,
        "1": 0.0979020979020979,
        "2": 0.0,
        "3": 0.03496503496503497,
        "4": 0.2867132867132867,
        "5": 0.3776223776223776,
        "6": 0.08391608391608392,
        "7": 0.013986013986013986,
        "8": 0.04895104895104895,
        "9": 0.055944055944055944
      },
      "entropy_nat": 1.6473
    },
    "16": {
      "n": 0,
      "class_counts": {
        "0": 0,
        "1": 0,