{
  "run_dir": "samplesvdd/hySpUnsup/runs/sensitivity_v3/grid_lb100_ub0p10",
  "checkpoint": "samplesvdd/hySpUnsup/runs/sensitivity_v3/grid_lb100_ub0p10/checkpoint_v2.pth",
  "n_spheres": 30,
  "curvature": 1.0,
  "objective": "union-soft",
  "active_cluster_mask": [
    true,
    true,
    true,
    true,
    true,
    true,
    true,
    true,
    true,
    false,
    false,
    true,
    false,
    false,
    false,
    false,
    false,
    false,
    true,
    false,
    false,
    false,
    false,
    false,
    false,
    false,
    true,
    true,
    false,
    false
  ],
  "train_macro_auc": 0.4950568972170751,
  "train_per_digit_auc": {
    "0": 0.6187686127621157,
    "1": 0.7434788245573315,
    "2": 0.7252137701099748,
    "3": 0.665214729865192,
    "4": 0.2072662015318735,
    "5": 0.3238782865203069,
    "6": 0.6164659855812711,
    "7": 0.46239158584260587,
    "8": 0.33687614162309154,
    "9": 0.25101483377698874
  },
  "test_macro_auc": 0.4938739740170691,
  "test_per_digit_auc": {
    "0": 0.6133178690384792,
    "1": 0.7495522567446619,
    "2": 0.7155106265330138,
    "3": 0.6508577569227928,
    "4": 0.20632236168138085,
    "5": 0.32194134780161726,
    "6": 0.6230349034576049,
    "7": 0.45912535516049635,
    "8": 0.33964039336631546,
    "9": 0.2594368694643282
  }
}