{
  "n_samples": 2000,
  "per_cluster": {
    "0": {
      "n": 614,
      "class_counts": {
        "0": 7,
        "1": 57,
        "2": 33,
        "3": 44,
        "4": 130,
        "5": 63,
        "6": 10,
        "7": 61,
        "8": 101,
        "9": 108
      },
      "class_density": {
        "0": 0.011400651465798045,
        "1": 0.09283387622149837,
        "2": 0.05374592833876222,
        "3": 0.07166123778501629,
        "4": 0.21172638436482086,
        "5": 0.10260586319218241,
        "6": 0.016286644951140065,
        "7": 0.0993485342019544,
        "8": 0.16449511400651465,
        "9": 0.1758957654723127
      },
      "entropy_nat": 2.079
    },
    "1": {
      "n": 0,
      "class_counts": {
        "0": 0,
        "1": 0,
        "2": 0,
        "3": 0,
        "4": 0,
        "5": 0,
        "6": 0,
        "7": 0,
        "8": 0,
        "9": 0
      },
      "class_density": {
        "0": 0.0,
        "1": 0.0,
        "2": 0.0,
        "3": 0.0,
        "4": 0.0,
        "5": 0.0,
        "6": 0.0,
        "7": 0.0,
        "8": 0.0,
        "9": 0.0
      },
      "entropy_nat": 0.0
    },
    "2": {
      "n": 0,
      "class_counts": {
        "0": 0,
        "1": 0,
        "2": 0,
        "3": 0,
        "4": 0,
        "5": 0,
        "6": 0,
        "7": 0,
        "8": 0,
        "9": 0
      },
      "class_density": {
        "0": 0.0,
        "1": 0.0,
        "2": 0.0,
        "3": 0.0,
        "4": 0.0,
        "5": 0.0,
        "6": 0.0,
        "7": 0.0,
        "8": 0.0,
        "9": 0.0
      },
      "entropy_nat": 0.0
    },
    "3": {
      "n": 2,
      "class_counts": {
        "0": 0,
        "1": 2,
        "2": 0,
        "3": 0,
        "4": 0,
        "5": 0,
        "6": 0,
        "7": 0,
        "8": 0,
        "9": 0
      },
      "class_density": {
        "0": 0.0,
        "1": 1.0,
        "2": 0.0,
        "3": 0.0,
        "4": 0.0,
        "5": 0.0,
        "6": 0.0,
        "7": 0.0,
        "8": 0.0,
        "9": 0.0
      },
      "entropy_nat": -0.0
    },
    "4": {
      "n": 0,
      "class_counts": {
        "0": 0,
        "1": 0,
        "2": 0,
        "3": 0,
        "4": 0,
        "5": 0,
        "6": 0,
        "7": 0,
        "8": 0,
        "9": 0
      },
      "class_density": {
        "0": 0.0,
        "1": 0.0,
        "2": 0.0,
        "3": 0.0,
        "4": 0.0,
        "5": 0.0,
        "6": 0.0,
        "7": 0.0,
        "8": 0.0,
        "9": 0.0
      },
      "entropy_nat": 0.0
    },
    "5": {
      "n": 8,
      "class_counts": {
        "0": 0,
        "1": 8,
        "2": 0,
        "3": 0,
        "4": 0,
        "5": 0,
        "6": 0,
        "7": 0,
        "8": 0,
        "9": 0
      },
      "class_density": {
        "0": 0.0,
        "1": 1.0,
        "2": 0.0,
        "3": 0.0,
        "4": 0.0,
        "5": 0.0,
        "6": 0.0,
        "7": 0.0,
        "8": 0.0,
        "9": 0.0
      },
      "entropy_nat": -0.0
    },
    "6": {
      "n": 3,
      "class_counts": {
        "0": 0,
        "1": 3,
        "2": 0,
        "3": 0,
        "4": 0,
        "5": 0,
        "6": 0,
        "7": 0,
        "8": 0,
        "9": 0
      },
      "class_density": {
        "0": 0.0,
        "1": 1.0,
        "2": 0.0,
        "3": 0.0,
        "4": 0.0,
        "5": 0.0,
        "6": 0.0,
        "7": 0.0,
        "8": 0.0,
        "9": 0.0
      },
      "entropy_nat": -0.0
    },
    "7": {
      "n": 105,
      "class_counts": {
        "0": 0,
        "1": 23,
        "2": 9,
        "3": 6,
        "4": 8,
        "5": 1,
        "6": 16,
        "7": 42,
        "8": 0,
        "9": 0
      },
      "class_density": {
        "0": 0.0,
        "1": 0.21904761904761905,
        "2": 0.08571428571428572,
        "3": 0.05714285714285714,
        "4": 0.0761904761904762,
        "5": 0.009523809523809525,
        "6": 0.1523809523809524,
        "7": 0.4,
        "8": 0.0,
        "9": 0.0
      },
      "entropy_nat": 1.6004
    },
    "8": {
      "n": 25,
      "class_counts": {
        "0": 16,
        "1": 0,
        "2": 0,
        "3": 1,
        "4": 0,
        "5": 4,
        "6": 1,
        "7": 0,
        "8": 3,
        "9": 0
      },
      "class_density": {
        "0": 0.64,
        "1": 0.0,
        "2": 0.0,
        "3": 0.04,
        "4": 0.0,
        "5": 0.16,
        "6": 0.04,
        "7": 0.0,
        "8": 0.12,
        "9": 0.0
      },
      "entropy_nat": 1.0908
    },
    "9": {
      "n": 230,
      "class_counts": {
        "0": 37,
        "1": 5,
        "2": 25,
        "3": 43,
        "4": 20,
        "5": 39,
        "6": 14,
        "7": 13,
        "8": 29,
        "9": 5
      },
      "class_density": {
        "0": 0.1608695652173913,
        "1": 0.021739130434782608,
        "2": 0.10869565217391304,
        "3": 0.18695652173913044,
        "4": 0.08695652173913043,
        "5": 0.16956521739130434,
        "6": 0.06086956521739131,
        "7": 0.05652173913043478,
        "8": 0.12608695652173912,
        "9": 0.021739130434782608
      },
      "entropy_nat": 2.1223
    },
    "10": {
      "n": 0,
      "class_counts": {
        "0": 0,
        "1": 0,
        "2": 0,
        "3": 0,
        "4": 0,
        "5": 0,
        "6": 0,
        "7": 0,
        "8": 0,
        "9": 0
      },
      "class_density": {
        "0": 0.0,
        "1": 0.0,
        "2": 0.0,
        "3": 0.0,
        "4": 0.0,
        "5": 0.0,
        "6": 0.0,
        "7": 0.0,
        "8": 0.0,
        "9": 0.0
      },
      "entropy_nat": 0.0
    },
    "11": {
      "n": 44,
      "class_counts": {
        "0": 0,
        "1": 40,
        "2": 1,
        "3": 0,
        "4": 0,
        "5": 0,
        "6": 0,
        "7": 1,
        "8": 2,
        "9": 0
      },
      "class_density": {
        "0": 0.0,
        "1": 0.9090909090909091,
        "2": 0.022727272727272728,
        "3": 0.0,
        "4": 0.0,
        "5": 0.0,
        "6": 0.0,
        "7": 0.022727272727272728,
        "8": 0.045454545454545456,
        "9": 0.0
      },
      "entropy_nat": 0.3992
    },
    "12": {
      "n": 0,
      "class_counts": {
        "0": 0,
        "1": 0,
        "2": 0,
        "3": 0,
        "4": 0,
        "5": 0,
        "6": 0,
        "7": 0,
        "8": 0,
        "9": 0
      },
      "class_density": {
        "0": 0.0,
        "1": 0.0,
        "2": 0.0,
        "3": 0.0,
        "4": 0.0,
        "5": 0.0,
        "6": 0.0,
        "7": 0.0,
        "8": 0.0,
        "9": 0.0
      },
      "entropy_nat": 0.0
    },
    "13": {
      "n": 708,
      "class_counts": {
        "0": 100,
        "1": 5,
        "2": 137,
        "3": 106,
        "4": 13,
        "5": 89,
        "6": 149,
        "7": 70,
        "8": 29,
        "9": 10
      },
      "class_density": {
        "0": 0.14124293785310735,
        "1": 0.007062146892655367,
        "2": 0.19350282485875706,
        "3": 0.1497175141242938,
        "4": 0.018361581920903956,
        "5": 0.12570621468926554,
        "6": 0.21045197740112995,
        "7": 0.09887005649717515,
        "8": 0.04096045197740113,
        "9": 0.014124293785310734
      },
      "entropy_nat": 1.9955
    },
    "14": {
      "n": 0,
      "class_counts": {
        "0": 0,
        "1": 0,
        "2": 0,
        "3": 0,
        "4": 0,
        "5": 0,
        "6": 0,
        "7": 0,
        "8": 0,
        "9": 0
      },
      "class_density": {
        "0": 0.0,
        "1": 0.0,
        "2": 0.0,
        "3": 0.0,
        "4": 0.0,
        "5": 0.0,
        "6": 0.0,
        "7": 0.0,
        "8": 0.0,
        "9": 0.0
      },
      "entropy_nat": 0.0
    },
    "15": {
      "n": 50,
      "class_counts": {
        "0": 0,
        "1": 29,
        "2": 1,
        "3": 0,
        "4": 2,
        "5": 1,
        "6": 15,
        "7": 2,
        "8": 0,
        "9": 0
      },
      "class_density": {
        "0": 0.0,
        "1": 0.58,
        "2": 0.02,