{
  "version": 2,
  "checkpoint_selection": "min_training_loss",
  "best_epoch": 20,
  "best_training_loss": 0.7889003374359824,
  "macro_auc_test_at_best_epoch": 0.5010327865566515,
  "per_digit_auc_at_best_epoch": {
    "0": 0.38177843352870844,
    "1": 0.30273629970592,
    "2": 0.7104264791368334,
    "3": 0.6486326890365303,
    "4": 0.4783507802793563,
    "5": 0.37948011129207754,
    "6": 0.5489138083052595,
    "7": 0.473804549518108,
    "8": 0.5972530921660733,
    "9": 0.4889516225976487
  },
  "macro_auc_test_pruned_active_spheres": 0.5015368372512663,
  "per_digit_auc_test_pruned_active_spheres": {
    "0": 0.36867450928982837,
    "1": 0.2667774453394707,
    "2": 0.6988683557584608,
    "3": 0.6558203018178395,
    "4": 0.46438643072905084,
    "5": 0.40666296213386044,
    "6": 0.5292911321150295,
    "7": 0.49891914111859365,
    "8": 0.56728119463564,
    "9": 0.5586868995748886
  },
  "curvature": 1.0,
  "n_spheres": 30,
  "geometry": "hyperbolic",
  "train_normal_digits": [
    2
  ],
  "test_digits": [
    0,
    1,
    2,
    3,
    4,
    5,
    6,
    7,
    8,
    9
  ],
  "objective": "union-soft",
  "unsupervised": true,
  "ae_checkpoint": "samplesvdd/hySpUnsup/runs/my_v3_ae200_stage1/ae_stage1_ep200.pth",
  "prune": {
    "train_argmin_counts": [
      181,
      61,
      150,
      351,
      83,
      45,
      53,
      338,
      146,
      214,
      189,
      39,
      310,
      41,
      37,
      629,
      267,
      32,
      261,
      41,
      74,
      38,
      791,
      28,
      540,
      62,
      72,
      387,
      37,
      88
    ],
    "silhouette_mean_per_cluster_euclidean_z": {
      "0": null,
      "1": null,
      "2": null,
      "3": null,
      "4": null,
      "5": null,
      "6": null,
      "7": null,
      "8": null,
      "9": null,
      "10": null,
      "11": null,
      "12": null,
      "13": null,
      "14": null,
      "15": null,
      "16": null,
      "17": null,
      "18": null,
      "19": null,
      "20": null,
      "21": null,
      "22": null,
      "23": null,
      "24": null,
      "25": null,
      "26": null,
      "27": null,
      "28": null,
      "29": null
    },
    "active_cluster_mask": [
      true,
      true,
      true,
      true,
      true,
      false,
      true,
      true,
      true,
      true,
      true,
      false,
      true,
      false,
      false,
      true,
      true,
      false,
      true,
      false,
      true,
      false,
      true,
      false,
      true,
      true,
      true,
      true,
      false,
      true
    ]
  },
  "split_overloaded": {
    "enabled": true,
    "max_cluster_fraction": 0.2,
    "applied": false,
    "n_train": 5585,
    "cap_count": 1117,
    "counts_before": [
      186,
      61,
      206,
      362,
      96,
      0,
      59,
      360,
      149,
      278,
      189,
      0,
      337,
      0,
      0,
      629,
      273,
      0,
      264,
      0,
      74,
      0,
      844,
      0,
      540,
      63,
      77,
      450,
      0,
      88
    ],
    "overloaded_clusters": [],
    "spare_inactive_clusters": [
      5,
      11,
      13,
      14,
      17,
      19,
      21,
      23,
      28
    ],
    "splits": []
  },
  "hybrid_rebalance": {
    "enabled": true,
    "lb_min_cluster_members": 50,
    "ub_max_cluster_fraction": 0.2,
    "max_iters": 4,
    "hard_cap_enabled": true,
    "chaos_factor": 0.15,
    "iterations": [
      {
        "iter": 1,
        "lb": {
          "enabled": true,
          "counts": [
            181,
            61,
            150,
            351,
            83,
            45,
            53,
            338,
            146,
            214,
            189,
            39,
            310,
            41,
            37,
            629,
            267,
            32,
            261,
            41,
            74,
            38,
            791,
            28,
            540,
            62,
            72,
            387,
            37,
            88
          ],
          "active_before": [
            true,
            true,
            true,
            true,
            true,
            false,
            true,
            true,
            true,
            true,
            true,
            false,
            true,
            false,
            false,
            true,
            true,
            false,
            true,
            false,
            true,
            false,
            true,
            false,
            true,
            true,
            true,
            true,
            false,
            true
          ],
          "active_after": [
            true,
            true,
            true,
            true,
            true,
            false,
            true,
            true,
            true,
            true,
            true,
            false,
            true,
            false,
            false,
            true,
            true,
            false,
            true,
            false,
            true,
            false,
            true,
            false,
            true,
            true,
            true,
            true,
            false,
            true
          ],
          "changed": false
        },
        "ub": {
          "enabled": true,
          "max_cluster_fraction": 0.2,
          "applied": false,
          "n_train": 5585,
          "cap_count": 1117,
          "counts_before": [
            186,
            61,
            206,
            362,
            96,
            0,
            59,
            360,
            149,
            278,
            189,
            0,
            337,
            0,
            0,
            629,
            273,
            0,
            264,
            0,
            74,
            0,
            844,
            0,
            540,
            63,
            77,
            450,
            0,
            88
          ],
          "overloaded_clusters": [],
          "spare_inactive_clusters": [
            5,
            11,
            13,
            14,
            17,
            19,
            21,
            23,
            28
          ],
          "splits": []
        },
        "hard_cap": {
          "enabled": true,
          "max_cluster_fraction": 0.2,
          "chaos_factor": 0.15,
          "applied": false,
          "n_train": 5585,
          "cap_count": 1117,
          "counts_before": [
            186,
            61,
            206,
            362,
            96,
            0,
            59,
            360,
            149,
            278,
            189,
            0,
            337,
            0,
            0,
            629,
            273,
            0,
            264,
            0,
            74,
            0,
            844,
            0,
            540,
            63,
            77,
            450,
            0,
            88
          ],
          "counts_after": [
            186,
            61,
            206,
            362,
            96,
            0,
            59,
            360,
            149,
            278,
            189,
            0,
            337,
            0,
            0,
            629,
            273,
            0,
            264,
            0,
            74,
            0,
            844,
            0,
            540,
            63,
            77,
            450,
            0,
            88
          ],
          "overflow_reassigned": 0
        },
        "changed": false
      }
    ],
    "applied": false,