{
  "n_samples": 2000,
  "per_cluster": {
    "0": {
      "n": 64,
      "class_counts": {
        "0": 3,
        "1": 2,
        "2": 7,
        "3": 19,
        "4": 1,
        "5": 8,
        "6": 0,
        "7": 3,
        "8": 20,
        "9": 1
      },
      "class_density": {
        "0": 0.046875,
        "1": 0.03125,
        "2": 0.109375,
        "3": 0.296875,
        "4": 0.015625,
        "5": 0.125,
        "6": 0.0,
        "7": 0.046875,
        "8": 0.3125,
        "9": 0.015625
      },
      "entropy_nat": 1.7512
    },
    "1": {
      "n": 4,
      "class_counts": {
        "0": 0,
        "1": 0,
        "2": 2,
        "3": 2,
        "4": 0,
        "5": 0,
        "6": 0,
        "7": 0,
        "8": 0,
        "9": 0
      },
      "class_density": {
        "0": 0.0,
        "1": 0.0,
        "2": 0.5,
        "3": 0.5,
        "4": 0.0,
        "5": 0.0,
        "6": 0.0,
        "7": 0.0,
        "8": 0.0,
        "9": 0.0
      },
      "entropy_nat": 0.6931
    },
    "2": {
      "n": 33,
      "class_counts": {
        "0": 0,
        "1": 5,
        "2": 12,
        "3": 8,
        "4": 0,
        "5": 0,
        "6": 0,
        "7": 2,
        "8": 6,
        "9": 0
      },
      "class_density": {
        "0": 0.0,
        "1": 0.15151515151515152,
        "2": 0.36363636363636365,
        "3": 0.24242424242424243,
        "4": 0.0,
        "5": 0.0,
        "6": 0.0,
        "7": 0.06060606060606061,
        "8": 0.18181818181818182,
        "9": 0.0
      },
      "entropy_nat": 1.4772
    },
    "3": {
      "n": 124,
      "class_counts": {
        "0": 0,
        "1": 48,
        "2": 15,
        "3": 19,
        "4": 14,
        "5": 12,
        "6": 10,
        "7": 1,
        "8": 5,
        "9": 0
      },
      "class_density": {
        "0": 0.0,
        "1": 0.3870967741935484,
        "2": 0.12096774193548387,
        "3": 0.1532258064516129,
        "4": 0.11290322580645161,
        "5": 0.0967741935483871,
        "6": 0.08064516129032258,
        "7": 0.008064516129032258,
        "8": 0.04032258064516129,
        "9": 0.0
      },
      "entropy_nat": 1.754
    },
    "4": {
      "n": 2,
      "class_counts": {
        "0": 0,
        "1": 0,
        "2": 2,
        "3": 0,
        "4": 0,
        "5": 0,
        "6": 0,
        "7": 0,
        "8": 0,
        "9": 0
      },
      "class_density": {
        "0": 0.0,
        "1": 0.0,
        "2": 1.0,
        "3": 0.0,
        "4": 0.0,
        "5": 0.0,
        "6": 0.0,
        "7": 0.0,
        "8": 0.0,
        "9": 0.0
      },
      "entropy_nat": -0.0
    },
    "5": {
      "n": 0,
      "class_counts": {
        "0": 0,
        "1": 0,
        "2": 0,
        "3": 0,
        "4": 0,
        "5": 0,
        "6": 0,
        "7": 0,
        "8": 0,
        "9": 0
      },
      "class_density": {
        "0": 0.0,
        "1": 0.0,
        "2": 0.0,
        "3": 0.0,
        "4": 0.0,
        "5": 0.0,
        "6": 0.0,
        "7": 0.0,
        "8": 0.0,
        "9": 0.0
      },
      "entropy_nat": 0.0
    },
    "6": {
      "n": 2,
      "class_counts": {
        "0": 0,
        "1": 0,
        "2": 2,
        "3": 0,
        "4": 0,
        "5": 0,
        "6": 0,
        "7": 0,
        "8": 0,
        "9": 0
      },
      "class_density": {
        "0": 0.0,
        "1": 0.0,
        "2": 1.0,
        "3": 0.0,
        "4": 0.0,
        "5": 0.0,
        "6": 0.0,
        "7": 0.0,
        "8": 0.0,
        "9": 0.0
      },
      "entropy_nat": -0.0
    },
    "7": {
      "n": 82,
      "class_counts": {
        "0": 0,
        "1": 54,
        "2": 17,
        "3": 1,
        "4": 1,
        "5": 1,
        "6": 2,
        "7": 2,
        "8": 4,
        "9": 0
      },
      "class_density": {
        "0": 0.0,
        "1": 0.6585365853658537,
        "2": 0.2073170731707317,
        "3": 0.012195121951219513,
        "4": 0.012195121951219513,
        "5": 0.012195121951219513,
        "6": 0.024390243902439025,
        "7": 0.024390243902439025,
        "8": 0.04878048780487805,
        "9": 0.0
      },
      "entropy_nat": 1.091
    },
    "8": {
      "n": 13,
      "class_counts": {
        "0": 0,
        "1": 0,
        "2": 3,
        "3": 5,
        "4": 0,
        "5": 2,
        "6": 2,
        "7": 0,
        "8": 1,
        "9": 0
      },
      "class_density": {
        "0": 0.0,
        "1": 0.0,
        "2": 0.23076923076923078,
        "3": 0.38461538461538464,
        "4": 0.0,
        "5": 0.15384615384615385,
        "6": 0.15384615384615385,
        "7": 0.0,
        "8": 0.07692307692307693,
        "9": 0.0
      },
      "entropy_nat": 1.4791
    },
    "9": {
      "n": 11,
      "class_counts": {
        "0": 0,
        "1": 0,
        "2": 10,
        "3": 1,
        "4": 0,
        "5": 0,
        "6": 0,
        "7": 0,
        "8": 0,
        "9": 0
      },
      "class_density": {
        "0": 0.0,
        "1": 0.0,
        "2": 0.9090909090909091,
        "3": 0.09090909090909091,
        "4": 0.0,
        "5": 0.0,
        "6": 0.0,
        "7": 0.0,
        "8": 0.0,
        "9": 0.0
      },
      "entropy_nat": 0.3046
    },
    "10": {
      "n": 76,
      "class_counts": {
        "0": 0,
        "1": 0,
        "2": 5,
        "3": 4,
        "4": 25,
        "5": 14,
        "6": 0,
        "7": 1,
        "8": 21,
        "9": 6
      },
      "class_density": {
        "0": 0.0,
        "1": 0.0,
        "2": 0.06578947368421052,
        "3": 0.05263157894736842,
        "4": 0.32894736842105265,
        "5": 0.18421052631578946,
        "6": 0.0,
        "7": 0.013157894736842105,
        "8": 0.27631578947368424,
        "9": 0.07894736842105263
      },
      "entropy_nat": 1.6242
    },
    "11": {
      "n": 0,
      "class_counts": {
        "0": 0,
        "1": 0,
        "2": 0,
        "3": 0,
        "4": 0,
        "5": 0,
        "6": 0,
        "7": 0,
        "8": 0,
        "9": 0
      },
      "class_density": {
        "0": 0.0,
        "1": 0.0,
        "2": 0.0,
        "3": 0.0,
        "4": 0.0,
        "5": 0.0,
        "6": 0.0,
        "7": 0.0,
        "8": 0.0,
        "9": 0.0
      },
      "entropy_nat": 0.0
    },
    "12": {
      "n": 22,
      "class_counts": {
        "0": 1,
        "1": 0,
        "2": 12,
        "3": 8,
        "4": 0,
        "5": 0,
        "6": 0,
        "7": 0,
        "8": 1,
        "9": 0
      },
      "class_density": {
        "0": 0.045454545454545456,
        "1": 0.0,
        "2": 0.5454545454545454,
        "3": 0.36363636363636365,
        "4": 0.0,
        "5": 0.0,
        "6": 0.0,
        "7": 0.0,
        "8": 0.045454545454545456,
        "9": 0.0
      },
      "entropy_nat": 0.9795
    },
    "13": {
      "n": 0,
      "class_counts": {
        "0": 0,
        "1": 0,
        "2": 0,
        "3": 0,
        "4": 0,
        "5": 0,
        "6": 0,
        "7": 0,
        "8": 0,
        "9": 0
      },
      "class_density": {
        "0": 0.0,
        "1": 0.0,
        "2": 0.0,
        "3": 0.0,
        "4": 0.0,
        "5": 0.0,
        "6": 0.0,
        "7": 0.0,
        "8": 0.0,
        "9": 0.0
      },
      "entropy_nat": 0.0
    },
    "14": {
      "n": 0,
      "class_counts": {
        "0": 0,
        "1": 0,
        "2": 0,
        "3": 0,
        "4": 0,
        "5": 0,
        "6": 0,
        "7": 0,
        "8": 0,
        "9": 0
      },
      "class_density": {
        "0": 0.0,
        "1": 0.0,
        "2": 0.0,
        "3": 0.0,
        "4": 0.0,
        "5": 0.0,
        "6": 0.0,
        "7": 0.0,
        "8": 0.0,
        "9": 0.0
      },
      "entropy_nat": 0.0
    },
    "15": {
      "n": 434,
      "class_counts": {
        "0": 37,
        "1": 33,
        "2": 30,
        "3": 49,
        "4": 23,
        "5": 119,
        "6": 64,
        "7": 11,
        "8": 36,
        "9": 32
      },
      "class_density": {
        "0": 0.08525345622119816,