{
  "n_samples": 2000,
  "per_cluster": {
    "0": {
      "n": 48,
      "class_counts": {
        "0": 0,
        "1": 35,
        "2": 1,
        "3": 1,
        "4": 2,
        "5": 1,
        "6": 0,
        "7": 2,
        "8": 3,
        "9": 3
      },
      "class_density": {
        "0": 0.0,
        "1": 0.7291666666666666,
        "2": 0.020833333333333332,
        "3": 0.020833333333333332,
        "4": 0.041666666666666664,
        "5": 0.020833333333333332,
        "6": 0.0,
        "7": 0.041666666666666664,
        "8": 0.0625,
        "9": 0.0625
      },
      "entropy_nat": 1.0837
    },
    "1": {
      "n": 137,
      "class_counts": {
        "0": 14,
        "1": 4,
        "2": 16,
        "3": 22,
        "4": 36,
        "5": 7,
        "6": 3,
        "7": 3,
        "8": 11,
        "9": 21
      },
      "class_density": {
        "0": 0.10218978102189781,
        "1": 0.029197080291970802,
        "2": 0.11678832116788321,
        "3": 0.16058394160583941,
        "4": 0.26277372262773724,
        "5": 0.051094890510948905,
        "6": 0.021897810218978103,
        "7": 0.021897810218978103,
        "8": 0.08029197080291971,
        "9": 0.15328467153284672
      },
      "entropy_nat": 2.0412
    },
    "2": {
      "n": 109,
      "class_counts": {
        "0": 0,
        "1": 80,
        "2": 4,
        "3": 0,
        "4": 1,
        "5": 5,
        "6": 3,
        "7": 14,
        "8": 2,
        "9": 0
      },
      "class_density": {
        "0": 0.0,
        "1": 0.7339449541284404,
        "2": 0.03669724770642202,
        "3": 0.0,
        "4": 0.009174311926605505,
        "5": 0.045871559633027525,
        "6": 0.027522935779816515,
        "7": 0.12844036697247707,
        "8": 0.01834862385321101,
        "9": 0.0
      },
      "entropy_nat": 0.9686
    },
    "3": {
      "n": 0,
      "class_counts": {
        "0": 0,
        "1": 0,
        "2": 0,
        "3": 0,
        "4": 0,
        "5": 0,
        "6": 0,
        "7": 0,
        "8": 0,
        "9": 0
      },
      "class_density": {
        "0": 0.0,
        "1": 0.0,
        "2": 0.0,
        "3": 0.0,
        "4": 0.0,
        "5": 0.0,
        "6": 0.0,
        "7": 0.0,
        "8": 0.0,
        "9": 0.0
      },
      "entropy_nat": 0.0
    },
    "4": {
      "n": 0,
      "class_counts": {
        "0": 0,
        "1": 0,
        "2": 0,
        "3": 0,
        "4": 0,
        "5": 0,
        "6": 0,
        "7": 0,
        "8": 0,
        "9": 0
      },
      "class_density": {
        "0": 0.0,
        "1": 0.0,
        "2": 0.0,
        "3": 0.0,
        "4": 0.0,
        "5": 0.0,
        "6": 0.0,
        "7": 0.0,
        "8": 0.0,
        "9": 0.0
      },
      "entropy_nat": 0.0
    },
    "5": {
      "n": 150,
      "class_counts": {
        "0": 98,
        "1": 0,
        "2": 0,
        "3": 7,
        "4": 0,
        "5": 18,
        "6": 25,
        "7": 0,
        "8": 2,
        "9": 0
      },
      "class_density": {
        "0": 0.6533333333333333,
        "1": 0.0,
        "2": 0.0,
        "3": 0.04666666666666667,
        "4": 0.0,
        "5": 0.12,
        "6": 0.16666666666666666,
        "7": 0.0,
        "8": 0.013333333333333334,
        "9": 0.0
      },
      "entropy_nat": 1.0317
    },
    "6": {
      "n": 1,
      "class_counts": {
        "0": 1,
        "1": 0,
        "2": 0,
        "3": 0,
        "4": 0,
        "5": 0,
        "6": 0,
        "7": 0,
        "8": 0,
        "9": 0
      },
      "class_density": {
        "0": 1.0,
        "1": 0.0,
        "2": 0.0,
        "3": 0.0,
        "4": 0.0,
        "5": 0.0,
        "6": 0.0,
        "7": 0.0,
        "8": 0.0,
        "9": 0.0
      },
      "entropy_nat": -0.0
    },
    "7": {
      "n": 699,
      "class_counts": {
        "0": 27,
        "1": 29,
        "2": 128,
        "3": 111,
        "4": 34,
        "5": 111,
        "6": 150,
        "7": 61,
        "8": 33,
        "9": 15
      },
      "class_density": {
        "0": 0.03862660944206009,
        "1": 0.04148783977110158,
        "2": 0.18311874105865522,
        "3": 0.15879828326180256,
        "4": 0.04864091559370529,
        "5": 0.15879828326180256,
        "6": 0.2145922746781116,
        "7": 0.08726752503576538,
        "8": 0.04721030042918455,
        "9": 0.02145922746781116
      },
      "entropy_nat": 2.0697
    },
    "8": {
      "n": 0,
      "class_counts": {
        "0": 0,
        "1": 0,
        "2": 0,
        "3": 0,
        "4": 0,
        "5": 0,
        "6": 0,
        "7": 0,
        "8": 0,
        "9": 0
      },
      "class_density": {
        "0": 0.0,
        "1": 0.0,
        "2": 0.0,
        "3": 0.0,
        "4": 0.0,
        "5": 0.0,
        "6": 0.0,
        "7": 0.0,
        "8": 0.0,
        "9": 0.0
      },
      "entropy_nat": 0.0
    },
    "9": {
      "n": 0,
      "class_counts": {
        "0": 0,
        "1": 0,
        "2": 0,
        "3": 0,
        "4": 0,
        "5": 0,
        "6": 0,
        "7": 0,
        "8": 0,
        "9": 0
      },
      "class_density": {
        "0": 0.0,
        "1": 0.0,
        "2": 0.0,
        "3": 0.0,
        "4": 0.0,
        "5": 0.0,
        "6": 0.0,
        "7": 0.0,
        "8": 0.0,
        "9": 0.0
      },
      "entropy_nat": 0.0
    },
    "10": {
      "n": 20,
      "class_counts": {
        "0": 0,
        "1": 19,
        "2": 1,
        "3": 0,
        "4": 0,
        "5": 0,
        "6": 0,
        "7": 0,
        "8": 0,
        "9": 0
      },
      "class_density": {
        "0": 0.0,
        "1": 0.95,
        "2": 0.05,
        "3": 0.0,
        "4": 0.0,
        "5": 0.0,
        "6": 0.0,
        "7": 0.0,
        "8": 0.0,
        "9": 0.0
      },
      "entropy_nat": 0.1985
    },
    "11": {
      "n": 0,
      "class_counts": {
        "0": 0,
        "1": 0,
        "2": 0,
        "3": 0,
        "4": 0,
        "5": 0,
        "6": 0,
        "7": 0,
        "8": 0,
        "9": 0
      },
      "class_density": {
        "0": 0.0,
        "1": 0.0,
        "2": 0.0,
        "3": 0.0,
        "4": 0.0,
        "5": 0.0,
        "6": 0.0,
        "7": 0.0,
        "8": 0.0,
        "9": 0.0
      },
      "entropy_nat": 0.0
    },
    "12": {
      "n": 0,
      "class_counts": {
        "0": 0,
        "1": 0,
        "2": 0,
        "3": 0,
        "4": 0,
        "5": 0,
        "6": 0,
        "7": 0,
        "8": 0,
        "9": 0
      },
      "class_density": {
        "0": 0.0,
        "1": 0.0,
        "2": 0.0,
        "3": 0.0,
        "4": 0.0,
        "5": 0.0,
        "6": 0.0,
        "7": 0.0,
        "8": 0.0,
        "9": 0.0
      },
      "entropy_nat": 0.0
    },
    "13": {
      "n": 0,
      "class_counts": {
        "0": 0,
        "1": 0,
        "2": 0,
        "3": 0,
        "4": 0,
        "5": 0,
        "6": 0,
        "7": 0,
        "8": 0,
        "9": 0
      },
      "class_density": {
        "0": 0.0,
        "1": 0.0,
        "2": 0.0,
        "3": 0.0,
        "4": 0.0,
        "5": 0.0,
        "6": 0.0,
        "7": 0.0,
        "8": 0.0,
        "9": 0.0
      },
      "entropy_nat": 0.0
    },
    "14": {
      "n": 16,
      "class_counts": {
        "0": 0,
        "1": 12,
        "2": 0,
        "3": 0,
        "4": 0,
        "5": 1,
        "6": 2,
        "7": 1,
        "8": 0,
        "9": 0
      },
      "class_density": {
        "0": 0.0,
        "1": 0.75,
        "2": 0.0,
        "3": 0.0,
        "4": 0.0,
        "5": 0.0625,
        "6": 0.125,
        "7": 0.0625,
        "8": 0.0,
        "9": 0.0
      },
      "entropy_nat": 0.8223
    },
    "15": {
      "n": 0,
      "class_counts": {
        "0": 0,
        "1": 0,
        "2": 0,
        "3": 0,
        "4": 0,
        "5": 0,
        "6": 0,
        "7": 0,
        "8": 0,
        "9": 0
      },
      "class_density": {
        "0": 0.0,
        "1": 0.0,
        "2": 0.0,
        "3": 0.0,
        "4": 0.0,