{
  "best_epoch": 15,
  "best_macro_auc": 0.9590642328962125,
  "per_digit_best_auc": {
    "0": 0.9826491797479647,
    "1": 0.9970411226444184,
    "2": 0.927043197657779,
    "3": 0.9652324979793868,
    "4": 0.9437451320383183,
    "5": 0.910082329928055,
    "6": 0.994393357797517,
    "7": 0.9811004776438534,
    "8": 0.9305520864274205,
    "9": 0.9588029470974103
  },
  "curvature": 1.0,
  "objective": "soft-boundary",
  "lambda_excl": 0.01,
  "margin_excl": 0.1,
  "lambda_overlap": 0.01,
  "margin_overlap": 0.05
}