{
  "best_epoch": 5,
  "best_macro_auc": 0.7381456531413654,
  "per_digit_best_auc": {
    "0": 0.8745576260569997,
    "1": 0.573406572925995,
    "2": 0.6154986400063773,
    "3": 0.7724016976215412,
    "4": 0.6093151075019632,
    "5": 0.6586187281753633,
    "6": 0.8584411645216348,
    "7": 0.8083863171815167,
    "8": 0.8127290468411057,
    "9": 0.7981016305811569
  },
  "best_hungarian_acc": 0.313444428753001,
  "best_nmi": 0.23007756348047675,
  "best_ari": 0.13006356661585972,
  "curvature": 1.0,
  "objective": "soft-boundary",
  "temperature": 0.3,
  "lambda_sep": 0.02,
  "sep_margin": 0.05,
  "lambda_overlap": 0.001,
  "margin_overlap": 0.05,
  "radius_ema": 0.9,
  "radius_max_step": 0.05,
  "lambda_entropy": 0.15,
  "seed": 42,
  "deterministic": true,
  "early_stop_patience": 2,
  "early_stop_min_delta": 0.002
}