{
  "version": 2,
  "checkpoint_selection": "min_training_loss",
  "best_epoch": 20,
  "best_training_loss": 0.41678586873141205,
  "macro_auc_test_at_best_epoch": 0.5032061720921581,
  "per_digit_auc_at_best_epoch": {
    "0": 0.9227971371244282,
    "1": 0.2648571793888249,
    "2": 0.48187350243155497,
    "3": 0.4917009406602466,
    "4": 0.3663332472790116,
    "5": 0.48257611130099715,
    "6": 0.6388603603215495,
    "7": 0.3580955531319209,
    "8": 0.5449698944983463,
    "9": 0.47999779478470056
  },
  "macro_auc_test_pruned_active_spheres": 0.5018045226252378,
  "per_digit_auc_test_pruned_active_spheres": {
    "0": 0.9153217919271857,
    "1": 0.3050308656182074,
    "2": 0.523218925011697,
    "3": 0.5227419536878959,
    "4": 0.3376564276118328,
    "5": 0.4182445928212175,
    "6": 0.6492128413017069,
    "7": 0.38213562675569035,
    "8": 0.47550107577651624,
    "9": 0.4889811257404276
  },
  "curvature": 1.0,
  "n_spheres": 30,
  "train_normal_digits": [
    0
  ],
  "test_digits": [
    0,
    1,
    2,
    3,
    4,
    5,
    6,
    7,
    8,
    9
  ],
  "objective": "union-soft",
  "unsupervised": true,
  "ae_checkpoint": "samplesvdd/hySpUnsup/runs/my_v3_ae200_stage1/ae_stage1_ep200.pth",
  "prune": {
    "train_argmin_counts": [
      648,
      163,
      52,
      138,
      94,
      257,
      414,
      110,
      672,
      138,
      213,
      149,
      165,
      108,
      108,
      60,
      30,
      198,
      182,
      73,
      121,
      45,
      213,
      89,
      167,
      50,
      47,
      559,
      177,
      85
    ],
    "silhouette_mean_per_cluster_euclidean_z": {
      "0": null,
      "1": null,
      "2": null,
      "3": null,
      "4": null,
      "5": null,
      "6": null,
      "7": null,
      "8": null,
      "9": null,
      "10": null,
      "11": null,
      "12": null,
      "13": null,
      "14": null,
      "15": null,
      "16": null,
      "17": null,
      "18": null,
      "19": null,
      "20": null,
      "21": null,
      "22": null,
      "23": null,
      "24": null,
      "25": null,
      "26": null,
      "27": null,
      "28": null,
      "29": null
    },
    "active_cluster_mask": [
      true,
      true,
      false,
      true,
      false,
      true,
      true,
      true,
      true,
      true,
      true,
      true,
      true,
      true,
      true,
      false,
      false,
      true,
      true,
      false,
      true,
      false,
      true,
      false,
      true,
      false,
      false,
      true,
      true,
      false
    ]
  },
  "split_overloaded": {
    "enabled": true,
    "max_cluster_fraction": 0.2,
    "applied": false,
    "n_train": 5525,
    "cap_count": 1105,
    "counts_before": [
      745,
      249,
      0,
      148,
      0,
      332,
      459,
      142,
      706,
      138,
      253,
      155,
      205,
      112,
      142,
      0,
      0,
      212,
      203,
      0,
      123,
      0,
      244,
      0,
      177,
      0,
      0,
      602,
      178,
      0
    ],
    "overloaded_clusters": [],
    "spare_inactive_clusters": [
      2,
      4,
      15,
      16,
      19,
      21,
      23,
      25,
      26,
      29
    ],
    "splits": []
  },
  "hybrid_rebalance": {
    "enabled": true,
    "lb_min_cluster_members": 100,
    "ub_max_cluster_fraction": 0.2,
    "max_iters": 4,
    "hard_cap_enabled": true,
    "chaos_factor": 0.15,
    "iterations": [
      {
        "iter": 1,
        "lb": {
          "enabled": true,
          "counts": [
            648,
            163,
            52,
            138,
            94,
            257,
            414,
            110,
            672,
            138,
            213,
            149,
            165,
            108,
            108,
            60,
            30,
            198,
            182,
            73,
            121,
            45,
            213,
            89,
            167,
            50,
            47,
            559,
            177,
            85
          ],
          "active_before": [
            true,
            true,
            false,
            true,
            false,
            true,
            true,
            true,
            true,
            true,
            true,
            true,
            true,
            true,
            true,
            false,
            false,
            true,
            true,
            false,
            true,
            false,
            true,
            false,
            true,
            false,
            false,
            true,
            true,
            false
          ],
          "active_after": [
            true,
            true,
            false,
            true,
            false,
            true,
            true,
            true,
            true,
            true,
            true,
            true,
            true,
            true,
            true,
            false,
            false,
            true,
            true,
            false,
            true,
            false,
            true,
            false,
            true,
            false,
            false,
            true,
            true,
            false
          ],
          "changed": false
        },
        "ub": {
          "enabled": true,
          "max_cluster_fraction": 0.2,
          "applied": false,
          "n_train": 5525,
          "cap_count": 1105,
          "counts_before": [
            745,
            249,
            0,
            148,
            0,
            332,
            459,
            142,
            706,
            138,
            253,
            155,
            205,
            112,
            142,
            0,
            0,
            212,
            203,
            0,
            123,
            0,
            244,
            0,
            177,
            0,
            0,
            602,
            178,
            0
          ],
          "overloaded_clusters": [],
          "spare_inactive_clusters": [
            2,
            4,
            15,
            16,
            19,
            21,
            23,
            25,
            26,
            29
          ],
          "splits": []
        },
        "hard_cap": {
          "enabled": true,
          "max_cluster_fraction": 0.2,
          "chaos_factor": 0.15,
          "applied": false,
          "n_train": 5525,
          "cap_count": 1105,
          "counts_before": [
            745,
            249,
            0,
            148,
            0,
            332,
            459,
            142,
            706,
            138,
            253,
            155,
            205,
            112,
            142,
            0,
            0,
            212,
            203,
            0,
            123,
            0,
            244,
            0,
            177,
            0,
            0,
            602,
            178,
            0
          ],
          "counts_after": [
            745,
            249,
            0,
            148,
            0,
            332,
            459,
            142,
            706,
            138,
            253,
            155,
            205,
            112,
            142,
            0,
            0,
            212,
            203,
            0,
            123,
            0,
            244,
            0,
            177,
            0,
            0,
            602,
            178,
            0
          ],
          "overflow_reassigned": 0
        },
        "changed": false
      }
    ],
    "applied": false,