{
  "n_samples": 2000,
  "per_cluster": {
    "0": {
      "n": 51,
      "class_counts": {
        "0": 22,
        "1": 9,
        "2": 1,
        "3": 2,
        "4": 2,
        "5": 11,
        "6": 0,
        "7": 1,
        "8": 1,
        "9": 2
      },
      "class_density": {
        "0": 0.43137254901960786,
        "1": 0.17647058823529413,
        "2": 0.0196078431372549,
        "3": 0.0392156862745098,
        "4": 0.0392156862745098,
        "5": 0.21568627450980393,
        "6": 0.0,
        "7": 0.0196078431372549,
        "8": 0.0196078431372549,
        "9": 0.0392156862745098
      },
      "entropy_nat": 1.6119
    },
    "1": {
      "n": 121,
      "class_counts": {
        "0": 4,
        "1": 18,
        "2": 13,
        "3": 9,
        "4": 38,
        "5": 2,
        "6": 2,
        "7": 0,
        "8": 9,
        "9": 26
      },
      "class_density": {
        "0": 0.03305785123966942,
        "1": 0.1487603305785124,
        "2": 0.10743801652892562,
        "3": 0.0743801652892562,
        "4": 0.3140495867768595,
        "5": 0.01652892561983471,
        "6": 0.01652892561983471,
        "7": 0.0,
        "8": 0.0743801652892562,
        "9": 0.21487603305785125
      },
      "entropy_nat": 1.8522
    },
    "2": {
      "n": 0,
      "class_counts": {
        "0": 0,
        "1": 0,
        "2": 0,
        "3": 0,
        "4": 0,
        "5": 0,
        "6": 0,
        "7": 0,
        "8": 0,
        "9": 0
      },
      "class_density": {
        "0": 0.0,
        "1": 0.0,
        "2": 0.0,
        "3": 0.0,
        "4": 0.0,
        "5": 0.0,
        "6": 0.0,
        "7": 0.0,
        "8": 0.0,
        "9": 0.0
      },
      "entropy_nat": 0.0
    },
    "3": {
      "n": 6,
      "class_counts": {
        "0": 5,
        "1": 0,
        "2": 0,
        "3": 0,
        "4": 0,
        "5": 0,
        "6": 0,
        "7": 0,
        "8": 1,
        "9": 0
      },
      "class_density": {
        "0": 0.8333333333333334,
        "1": 0.0,
        "2": 0.0,
        "3": 0.0,
        "4": 0.0,
        "5": 0.0,
        "6": 0.0,
        "7": 0.0,
        "8": 0.16666666666666666,
        "9": 0.0
      },
      "entropy_nat": 0.4506
    },
    "4": {
      "n": 0,
      "class_counts": {
        "0": 0,
        "1": 0,
        "2": 0,
        "3": 0,
        "4": 0,
        "5": 0,
        "6": 0,
        "7": 0,
        "8": 0,
        "9": 0
      },
      "class_density": {
        "0": 0.0,
        "1": 0.0,
        "2": 0.0,
        "3": 0.0,
        "4": 0.0,
        "5": 0.0,
        "6": 0.0,
        "7": 0.0,
        "8": 0.0,
        "9": 0.0
      },
      "entropy_nat": 0.0
    },
    "5": {
      "n": 7,
      "class_counts": {
        "0": 7,
        "1": 0,
        "2": 0,
        "3": 0,
        "4": 0,
        "5": 0,
        "6": 0,
        "7": 0,
        "8": 0,
        "9": 0
      },
      "class_density": {
        "0": 1.0,
        "1": 0.0,
        "2": 0.0,
        "3": 0.0,
        "4": 0.0,
        "5": 0.0,
        "6": 0.0,
        "7": 0.0,
        "8": 0.0,
        "9": 0.0
      },
      "entropy_nat": -0.0
    },
    "6": {
      "n": 861,
      "class_counts": {
        "0": 36,
        "1": 174,
        "2": 159,
        "3": 120,
        "4": 39,
        "5": 38,
        "6": 178,
        "7": 86,
        "8": 24,
        "9": 7
      },
      "class_density": {
        "0": 0.041811846689895474,
        "1": 0.20209059233449478,
        "2": 0.18466898954703834,
        "3": 0.13937282229965156,
        "4": 0.04529616724738676,
        "5": 0.04413472706155633,
        "6": 0.2067363530778165,
        "7": 0.09988385598141696,
        "8": 0.027874564459930314,
        "9": 0.008130081300813009
      },
      "entropy_nat": 2.0153
    },
    "7": {
      "n": 8,
      "class_counts": {
        "0": 8,
        "1": 0,
        "2": 0,
        "3": 0,
        "4": 0,
        "5": 0,
        "6": 0,
        "7": 0,
        "8": 0,
        "9": 0
      },
      "class_density": {
        "0": 1.0,
        "1": 0.0,
        "2": 0.0,
        "3": 0.0,
        "4": 0.0,
        "5": 0.0,
        "6": 0.0,
        "7": 0.0,
        "8": 0.0,
        "9": 0.0
      },
      "entropy_nat": -0.0
    },
    "8": {
      "n": 231,
      "class_counts": {
        "0": 24,
        "1": 0,
        "2": 14,
        "3": 26,
        "4": 17,
        "5": 92,
        "6": 7,
        "7": 2,
        "8": 38,
        "9": 11
      },
      "class_density": {
        "0": 0.1038961038961039,
        "1": 0.0,
        "2": 0.06060606060606061,
        "3": 0.11255411255411256,
        "4": 0.0735930735930736,
        "5": 0.39826839826839827,
        "6": 0.030303030303030304,
        "7": 0.008658008658008658,
        "8": 0.1645021645021645,
        "9": 0.047619047619047616
      },
      "entropy_nat": 1.7986
    },
    "9": {
      "n": 3,
      "class_counts": {
        "0": 3,
        "1": 0,
        "2": 0,
        "3": 0,
        "4": 0,
        "5": 0,
        "6": 0,
        "7": 0,
        "8": 0,
        "9": 0
      },
      "class_density": {
        "0": 1.0,
        "1": 0.0,
        "2": 0.0,
        "3": 0.0,
        "4": 0.0,
        "5": 0.0,
        "6": 0.0,
        "7": 0.0,
        "8": 0.0,
        "9": 0.0
      },
      "entropy_nat": -0.0
    },
    "10": {
      "n": 17,
      "class_counts": {
        "0": 13,
        "1": 0,
        "2": 0,
        "3": 0,
        "4": 0,
        "5": 0,
        "6": 0,
        "7": 0,
        "8": 2,
        "9": 2
      },
      "class_density": {
        "0": 0.7647058823529411,
        "1": 0.0,
        "2": 0.0,
        "3": 0.0,
        "4": 0.0,
        "5": 0.0,
        "6": 0.0,
        "7": 0.0,
        "8": 0.11764705882352941,
        "9": 0.11764705882352941
      },
      "entropy_nat": 0.7087
    },
    "11": {
      "n": 6,
      "class_counts": {
        "0": 2,
        "1": 0,
        "2": 0,
        "3": 0,
        "4": 0,
        "5": 1,
        "6": 0,
        "7": 0,
        "8": 3,
        "9": 0
      },
      "class_density": {
        "0": 0.3333333333333333,
        "1": 0.0,
        "2": 0.0,
        "3": 0.0,
        "4": 0.0,
        "5": 0.16666666666666666,
        "6": 0.0,
        "7": 0.0,
        "8": 0.5,
        "9": 0.0
      },
      "entropy_nat": 1.0114
    },
    "12": {
      "n": 96,
      "class_counts": {
        "0": 3,
        "1": 20,
        "2": 8,
        "3": 17,
        "4": 7,
        "5": 12,
        "6": 0,
        "7": 3,
        "8": 16,
        "9": 10
      },
      "class_density": {
        "0": 0.03125,
        "1": 0.20833333333333334,
        "2": 0.08333333333333333,
        "3": 0.17708333333333334,
        "4": 0.07291666666666667,
        "5": 0.125,
        "6": 0.0,
        "7": 0.03125,
        "8": 0.16666666666666666,
        "9": 0.10416666666666667
      },
      "entropy_nat": 2.0421
    },
    "13": {
      "n": 66,
      "class_counts": {
        "0": 7,
        "1": 0,
        "2": 2,
        "3": 3,
        "4": 3,
        "5": 5,
        "6": 0,
        "7": 0,
        "8": 38,
        "9": 8
      },
      "class_density": {
        "0": 0.10606060606060606,
        "1": 0.0,
        "2": 0.030303030303030304,
        "3": 0.045454545454545456,
        "4": 0.045454545454545456,
        "5": 0.07575757575757576,
        "6": 0.0,
        "7": 0.0,
        "8": 0.5757575757575758,
        "9": 0.12121212121212122
      },
      "entropy_nat": 1.394
    },
    "14": {
      "n": 293,
      "class_counts": {
        "0": 4,
        "1": 0,
        "2": 2,
        "3": 2,
        "4": 68,
        "5": 6,
        "6": 17,
        "7": 87,
        "8": 6,
        "9": 101
      },
      "class_density": {
        "0": 0.013651877133105802,
        "1": 0.0,
        "2": 0.006825938566552901,
        "3": 0.006825938566552901,
        "4": 0.23208191126279865,
        "5": 0.020477815699658702,
        "6": 0.05802047781569966,