{
  "version": 2,
  "checkpoint_selection": "min_training_loss",
  "best_epoch": 20,
  "best_training_loss": 0.6279815606874962,
  "macro_auc_test_at_best_epoch": 0.501113169450701,
  "per_digit_auc_at_best_epoch": {
    "0": 0.5623707165601549,
    "1": 0.39872126326556706,
    "2": 0.43326477719017165,
    "3": 0.4582695215105881,
    "4": 0.5184479343556649,
    "5": 0.39256287062103973,
    "6": 0.5051306905157831,
    "7": 0.5121641178092047,
    "8": 0.6425383582998376,
    "9": 0.5876614443789976
  },
  "macro_auc_test_pruned_active_spheres": 0.5037348144023398,
  "per_digit_auc_test_pruned_active_spheres": {
    "0": 0.4235123540298006,
    "1": 0.3554862549546094,
    "2": 0.36841093987041157,
    "3": 0.4456720305029807,
    "4": 0.6893040429165979,
    "5": 0.5564824079702748,
    "6": 0.21048376025664223,
    "7": 0.49037344520737663,
    "8": 0.7704955668498424,
    "9": 0.7271273414648622
  },
  "curvature": 1.0,
  "n_spheres": 15,
  "train_normal_digits": [
    0,
    1,
    2,
    3,
    4,
    5,
    6,
    7,
    8,
    9
  ],
  "test_digits": [
    0,
    1,
    2,
    3,
    4,
    5,
    6,
    7,
    8,
    9
  ],
  "objective": "union-soft",
  "unsupervised": true,
  "ae_checkpoint": "samplesvdd/hySpUnsup/runs/my_v3_ae200_stage1/ae_stage1_ep200.pth",
  "prune": {
    "train_argmin_counts": [
      8,
      4,
      57,
      10,
      5,
      3,
      17,
      3,
      2,
      9,
      37,
      55887,
      1,
      2,
      0
    ],
    "silhouette_mean_per_cluster_euclidean_z": {
      "0": null,
      "1": null,
      "2": null,
      "3": null,
      "4": null,
      "5": null,
      "6": null,
      "7": null,
      "8": null,
      "9": null,
      "10": null,
      "11": null,
      "12": null,
      "13": null,
      "14": null
    },
    "active_cluster_mask": [
      false,
      false,
      true,
      false,
      false,
      false,
      false,
      false,
      false,
      false,
      false,
      true,
      false,
      false,
      false
    ]
  },
  "split_overloaded": {
    "enabled": true,
    "max_cluster_fraction": 0.2,
    "applied": true,
    "n_train": 56045,
    "cap_count": 11209,
    "counts_before": [
      0,
      0,
      57,
      0,
      0,
      0,
      0,
      0,
      0,
      0,
      0,
      55988,
      0,
      0,
      0
    ],
    "overloaded_clusters": [
      11
    ],
    "spare_inactive_clusters": [
      0,
      1,
      3,
      4,
      5,
      6,
      7,
      8,
      9,
      10,
      12,
      13,
      14
    ],
    "splits": [
      {
        "source_cluster": 11,
        "source_count": 55988,
        "groups_after_split": [
          14341,
          13046,
          11091,
          10611,
          6899
        ],
        "new_clusters_activated": [
          0,
          1,
          3,
          4
        ]
      }
    ],
    "active_cluster_mask_after_split": [
      true,
      true,
      true,
      true,
      true,
      false,
      false,
      false,
      false,
      false,
      false,
      true,
      false,
      false,
      false
    ]
  },
  "hybrid_rebalance": {
    "enabled": true,
    "lb_min_cluster_members": 50,
    "ub_max_cluster_fraction": 0.2,
    "max_iters": 4,
    "hard_cap_enabled": true,
    "chaos_factor": 0.15,
    "iterations": [
      {
        "iter": 1,
        "lb": {
          "enabled": true,
          "counts": [
            0,
            0,
            14925,
            0,
            0,
            1119,
            5327,
            1163,
            5230,
            2451,
            23012,
            1362,
            1296,
            26,
            134
          ],
          "active_before": [
            true,
            true,
            true,
            true,
            true,
            false,
            false,
            false,
            false,
            false,
            false,
            true,
            false,
            false,
            false
          ],
          "active_after": [
            false,
            false,
            true,
            false,
            false,
            true,
            true,
            true,
            true,
            true,
            true,
            true,
            true,
            false,
            true
          ],
          "changed": true
        },
        "ub": {
          "enabled": true,
          "max_cluster_fraction": 0.2,
          "applied": true,
          "n_train": 56045,
          "cap_count": 11209,
          "counts_before": [
            0,
            0,
            14951,
            0,
            0,
            1119,
            5327,
            1163,
            5230,
            2451,
            23012,
            1362,
            1296,
            0,
            134
          ],
          "overloaded_clusters": [
            2,
            10
          ],
          "spare_inactive_clusters": [
            0,
            1,
            3,
            4,
            13
          ],
          "splits": [
            {
              "source_cluster": 2,
              "source_count": 14951,
              "groups_after_split": [
                7654,
                7297
              ],
              "new_clusters_activated": [
                0
              ]
            },
            {
              "source_cluster": 10,
              "source_count": 23012,
              "groups_after_split": [
                10866,
                7309,
                4837
              ],
              "new_clusters_activated": [
                1,
                3
              ]
            }
          ],
          "active_cluster_mask_after_split": [
            true,
            true,
            true,
            true,
            false,
            true,
            true,
            true,
            true,
            true,
            true,
            true,
            true,
            false,
            true
          ]
        },
        "hard_cap": {
          "enabled": true,
          "max_cluster_fraction": 0.2,
          "chaos_factor": 0.15,
          "applied": true,
          "n_train": 56045,
          "cap_count": 11209,
          "counts_before": [
            0,
            0,
            1902,
            0,
            0,
            1761,
            27299,
            1489,
            7778,
            4891,
            4392,
            3843,
            2497,
            0,
            193
          ],
          "counts_after": [
            0,
            0,
            4768,
            0,
            0,
            2987,
            11209,
            2282,
            9398,
            5217,
            7754,
            7899,
            3141,
            0,
            1390
          ],
          "overflow_reassigned": 16090
        },
        "changed": true
      },
      {
        "iter": 2,
        "lb": {
          "enabled": true,
          "counts": [
            0,
            0,
            0,
            0,
            0,
            3,
            460,
            4923,
            16793,
            32586,
            84,
            0,
            164,
            1032,
            0
          ],
          "active_before": [
            true,
            true,
            true,
            true,
            false,
            true,
            true,
            true,
            true,
            true,
            true,
            true,
            true,
            false,
            true
          ],
          "active_after": [
            false,
            false,
            false,
            false,
            false,
            false,
            true,
            true,
            true,
            true,
            true,
            false,
            true,
            true,
            false
          ],
          "changed": true
        },
        "ub": {
          "enabled": true,
          "max_cluster_fraction": 0.2,
          "applied": true,