{
  "n_samples": 2000,
  "per_cluster": {
    "0": {
      "n": 0,
      "class_counts": {
        "0": 0,
        "1": 0,
        "2": 0,
        "3": 0,
        "4": 0,
        "5": 0,
        "6": 0,
        "7": 0,
        "8": 0,
        "9": 0
      },
      "class_density": {
        "0": 0.0,
        "1": 0.0,
        "2": 0.0,
        "3": 0.0,
        "4": 0.0,
        "5": 0.0,
        "6": 0.0,
        "7": 0.0,
        "8": 0.0,
        "9": 0.0
      },
      "entropy_nat": 0.0
    },
    "1": {
      "n": 37,
      "class_counts": {
        "0": 1,
        "1": 1,
        "2": 17,
        "3": 6,
        "4": 3,
        "5": 3,
        "6": 2,
        "7": 0,
        "8": 4,
        "9": 0
      },
      "class_density": {
        "0": 0.02702702702702703,
        "1": 0.02702702702702703,
        "2": 0.4594594594594595,
        "3": 0.16216216216216217,
        "4": 0.08108108108108109,
        "5": 0.08108108108108109,
        "6": 0.05405405405405406,
        "7": 0.0,
        "8": 0.10810810810810811,
        "9": 0.0
      },
      "entropy_nat": 1.6531
    },
    "2": {
      "n": 0,
      "class_counts": {
        "0": 0,
        "1": 0,
        "2": 0,
        "3": 0,
        "4": 0,
        "5": 0,
        "6": 0,
        "7": 0,
        "8": 0,
        "9": 0
      },
      "class_density": {
        "0": 0.0,
        "1": 0.0,
        "2": 0.0,
        "3": 0.0,
        "4": 0.0,
        "5": 0.0,
        "6": 0.0,
        "7": 0.0,
        "8": 0.0,
        "9": 0.0
      },
      "entropy_nat": 0.0
    },
    "3": {
      "n": 88,
      "class_counts": {
        "0": 1,
        "1": 0,
        "2": 36,
        "3": 33,
        "4": 1,
        "5": 6,
        "6": 7,
        "7": 0,
        "8": 3,
        "9": 1
      },
      "class_density": {
        "0": 0.011363636363636364,
        "1": 0.0,
        "2": 0.4090909090909091,
        "3": 0.375,
        "4": 0.011363636363636364,
        "5": 0.06818181818181818,
        "6": 0.07954545454545454,
        "7": 0.0,
        "8": 0.03409090909090909,
        "9": 0.011363636363636364
      },
      "entropy_nat": 1.3858
    },
    "4": {
      "n": 0,
      "class_counts": {
        "0": 0,
        "1": 0,
        "2": 0,
        "3": 0,
        "4": 0,
        "5": 0,
        "6": 0,
        "7": 0,
        "8": 0,
        "9": 0
      },
      "class_density": {
        "0": 0.0,
        "1": 0.0,
        "2": 0.0,
        "3": 0.0,
        "4": 0.0,
        "5": 0.0,
        "6": 0.0,
        "7": 0.0,
        "8": 0.0,
        "9": 0.0
      },
      "entropy_nat": 0.0
    },
    "5": {
      "n": 11,
      "class_counts": {
        "0": 10,
        "1": 0,
        "2": 0,
        "3": 1,
        "4": 0,
        "5": 0,
        "6": 0,
        "7": 0,
        "8": 0,
        "9": 0
      },
      "class_density": {
        "0": 0.9090909090909091,
        "1": 0.0,
        "2": 0.0,
        "3": 0.09090909090909091,
        "4": 0.0,
        "5": 0.0,
        "6": 0.0,
        "7": 0.0,
        "8": 0.0,
        "9": 0.0
      },
      "entropy_nat": 0.3046
    },
    "6": {
      "n": 716,
      "class_counts": {
        "0": 71,
        "1": 76,
        "2": 34,
        "3": 46,
        "4": 113,
        "5": 54,
        "6": 10,
        "7": 62,
        "8": 107,
        "9": 143
      },
      "class_density": {
        "0": 0.09916201117318436,
        "1": 0.10614525139664804,
        "2": 0.04748603351955307,
        "3": 0.06424581005586592,
        "4": 0.15782122905027932,
        "5": 0.07541899441340782,
        "6": 0.013966480446927373,
        "7": 0.08659217877094973,
        "8": 0.1494413407821229,
        "9": 0.19972067039106145
      },
      "entropy_nat": 2.1519
    },
    "7": {
      "n": 486,
      "class_counts": {
        "0": 1,
        "1": 51,
        "2": 83,
        "3": 77,
        "4": 60,
        "5": 94,
        "6": 43,
        "7": 18,
        "8": 40,
        "9": 19
      },
      "class_density": {
        "0": 0.00205761316872428,
        "1": 0.10493827160493827,
        "2": 0.17078189300411523,
        "3": 0.15843621399176955,
        "4": 0.12345679012345678,
        "5": 0.1934156378600823,
        "6": 0.08847736625514403,
        "7": 0.037037037037037035,
        "8": 0.0823045267489712,
        "9": 0.03909465020576132
      },
      "entropy_nat": 2.088
    },
    "8": {
      "n": 0,
      "class_counts": {
        "0": 0,
        "1": 0,
        "2": 0,
        "3": 0,
        "4": 0,
        "5": 0,
        "6": 0,
        "7": 0,
        "8": 0,
        "9": 0
      },
      "class_density": {
        "0": 0.0,
        "1": 0.0,
        "2": 0.0,
        "3": 0.0,
        "4": 0.0,
        "5": 0.0,
        "6": 0.0,
        "7": 0.0,
        "8": 0.0,
        "9": 0.0
      },
      "entropy_nat": 0.0
    },
    "9": {
      "n": 0,
      "class_counts": {
        "0": 0,
        "1": 0,
        "2": 0,
        "3": 0,
        "4": 0,
        "5": 0,
        "6": 0,
        "7": 0,
        "8": 0,
        "9": 0
      },
      "class_density": {
        "0": 0.0,
        "1": 0.0,
        "2": 0.0,
        "3": 0.0,
        "4": 0.0,
        "5": 0.0,
        "6": 0.0,
        "7": 0.0,
        "8": 0.0,
        "9": 0.0
      },
      "entropy_nat": 0.0
    },
    "10": {
      "n": 0,
      "class_counts": {
        "0": 0,
        "1": 0,
        "2": 0,
        "3": 0,
        "4": 0,
        "5": 0,
        "6": 0,
        "7": 0,
        "8": 0,
        "9": 0
      },
      "class_density": {
        "0": 0.0,
        "1": 0.0,
        "2": 0.0,
        "3": 0.0,
        "4": 0.0,
        "5": 0.0,
        "6": 0.0,
        "7": 0.0,
        "8": 0.0,
        "9": 0.0
      },
      "entropy_nat": 0.0
    },
    "11": {
      "n": 0,
      "class_counts": {
        "0": 0,
        "1": 0,
        "2": 0,
        "3": 0,
        "4": 0,
        "5": 0,
        "6": 0,
        "7": 0,
        "8": 0,
        "9": 0
      },
      "class_density": {
        "0": 0.0,
        "1": 0.0,
        "2": 0.0,
        "3": 0.0,
        "4": 0.0,
        "5": 0.0,
        "6": 0.0,
        "7": 0.0,
        "8": 0.0,
        "9": 0.0
      },
      "entropy_nat": 0.0
    },
    "12": {
      "n": 8,
      "class_counts": {
        "0": 8,
        "1": 0,
        "2": 0,
        "3": 0,
        "4": 0,
        "5": 0,
        "6": 0,
        "7": 0,
        "8": 0,
        "9": 0
      },
      "class_density": {
        "0": 1.0,
        "1": 0.0,
        "2": 0.0,
        "3": 0.0,
        "4": 0.0,
        "5": 0.0,
        "6": 0.0,
        "7": 0.0,
        "8": 0.0,
        "9": 0.0
      },
      "entropy_nat": -0.0
    },
    "13": {
      "n": 0,
      "class_counts": {
        "0": 0,
        "1": 0,
        "2": 0,
        "3": 0,
        "4": 0,
        "5": 0,
        "6": 0,
        "7": 0,
        "8": 0,
        "9": 0
      },
      "class_density": {
        "0": 0.0,
        "1": 0.0,
        "2": 0.0,
        "3": 0.0,
        "4": 0.0,
        "5": 0.0,
        "6": 0.0,
        "7": 0.0,
        "8": 0.0,
        "9": 0.0
      },
      "entropy_nat": 0.0
    },
    "14": {
      "n": 4,
      "class_counts": {
        "0": 0,
        "1": 0,
        "2": 1,
        "3": 1,
        "4": 0,
        "5": 0,
        "6": 1,
        "7": 1,
        "8": 0,
        "9": 0
      },
      "class_density": {
        "0": 0.0,
        "1": 0.0,
        "2": 0.25,
        "3": 0.25,
        "4": 0.0,
        "5": 0.0,
        "6": 0.25,
        "7": 0.25,
        "8": 0.0,
        "9": 0.0
      },
      "entropy_nat": 1.3863
    },
    "15": {
      "n": 216,
      "class_counts": {
        "0": 9,
        "1": 19,
        "2": 2,
        "3": 2,
        "4": 12,
        "5": 6,
        "6": 55,
        "7": 103,
        "8": 1,
        "9": 7
      },
      "class_density": {
        "0": 0.041666666666666664,
        "1": 0.08796296296296297,
        "2": 0.009259259259259259,