{
  "n_samples": 2000,
  "per_cluster": {
    "0": {
      "n": 16,
      "class_counts": {
        "0": 0,
        "1": 16,
        "2": 0,
        "3": 0,
        "4": 0,
        "5": 0,
        "6": 0,
        "7": 0,
        "8": 0,
        "9": 0
      },
      "class_density": {
        "0": 0.0,
        "1": 1.0,
        "2": 0.0,
        "3": 0.0,
        "4": 0.0,
        "5": 0.0,
        "6": 0.0,
        "7": 0.0,
        "8": 0.0,
        "9": 0.0
      },
      "entropy_nat": -0.0
    },
    "1": {
      "n": 0,
      "class_counts": {
        "0": 0,
        "1": 0,
        "2": 0,
        "3": 0,
        "4": 0,
        "5": 0,
        "6": 0,
        "7": 0,
        "8": 0,
        "9": 0
      },
      "class_density": {
        "0": 0.0,
        "1": 0.0,
        "2": 0.0,
        "3": 0.0,
        "4": 0.0,
        "5": 0.0,
        "6": 0.0,
        "7": 0.0,
        "8": 0.0,
        "9": 0.0
      },
      "entropy_nat": 0.0
    },
    "2": {
      "n": 0,
      "class_counts": {
        "0": 0,
        "1": 0,
        "2": 0,
        "3": 0,
        "4": 0,
        "5": 0,
        "6": 0,
        "7": 0,
        "8": 0,
        "9": 0
      },
      "class_density": {
        "0": 0.0,
        "1": 0.0,
        "2": 0.0,
        "3": 0.0,
        "4": 0.0,
        "5": 0.0,
        "6": 0.0,
        "7": 0.0,
        "8": 0.0,
        "9": 0.0
      },
      "entropy_nat": 0.0
    },
    "3": {
      "n": 140,
      "class_counts": {
        "0": 0,
        "1": 83,
        "2": 8,
        "3": 5,
        "4": 8,
        "5": 4,
        "6": 7,
        "7": 16,
        "8": 3,
        "9": 6
      },
      "class_density": {
        "0": 0.0,
        "1": 0.5928571428571429,
        "2": 0.05714285714285714,
        "3": 0.03571428571428571,
        "4": 0.05714285714285714,
        "5": 0.02857142857142857,
        "6": 0.05,
        "7": 0.11428571428571428,
        "8": 0.02142857142857143,
        "9": 0.04285714285714286
      },
      "entropy_nat": 1.4727
    },
    "4": {
      "n": 0,
      "class_counts": {
        "0": 0,
        "1": 0,
        "2": 0,
        "3": 0,
        "4": 0,
        "5": 0,
        "6": 0,
        "7": 0,
        "8": 0,
        "9": 0
      },
      "class_density": {
        "0": 0.0,
        "1": 0.0,
        "2": 0.0,
        "3": 0.0,
        "4": 0.0,
        "5": 0.0,
        "6": 0.0,
        "7": 0.0,
        "8": 0.0,
        "9": 0.0
      },
      "entropy_nat": 0.0
    },
    "5": {
      "n": 10,
      "class_counts": {
        "0": 10,
        "1": 0,
        "2": 0,
        "3": 0,
        "4": 0,
        "5": 0,
        "6": 0,
        "7": 0,
        "8": 0,
        "9": 0
      },
      "class_density": {
        "0": 1.0,
        "1": 0.0,
        "2": 0.0,
        "3": 0.0,
        "4": 0.0,
        "5": 0.0,
        "6": 0.0,
        "7": 0.0,
        "8": 0.0,
        "9": 0.0
      },
      "entropy_nat": -0.0
    },
    "6": {
      "n": 0,
      "class_counts": {
        "0": 0,
        "1": 0,
        "2": 0,
        "3": 0,
        "4": 0,
        "5": 0,
        "6": 0,
        "7": 0,
        "8": 0,
        "9": 0
      },
      "class_density": {
        "0": 0.0,
        "1": 0.0,
        "2": 0.0,
        "3": 0.0,
        "4": 0.0,
        "5": 0.0,
        "6": 0.0,
        "7": 0.0,
        "8": 0.0,
        "9": 0.0
      },
      "entropy_nat": 0.0
    },
    "7": {
      "n": 0,
      "class_counts": {
        "0": 0,
        "1": 0,
        "2": 0,
        "3": 0,
        "4": 0,
        "5": 0,
        "6": 0,
        "7": 0,
        "8": 0,
        "9": 0
      },
      "class_density": {
        "0": 0.0,
        "1": 0.0,
        "2": 0.0,
        "3": 0.0,
        "4": 0.0,
        "5": 0.0,
        "6": 0.0,
        "7": 0.0,
        "8": 0.0,
        "9": 0.0
      },
      "entropy_nat": 0.0
    },
    "8": {
      "n": 437,
      "class_counts": {
        "0": 10,
        "1": 23,
        "2": 116,
        "3": 75,
        "4": 26,
        "5": 23,
        "6": 131,
        "7": 14,
        "8": 12,
        "9": 7
      },
      "class_density": {
        "0": 0.02288329519450801,
        "1": 0.05263157894736842,
        "2": 0.2654462242562929,
        "3": 0.17162471395881007,
        "4": 0.059496567505720827,
        "5": 0.05263157894736842,
        "6": 0.2997711670480549,
        "7": 0.032036613272311214,
        "8": 0.02745995423340961,
        "9": 0.016018306636155607
      },
      "entropy_nat": 1.8551
    },
    "9": {
      "n": 16,
      "class_counts": {
        "0": 0,
        "1": 0,
        "2": 7,
        "3": 8,
        "4": 0,
        "5": 1,
        "6": 0,
        "7": 0,
        "8": 0,
        "9": 0
      },
      "class_density": {
        "0": 0.0,
        "1": 0.0,
        "2": 0.4375,
        "3": 0.5,
        "4": 0.0,
        "5": 0.0625,
        "6": 0.0,
        "7": 0.0,
        "8": 0.0,
        "9": 0.0
      },
      "entropy_nat": 0.8815
    },
    "10": {
      "n": 161,
      "class_counts": {
        "0": 3,
        "1": 0,
        "2": 1,
        "3": 1,
        "4": 40,
        "5": 2,
        "6": 6,
        "7": 11,
        "8": 4,
        "9": 93
      },
      "class_density": {
        "0": 0.018633540372670808,
        "1": 0.0,
        "2": 0.006211180124223602,
        "3": 0.006211180124223602,
        "4": 0.2484472049689441,
        "5": 0.012422360248447204,
        "6": 0.037267080745341616,
        "7": 0.06832298136645963,
        "8": 0.024844720496894408,
        "9": 0.577639751552795
      },
      "entropy_nat": 1.2526
    },
    "11": {
      "n": 352,
      "class_counts": {
        "0": 59,
        "1": 8,
        "2": 32,
        "3": 45,
        "4": 26,
        "5": 72,
        "6": 22,
        "7": 29,
        "8": 44,
        "9": 15
      },
      "class_density": {
        "0": 0.16761363636363635,
        "1": 0.022727272727272728,
        "2": 0.09090909090909091,
        "3": 0.1278409090909091,
        "4": 0.07386363636363637,
        "5": 0.20454545454545456,
        "6": 0.0625,
        "7": 0.08238636363636363,
        "8": 0.125,
        "9": 0.04261363636363636
      },
      "entropy_nat": 2.1567
    },
    "12": {
      "n": 3,
      "class_counts": {
        "0": 0,
        "1": 3,
        "2": 0,
        "3": 0,
        "4": 0,
        "5": 0,
        "6": 0,
        "7": 0,
        "8": 0,
        "9": 0
      },
      "class_density": {
        "0": 0.0,
        "1": 1.0,
        "2": 0.0,
        "3": 0.0,
        "4": 0.0,
        "5": 0.0,
        "6": 0.0,
        "7": 0.0,
        "8": 0.0,
        "9": 0.0
      },
      "entropy_nat": -0.0
    },
    "13": {
      "n": 0,
      "class_counts": {
        "0": 0,
        "1": 0,
        "2": 0,
        "3": 0,
        "4": 0,
        "5": 0,
        "6": 0,
        "7": 0,
        "8": 0,
        "9": 0
      },
      "class_density": {
        "0": 0.0,
        "1": 0.0,
        "2": 0.0,
        "3": 0.0,
        "4": 0.0,
        "5": 0.0,
        "6": 0.0,
        "7": 0.0,
        "8": 0.0,
        "9": 0.0
      },
      "entropy_nat": 0.0
    },
    "14": {
      "n": 9,
      "class_counts": {
        "0": 0,
        "1": 9,
        "2": 0,
        "3": 0,
        "4": 0,
        "5": 0,
        "6": 0,
        "7": 0,
        "8": 0,
        "9": 0
      },
      "class_density": {
        "0": 0.0,
        "1": 1.0,
        "2": 0.0,
        "3": 0.0,
        "4": 0.0,
        "5": 0.0,
        "6": 0.0,
        "7": 0.0,
        "8": 0.0,
        "9": 0.0
      },
      "entropy_nat": -0.0
    },
    "15": {
      "n": 0,
      "class_counts": {
        "0": 0,
        "1": 0,
        "2": 0,
        "3": 0,
        "4": 0,
        "5": 0,
        "6": 0,
        "7": 0,
        "8": 0,
        "9": 0
      },
      "class_density": {
        "0": 0.0,
        "1": 0.0,
        "2": 0.0,
        "3": 0.0,
        "4": 0.0,
        "5": 0.0,
        "6": 0.0,
        "7": 0.0,