{
  "n_samples": 2000,
  "per_cluster": {
    "0": {
      "n": 10,
      "class_counts": {
        "0": 0,
        "1": 10,
        "2": 0,
        "3": 0,
        "4": 0,
        "5": 0,
        "6": 0,
        "7": 0,
        "8": 0,
        "9": 0
      },
      "class_density": {
        "0": 0.0,
        "1": 1.0,
        "2": 0.0,
        "3": 0.0,
        "4": 0.0,
        "5": 0.0,
        "6": 0.0,
        "7": 0.0,
        "8": 0.0,
        "9": 0.0
      },
      "entropy_nat": -0.0
    },
    "1": {
      "n": 2,
      "class_counts": {
        "0": 0,
        "1": 2,
        "2": 0,
        "3": 0,
        "4": 0,
        "5": 0,
        "6": 0,
        "7": 0,
        "8": 0,
        "9": 0
      },
      "class_density": {
        "0": 0.0,
        "1": 1.0,
        "2": 0.0,
        "3": 0.0,
        "4": 0.0,
        "5": 0.0,
        "6": 0.0,
        "7": 0.0,
        "8": 0.0,
        "9": 0.0
      },
      "entropy_nat": -0.0
    },
    "2": {
      "n": 5,
      "class_counts": {
        "0": 5,
        "1": 0,
        "2": 0,
        "3": 0,
        "4": 0,
        "5": 0,
        "6": 0,
        "7": 0,
        "8": 0,
        "9": 0
      },
      "class_density": {
        "0": 1.0,
        "1": 0.0,
        "2": 0.0,
        "3": 0.0,
        "4": 0.0,
        "5": 0.0,
        "6": 0.0,
        "7": 0.0,
        "8": 0.0,
        "9": 0.0
      },
      "entropy_nat": -0.0
    },
    "3": {
      "n": 0,
      "class_counts": {
        "0": 0,
        "1": 0,
        "2": 0,
        "3": 0,
        "4": 0,
        "5": 0,
        "6": 0,
        "7": 0,
        "8": 0,
        "9": 0
      },
      "class_density": {
        "0": 0.0,
        "1": 0.0,
        "2": 0.0,
        "3": 0.0,
        "4": 0.0,
        "5": 0.0,
        "6": 0.0,
        "7": 0.0,
        "8": 0.0,
        "9": 0.0
      },
      "entropy_nat": 0.0
    },
    "4": {
      "n": 30,
      "class_counts": {
        "0": 0,
        "1": 29,
        "2": 1,
        "3": 0,
        "4": 0,
        "5": 0,
        "6": 0,
        "7": 0,
        "8": 0,
        "9": 0
      },
      "class_density": {
        "0": 0.0,
        "1": 0.9666666666666667,
        "2": 0.03333333333333333,
        "3": 0.0,
        "4": 0.0,
        "5": 0.0,
        "6": 0.0,
        "7": 0.0,
        "8": 0.0,
        "9": 0.0
      },
      "entropy_nat": 0.1461
    },
    "5": {
      "n": 0,
      "class_counts": {
        "0": 0,
        "1": 0,
        "2": 0,
        "3": 0,
        "4": 0,
        "5": 0,
        "6": 0,
        "7": 0,
        "8": 0,
        "9": 0
      },
      "class_density": {
        "0": 0.0,
        "1": 0.0,
        "2": 0.0,
        "3": 0.0,
        "4": 0.0,
        "5": 0.0,
        "6": 0.0,
        "7": 0.0,
        "8": 0.0,
        "9": 0.0
      },
      "entropy_nat": 0.0
    },
    "6": {
      "n": 10,
      "class_counts": {
        "0": 4,
        "1": 0,
        "2": 0,
        "3": 3,
        "4": 0,
        "5": 3,
        "6": 0,
        "7": 0,
        "8": 0,
        "9": 0
      },
      "class_density": {
        "0": 0.4,
        "1": 0.0,
        "2": 0.0,
        "3": 0.3,
        "4": 0.0,
        "5": 0.3,
        "6": 0.0,
        "7": 0.0,
        "8": 0.0,
        "9": 0.0
      },
      "entropy_nat": 1.0889
    },
    "7": {
      "n": 2,
      "class_counts": {
        "0": 0,
        "1": 2,
        "2": 0,
        "3": 0,
        "4": 0,
        "5": 0,
        "6": 0,
        "7": 0,
        "8": 0,
        "9": 0
      },
      "class_density": {
        "0": 0.0,
        "1": 1.0,
        "2": 0.0,
        "3": 0.0,
        "4": 0.0,
        "5": 0.0,
        "6": 0.0,
        "7": 0.0,
        "8": 0.0,
        "9": 0.0
      },
      "entropy_nat": -0.0
    },
    "8": {
      "n": 44,
      "class_counts": {
        "0": 0,
        "1": 2,
        "2": 0,
        "3": 1,
        "4": 28,
        "5": 7,
        "6": 0,
        "7": 0,
        "8": 3,
        "9": 3
      },
      "class_density": {
        "0": 0.0,
        "1": 0.045454545454545456,
        "2": 0.0,
        "3": 0.022727272727272728,
        "4": 0.6363636363636364,
        "5": 0.1590909090909091,
        "6": 0.0,
        "7": 0.0,
        "8": 0.06818181818181818,
        "9": 0.06818181818181818
      },
      "entropy_nat": 1.1728
    },
    "9": {
      "n": 373,
      "class_counts": {
        "0": 61,
        "1": 4,
        "2": 95,
        "3": 69,
        "4": 13,
        "5": 33,
        "6": 72,
        "7": 4,
        "8": 17,
        "9": 5
      },
      "class_density": {
        "0": 0.16353887399463807,
        "1": 0.010723860589812333,
        "2": 0.2546916890080429,
        "3": 0.18498659517426275,
        "4": 0.03485254691689008,
        "5": 0.08847184986595175,
        "6": 0.19302949061662197,
        "7": 0.010723860589812333,
        "8": 0.045576407506702415,
        "9": 0.013404825737265416
      },
      "entropy_nat": 1.9015
    },
    "10": {
      "n": 4,
      "class_counts": {
        "0": 4,
        "1": 0,
        "2": 0,
        "3": 0,
        "4": 0,
        "5": 0,
        "6": 0,
        "7": 0,
        "8": 0,
        "9": 0
      },
      "class_density": {
        "0": 1.0,
        "1": 0.0,
        "2": 0.0,
        "3": 0.0,
        "4": 0.0,
        "5": 0.0,
        "6": 0.0,
        "7": 0.0,
        "8": 0.0,
        "9": 0.0
      },
      "entropy_nat": -0.0
    },
    "11": {
      "n": 4,
      "class_counts": {
        "0": 4,
        "1": 0,
        "2": 0,
        "3": 0,
        "4": 0,
        "5": 0,
        "6": 0,
        "7": 0,
        "8": 0,
        "9": 0
      },
      "class_density": {
        "0": 1.0,
        "1": 0.0,
        "2": 0.0,
        "3": 0.0,
        "4": 0.0,
        "5": 0.0,
        "6": 0.0,
        "7": 0.0,
        "8": 0.0,
        "9": 0.0
      },
      "entropy_nat": -0.0
    },
    "12": {
      "n": 10,
      "class_counts": {
        "0": 0,
        "1": 10,
        "2": 0,
        "3": 0,
        "4": 0,
        "5": 0,
        "6": 0,
        "7": 0,
        "8": 0,
        "9": 0
      },
      "class_density": {
        "0": 0.0,
        "1": 1.0,
        "2": 0.0,
        "3": 0.0,
        "4": 0.0,
        "5": 0.0,
        "6": 0.0,
        "7": 0.0,
        "8": 0.0,
        "9": 0.0
      },
      "entropy_nat": -0.0
    },
    "13": {
      "n": 28,
      "class_counts": {
        "0": 0,
        "1": 24,
        "2": 1,
        "3": 1,
        "4": 0,
        "5": 1,
        "6": 0,
        "7": 1,
        "8": 0,
        "9": 0
      },
      "class_density": {
        "0": 0.0,
        "1": 0.8571428571428571,
        "2": 0.03571428571428571,
        "3": 0.03571428571428571,
        "4": 0.0,
        "5": 0.03571428571428571,
        "6": 0.0,
        "7": 0.03571428571428571,
        "8": 0.0,
        "9": 0.0
      },
      "entropy_nat": 0.6082
    },
    "14": {
      "n": 46,
      "class_counts": {
        "0": 0,
        "1": 21,
        "2": 3,
        "3": 2,
        "4": 9,
        "5": 1,
        "6": 1,
        "7": 4,
        "8": 1,
        "9": 4
      },
      "class_density": {
        "0": 0.0,
        "1": 0.45652173913043476,
        "2": 0.06521739130434782,
        "3": 0.043478260869565216,
        "4": 0.1956521739130435,
        "5": 0.021739130434782608,
        "6": 0.021739130434782608,
        "7": 0.08695652173913043,
        "8": 0.021739130434782608,
        "9": 0.08695652173913043
      },
      "entropy_nat": 1.666
    },
    "15": {
      "n": 17,
      "class_counts": {
        "0": 0,
        "1": 16,
        "2": 0,
        "3": 0,
        "4": 0,
        "5": 1,
        "6": 0,
        "7": 0,
        "8": 0,
        "9": 0
      },
      "class_density": {
        "0": 0.0,
        "1": 0.9411764705882353,
        "2": 0.0,
        "3": 0.0,
        "4": 0.0,
        "5": 0.058823529411764705,
        "6": 0.0,
        "7": 0.0,
        "8": 0.0,