{
  "run_dir": "samplesvdd/hySpUnsup/runs/sensitivity_v3/overlap_lambda_1e-5",
  "checkpoint": "samplesvdd/hySpUnsup/runs/sensitivity_v3/overlap_lambda_1e-5/checkpoint_v2.pth",
  "n_spheres": 30,
  "curvature": 1.0,
  "objective": "union-soft",
  "active_cluster_mask": [
    true,
    false,
    false,
    false,
    true,
    true,
    true,
    true,
    true,
    true,
    false,
    false,
    true,
    false,
    true,
    true,
    false,
    true,
    true,
    false,
    true,
    false,
    true,
    true,
    true,
    true,
    false,
    false,
    true,
    true
  ],
  "train_macro_auc": 0.49789050618235287,
  "train_per_digit_auc": {
    "0": 0.5549694489526122,
    "1": 0.6889474515796553,
    "2": 0.4688680735265992,
    "3": 0.5981352865235372,
    "4": 0.3734931474015826,
    "5": 0.40282884264381175,
    "6": 0.589986617914736,
    "7": 0.2902787237621366,
    "8": 0.5924836887466325,
    "9": 0.41891378077222563
  },
  "test_macro_auc": 0.4972321410077103,
  "test_per_digit_auc": {
    "0": 0.5542054269358228,
    "1": 0.6819433064825471,
    "2": 0.4763137627426238,
    "3": 0.6059255439265494,
    "4": 0.36106237113874307,
    "5": 0.40930211656382054,
    "6": 0.595104325524356,
    "7": 0.29743605658522787,
    "8": 0.580533717432193,
    "9": 0.41049478274521994
  }
}