{
  "version": 2,
  "checkpoint_selection": "min_training_loss",
  "best_epoch": 20,
  "best_training_loss": 0.5143834286752869,
  "macro_auc_test_at_best_epoch": 0.49950777224885784,
  "per_digit_auc_at_best_epoch": {
    "0": 0.6515058819673714,
    "1": 0.5315976217874951,
    "2": 0.5298229431030328,
    "3": 0.47120833978329035,
    "4": 0.5952613999855767,
    "5": 0.3501700859987614,
    "6": 0.595904207197815,
    "7": 0.25193911569463856,
    "8": 0.4698687837452652,
    "9": 0.5477993432253321
  },
  "macro_auc_test_pruned_active_spheres": 0.4957785886677696,
  "per_digit_auc_test_pruned_active_spheres": {
    "0": 0.7663699593090019,
    "1": 0.7330942590461578,
    "2": 0.6991847839956898,
    "3": 0.7176169312152789,
    "4": 0.21212659452041477,
    "5": 0.4216269869536934,
    "6": 0.48109486514507926,
    "7": 0.21395137023319,
    "8": 0.521454009465327,
    "9": 0.1912661267938634
  },
  "curvature": 1.0,
  "n_spheres": 30,
  "train_normal_digits": [
    0,
    1,
    2
  ],
  "test_digits": [
    0,
    1,
    2,
    3,
    4,
    5,
    6,
    7,
    8,
    9
  ],
  "objective": "union-soft",
  "unsupervised": true,
  "ae_checkpoint": "samplesvdd/hySpUnsup/runs/my_v3_ae200_stage1/ae_stage1_ep200.pth",
  "prune": {
    "train_argmin_counts": [
      237,
      53,
      107,
      238,
      1014,
      719,
      66,
      58,
      1822,
      51,
      92,
      1064,
      896,
      158,
      8920,
      34,
      68,
      82,
      36,
      25,
      140,
      12,
      694,
      43,
      633,
      8,
      27,
      16,
      32,
      62
    ],
    "silhouette_mean_per_cluster_euclidean_z": {
      "0": null,
      "1": null,
      "2": null,
      "3": null,
      "4": null,
      "5": null,
      "6": null,
      "7": null,
      "8": null,
      "9": null,
      "10": null,
      "11": null,
      "12": null,
      "13": null,
      "14": null,
      "15": null,
      "16": null,
      "17": null,
      "18": null,
      "19": null,
      "20": null,
      "21": null,
      "22": null,
      "23": null,
      "24": null,
      "25": null,
      "26": null,
      "27": null,
      "28": null,
      "29": null
    },
    "active_cluster_mask": [
      true,
      true,
      true,
      true,
      true,
      true,
      true,
      true,
      true,
      true,
      true,
      true,
      true,
      true,
      true,
      true,
      true,
      true,
      true,
      true,
      true,
      false,
      true,
      true,
      true,
      false,
      true,
      false,
      true,
      true
    ]
  },
  "split_overloaded": {
    "enabled": true,
    "max_cluster_fraction": 0.3,
    "applied": true,
    "n_train": 17407,
    "cap_count": 5223,
    "counts_before": [
      237,
      53,
      107,
      238,
      1014,
      725,
      66,
      58,
      1822,
      51,
      92,
      1085,
      896,
      158,
      8922,
      34,
      71,
      82,
      36,
      25,
      140,
      0,
      694,
      43,
      633,
      0,
      31,
      0,
      32,
      62
    ],
    "overloaded_clusters": [
      14
    ],
    "spare_inactive_clusters": [
      21,
      25,
      27
    ],
    "splits": [
      {
        "source_cluster": 14,
        "source_count": 8922,
        "groups_after_split": [
          6108,
          2814
        ],
        "new_clusters_activated": [
          21
        ]
      }
    ],
    "active_cluster_mask_after_split": [
      true,
      true,
      true,
      true,
      true,
      true,
      true,
      true,
      true,
      true,
      true,
      true,
      true,
      true,
      true,
      true,
      true,
      true,
      true,
      true,
      true,
      true,
      true,
      true,
      true,
      false,
      true,
      false,
      true,
      true
    ]
  },
  "hybrid_rebalance": {
    "enabled": true,
    "lb_min_cluster_members": 20,
    "ub_max_cluster_fraction": 0.3,
    "max_iters": 4,
    "hard_cap_enabled": true,
    "chaos_factor": 0.15,
    "iterations": [
      {
        "iter": 1,
        "lb": {
          "enabled": true,
          "counts": [
            680,
            60,
            224,
            432,
            1241,
            2333,
            105,
            484,
            3690,
            51,
            176,
            1685,
            1266,
            199,
            1554,
            35,
            78,
            82,
            386,
            25,
            426,
            0,
            855,
            190,
            870,
            8,
            28,
            16,
            63,
            165
          ],
          "active_before": [
            true,
            true,
            true,
            true,
            true,
            true,
            true,
            true,
            true,
            true,
            true,
            true,
            true,
            true,
            true,
            true,
            true,
            true,
            true,
            true,
            true,
            true,
            true,
            true,
            true,
            false,
            true,
            false,
            true,
            true
          ],
          "active_after": [
            true,
            true,
            true,
            true,
            true,
            true,
            true,
            true,
            true,
            true,
            true,
            true,
            true,
            true,
            true,
            true,
            true,
            true,
            true,
            true,
            true,
            false,
            true,
            true,
            true,
            false,
            true,
            false,
            true,
            true
          ],
          "changed": true
        },
        "ub": {
          "enabled": true,
          "max_cluster_fraction": 0.3,
          "applied": false,
          "n_train": 17407,
          "cap_count": 5223,
          "counts_before": [
            680,
            60,
            224,
            432,
            1241,
            2341,
            105,
            484,
            3690,
            51,
            176,
            1695,
            1266,
            199,
            1554,
            35,
            81,
            82,
            386,
            25,
            426,
            0,
            855,
            190,
            870,
            0,
            31,
            0,
            63,
            165
          ],
          "overloaded_clusters": [],
          "spare_inactive_clusters": [
            21,
            25,
            27
          ],
          "splits": []
        },
        "hard_cap": {
          "enabled": true,
          "max_cluster_fraction": 0.3,
          "chaos_factor": 0.15,
          "applied": false,
          "n_train": 17407,
          "cap_count": 5223,
          "counts_before": [
            680,
            60,
            224,
            432,
            1241,
            2341,
            105,
            484,
            3690,
            51,
            176,
            1695,
            1266,
            199,
            1554,
            35,
            81,
            82,
            386,
            25,
            426,
            0,
            855,
            190,
            870,
            0,
            31,
            0,
            63,
            165
          ],