{
  "version": 2,
  "checkpoint_selection": "min_training_loss",
  "best_epoch": 20,
  "best_training_loss": 0.4267900091536502,
  "macro_auc_test_at_best_epoch": 0.4967911590601684,
  "per_digit_auc_at_best_epoch": {
    "0": 0.8076026711740151,
    "1": 0.8119435622043218,
    "2": 0.39788249138676607,
    "3": 0.5193194522079374,
    "4": 0.32343732125033564,
    "5": 0.4715567263657641,
    "6": 0.527723535206454,
    "7": 0.15131214268164064,
    "8": 0.5368739436124107,
    "9": 0.42025974451203946
  },
  "macro_auc_test_pruned_active_spheres": 0.49677984608036085,
  "per_digit_auc_test_pruned_active_spheres": {
    "0": 0.8739173079894612,
    "1": 0.8143943996931339,
    "2": 0.4112084331712297,
    "3": 0.5529776050056723,
    "4": 0.27263195380973604,
    "5": 0.5053396622164784,
    "6": 0.4948514743429574,
    "7": 0.15637106728431735,
    "8": 0.5592843361713937,
    "9": 0.32682222111922893
  },
  "curvature": 1.0,
  "n_spheres": 30,
  "train_normal_digits": [
    0,
    1
  ],
  "test_digits": [
    0,
    1,
    2,
    3,
    4,
    5,
    6,
    7,
    8,
    9
  ],
  "objective": "union-soft",
  "unsupervised": true,
  "ae_checkpoint": "samplesvdd/hySpUnsup/runs/my_v3_ae200_stage1/ae_stage1_ep200.pth",
  "prune": {
    "train_argmin_counts": [
      69,
      98,
      28,
      102,
      376,
      3476,
      82,
      37,
      26,
      606,
      48,
      30,
      51,
      76,
      71,
      26,
      52,
      3166,
      127,
      24,
      2567,
      107,
      43,
      124,
      141,
      93,
      9,
      124,
      29,
      14
    ],
    "silhouette_mean_per_cluster_euclidean_z": {
      "0": null,
      "1": null,
      "2": null,
      "3": null,
      "4": null,
      "5": null,
      "6": null,
      "7": null,
      "8": null,
      "9": null,
      "10": null,
      "11": null,
      "12": null,
      "13": null,
      "14": null,
      "15": null,
      "16": null,
      "17": null,
      "18": null,
      "19": null,
      "20": null,
      "21": null,
      "22": null,
      "23": null,
      "24": null,
      "25": null,
      "26": null,
      "27": null,
      "28": null,
      "29": null
    },
    "active_cluster_mask": [
      true,
      true,
      true,
      true,
      true,
      true,
      true,
      true,
      true,
      true,
      true,
      true,
      true,
      true,
      true,
      true,
      true,
      true,
      true,
      true,
      true,
      true,
      true,
      true,
      true,
      true,
      false,
      true,
      true,
      false
    ]
  },
  "split_overloaded": {
    "enabled": true,
    "max_cluster_fraction": 0.3,
    "applied": false,
    "n_train": 11822,
    "cap_count": 3547,
    "counts_before": [
      69,
      98,
      28,
      108,
      376,
      3480,
      82,
      37,
      26,
      606,
      48,
      30,
      51,
      76,
      71,
      26,
      52,
      3166,
      127,
      24,
      2573,
      107,
      43,
      124,
      141,
      93,
      0,
      131,
      29,
      0
    ],
    "overloaded_clusters": [],
    "spare_inactive_clusters": [
      26,
      29
    ],
    "splits": []
  },
  "hybrid_rebalance": {
    "enabled": true,
    "lb_min_cluster_members": 20,
    "ub_max_cluster_fraction": 0.3,
    "max_iters": 4,
    "hard_cap_enabled": true,
    "chaos_factor": 0.15,
    "iterations": [
      {
        "iter": 1,
        "lb": {
          "enabled": true,
          "counts": [
            69,
            98,
            28,
            102,
            375,
            3476,
            82,
            37,
            26,
            606,
            48,
            30,
            51,
            76,
            71,
            26,
            52,
            3166,
            127,
            24,
            2568,
            107,
            43,
            124,
            141,
            93,
            9,
            124,
            29,
            14
          ],
          "active_before": [
            true,
            true,
            true,
            true,
            true,
            true,
            true,
            true,
            true,
            true,
            true,
            true,
            true,
            true,
            true,
            true,
            true,
            true,
            true,
            true,
            true,
            true,
            true,
            true,
            true,
            true,
            false,
            true,
            true,
            false
          ],
          "active_after": [
            true,
            true,
            true,
            true,
            true,
            true,
            true,
            true,
            true,
            true,
            true,
            true,
            true,
            true,
            true,
            true,
            true,
            true,
            true,
            true,
            true,
            true,
            true,
            true,
            true,
            true,
            false,
            true,
            true,
            false
          ],
          "changed": false
        },
        "ub": {
          "enabled": true,
          "max_cluster_fraction": 0.3,
          "applied": false,
          "n_train": 11822,
          "cap_count": 3547,
          "counts_before": [
            69,
            98,
            28,
            108,
            376,
            3480,
            82,
            37,
            26,
            606,
            48,
            30,
            51,
            76,
            71,
            26,
            52,
            3166,
            127,
            24,
            2573,
            107,
            43,
            124,
            141,
            93,
            0,
            131,
            29,
            0
          ],
          "overloaded_clusters": [],
          "spare_inactive_clusters": [
            26,
            29
          ],
          "splits": []
        },
        "hard_cap": {
          "enabled": true,
          "max_cluster_fraction": 0.3,
          "chaos_factor": 0.15,
          "applied": false,
          "n_train": 11822,
          "cap_count": 3547,
          "counts_before": [
            69,
            98,
            28,
            108,
            376,
            3480,
            82,
            37,
            26,
            606,
            48,
            30,
            51,
            76,
            71,
            26,
            52,
            3166,
            127,
            24,
            2573,
            107,
            43,
            124,
            141,
            93,
            0,
            131,
            29,
            0
          ],
          "counts_after": [
            69,
            98,
            28,
            108,
            376,
            3480,
            82,
            37,
            26,
            606,
            48,
            30,
            51,
            76,
            71,
            26,
            52,
            3166,
            127,
            24,
            2573,
            107,
            43,
            124,
            141,
            93,
            0,
            131,
            29,
            0
          ],
          "overflow_reassigned": 0
        },
        "changed": false
      }
    ],
    "applied": false,
    "active_cluster_mask_after_hybrid": [
      true,
      true,
      true,
      true,
      true,
      true,
      true,
      true,
      true,
      true,
      true,
      true,
      true,
      true,
      true,
      true,
      true,
      true,
      true,
      true,
      true,
      true,
      true,
      true,
      true,
      true,
      false,
      true,
      true,
      false
    ]
  },
  "union_test_metrics_active_spheres": {
    "union_frac_inside": 0.03647438194195629,
    "union_margin_mean": 39.00337219238281,