{
  "run_dir": "samplesvdd/hySpUnsup/runs/sensitivity_v3/lb_20",
  "checkpoint": "samplesvdd/hySpUnsup/runs/sensitivity_v3/lb_20/checkpoint_v2.pth",
  "n_spheres": 30,
  "curvature": 1.0,
  "objective": "union-soft",
  "active_cluster_mask": [
    true,
    false,
    true,
    false,
    true,
    false,
    true,
    true,
    true,
    true,
    true,
    true,
    true,
    true,
    true,
    true,
    true,
    true,
    true,
    true,
    true,
    true,
    true,
    true,
    true,
    true,
    true,
    true,
    true,
    true
  ],
  "train_macro_auc": 0.5001914692086,
  "train_per_digit_auc": {
    "0": 0.5919999265556761,
    "1": 0.5469827881705949,
    "2": 0.2764843138736871,
    "3": 0.267023700226508,
    "4": 0.5236659362733558,
    "5": 0.44558110743889096,
    "6": 0.71625715608663,
    "7": 0.4514636381918192,
    "8": 0.5369144982958897,
    "9": 0.6455416269729485
  },
  "test_macro_auc": 0.500769363914565,
  "test_per_digit_auc": {
    "0": 0.5885148933945704,
    "1": 0.5265243319268635,
    "2": 0.2875253434659937,
    "3": 0.2703476162520181,
    "4": 0.5060244582982245,
    "5": 0.46702230759729846,
    "6": 0.7379667938964183,
    "7": 0.45015822652214393,
    "8": 0.5335507286117481,
    "9": 0.6400589391803703
  }
}