{
  "run_dir": "samplesvdd/hySpUnsup/runs/sensitivity_v3/chaos_0p0",
  "checkpoint": "samplesvdd/hySpUnsup/runs/sensitivity_v3/chaos_0p0/checkpoint_v2.pth",
  "n_spheres": 30,
  "curvature": 1.0,
  "objective": "union-soft",
  "active_cluster_mask": [
    true,
    false,
    false,
    false,
    true,
    true,
    true,
    true,
    false,
    true,
    true,
    true,
    true,
    true,
    true,
    true,
    true,
    true,
    true,
    true,
    true,
    false,
    true,
    true,
    true,
    true,
    true,
    true,
    true,
    true
  ],
  "test_macro_auc": 0.5012425137237804,
  "test_per_digit_auc": {
    "0": 0.7627915667932561,
    "1": 0.3893364019946298,
    "2": 0.47241777374487814,
    "3": 0.5045841629056168,
    "4": 0.39459536772483733,
    "5": 0.4322893393324383,
    "6": 0.679671586408531,
    "7": 0.3983749071350765,
    "8": 0.6148240497542814,
    "9": 0.36353998144425864
  }
}