{
  "n_samples": 2000,
  "per_cluster": {
    "0": {
      "n": 0,
      "class_counts": {
        "0": 0,
        "1": 0,
        "2": 0,
        "3": 0,
        "4": 0,
        "5": 0,
        "6": 0,
        "7": 0,
        "8": 0,
        "9": 0
      },
      "class_density": {
        "0": 0.0,
        "1": 0.0,
        "2": 0.0,
        "3": 0.0,
        "4": 0.0,
        "5": 0.0,
        "6": 0.0,
        "7": 0.0,
        "8": 0.0,
        "9": 0.0
      },
      "entropy_nat": 0.0
    },
    "1": {
      "n": 29,
      "class_counts": {
        "0": 0,
        "1": 0,
        "2": 6,
        "3": 11,
        "4": 4,
        "5": 2,
        "6": 0,
        "7": 0,
        "8": 4,
        "9": 2
      },
      "class_density": {
        "0": 0.0,
        "1": 0.0,
        "2": 0.20689655172413793,
        "3": 0.3793103448275862,
        "4": 0.13793103448275862,
        "5": 0.06896551724137931,
        "6": 0.0,
        "7": 0.0,
        "8": 0.13793103448275862,
        "9": 0.06896551724137931
      },
      "entropy_nat": 1.609
    },
    "2": {
      "n": 5,
      "class_counts": {
        "0": 0,
        "1": 5,
        "2": 0,
        "3": 0,
        "4": 0,
        "5": 0,
        "6": 0,
        "7": 0,
        "8": 0,
        "9": 0
      },
      "class_density": {
        "0": 0.0,
        "1": 1.0,
        "2": 0.0,
        "3": 0.0,
        "4": 0.0,
        "5": 0.0,
        "6": 0.0,
        "7": 0.0,
        "8": 0.0,
        "9": 0.0
      },
      "entropy_nat": -0.0
    },
    "3": {
      "n": 3,
      "class_counts": {
        "0": 0,
        "1": 3,
        "2": 0,
        "3": 0,
        "4": 0,
        "5": 0,
        "6": 0,
        "7": 0,
        "8": 0,
        "9": 0
      },
      "class_density": {
        "0": 0.0,
        "1": 1.0,
        "2": 0.0,
        "3": 0.0,
        "4": 0.0,
        "5": 0.0,
        "6": 0.0,
        "7": 0.0,
        "8": 0.0,
        "9": 0.0
      },
      "entropy_nat": -0.0
    },
    "4": {
      "n": 1,
      "class_counts": {
        "0": 1,
        "1": 0,
        "2": 0,
        "3": 0,
        "4": 0,
        "5": 0,
        "6": 0,
        "7": 0,
        "8": 0,
        "9": 0
      },
      "class_density": {
        "0": 1.0,
        "1": 0.0,
        "2": 0.0,
        "3": 0.0,
        "4": 0.0,
        "5": 0.0,
        "6": 0.0,
        "7": 0.0,
        "8": 0.0,
        "9": 0.0
      },
      "entropy_nat": -0.0
    },
    "5": {
      "n": 1,
      "class_counts": {
        "0": 1,
        "1": 0,
        "2": 0,
        "3": 0,
        "4": 0,
        "5": 0,
        "6": 0,
        "7": 0,
        "8": 0,
        "9": 0
      },
      "class_density": {
        "0": 1.0,
        "1": 0.0,
        "2": 0.0,
        "3": 0.0,
        "4": 0.0,
        "5": 0.0,
        "6": 0.0,
        "7": 0.0,
        "8": 0.0,
        "9": 0.0
      },
      "entropy_nat": -0.0
    },
    "6": {
      "n": 6,
      "class_counts": {
        "0": 0,
        "1": 0,
        "2": 3,
        "3": 2,
        "4": 0,
        "5": 1,
        "6": 0,
        "7": 0,
        "8": 0,
        "9": 0
      },
      "class_density": {
        "0": 0.0,
        "1": 0.0,
        "2": 0.5,
        "3": 0.3333333333333333,
        "4": 0.0,
        "5": 0.16666666666666666,
        "6": 0.0,
        "7": 0.0,
        "8": 0.0,
        "9": 0.0
      },
      "entropy_nat": 1.0114
    },
    "7": {
      "n": 11,
      "class_counts": {
        "0": 0,
        "1": 0,
        "2": 6,
        "3": 3,
        "4": 0,
        "5": 0,
        "6": 0,
        "7": 0,
        "8": 2,
        "9": 0
      },
      "class_density": {
        "0": 0.0,
        "1": 0.0,
        "2": 0.5454545454545454,
        "3": 0.2727272727272727,
        "4": 0.0,
        "5": 0.0,
        "6": 0.0,
        "7": 0.0,
        "8": 0.18181818181818182,
        "9": 0.0
      },
      "entropy_nat": 0.9949
    },
    "8": {
      "n": 15,
      "class_counts": {
        "0": 0,
        "1": 1,
        "2": 12,
        "3": 0,
        "4": 0,
        "5": 0,
        "6": 0,
        "7": 0,
        "8": 2,
        "9": 0
      },
      "class_density": {
        "0": 0.0,
        "1": 0.06666666666666667,
        "2": 0.8,
        "3": 0.0,
        "4": 0.0,
        "5": 0.0,
        "6": 0.0,
        "7": 0.0,
        "8": 0.13333333333333333,
        "9": 0.0
      },
      "entropy_nat": 0.6277
    },
    "9": {
      "n": 970,
      "class_counts": {
        "0": 52,
        "1": 52,
        "2": 63,
        "3": 84,
        "4": 126,
        "5": 143,
        "6": 163,
        "7": 142,
        "8": 69,
        "9": 76
      },
      "class_density": {
        "0": 0.05360824742268041,
        "1": 0.05360824742268041,
        "2": 0.06494845360824743,
        "3": 0.0865979381443299,
        "4": 0.12989690721649486,
        "5": 0.14742268041237114,
        "6": 0.16804123711340208,
        "7": 0.1463917525773196,
        "8": 0.0711340206185567,
        "9": 0.07835051546391752
      },
      "entropy_nat": 2.2191
    },
    "10": {
      "n": 41,
      "class_counts": {
        "0": 0,
        "1": 0,
        "2": 2,
        "3": 7,
        "4": 3,
        "5": 2,
        "6": 0,
        "7": 14,
        "8": 10,
        "9": 3
      },
      "class_density": {
        "0": 0.0,
        "1": 0.0,
        "2": 0.04878048780487805,
        "3": 0.17073170731707318,
        "4": 0.07317073170731707,
        "5": 0.04878048780487805,
        "6": 0.0,
        "7": 0.34146341463414637,
        "8": 0.24390243902439024,
        "9": 0.07317073170731707
      },
      "entropy_nat": 1.6902
    },
    "11": {
      "n": 30,
      "class_counts": {
        "0": 0,
        "1": 17,
        "2": 0,
        "3": 1,
        "4": 5,
        "5": 7,
        "6": 0,
        "7": 0,
        "8": 0,
        "9": 0
      },
      "class_density": {
        "0": 0.0,
        "1": 0.5666666666666667,
        "2": 0.0,
        "3": 0.03333333333333333,
        "4": 0.16666666666666666,
        "5": 0.23333333333333334,
        "6": 0.0,
        "7": 0.0,
        "8": 0.0,
        "9": 0.0
      },
      "entropy_nat": 1.0734
    },
    "12": {
      "n": 0,
      "class_counts": {
        "0": 0,
        "1": 0,
        "2": 0,
        "3": 0,
        "4": 0,
        "5": 0,
        "6": 0,
        "7": 0,
        "8": 0,
        "9": 0
      },
      "class_density": {
        "0": 0.0,
        "1": 0.0,
        "2": 0.0,
        "3": 0.0,
        "4": 0.0,
        "5": 0.0,
        "6": 0.0,
        "7": 0.0,
        "8": 0.0,
        "9": 0.0
      },
      "entropy_nat": 0.0
    },
    "13": {
      "n": 0,
      "class_counts": {
        "0": 0,
        "1": 0,
        "2": 0,
        "3": 0,
        "4": 0,
        "5": 0,
        "6": 0,
        "7": 0,
        "8": 0,
        "9": 0
      },
      "class_density": {
        "0": 0.0,
        "1": 0.0,
        "2": 0.0,
        "3": 0.0,
        "4": 0.0,
        "5": 0.0,
        "6": 0.0,
        "7": 0.0,
        "8": 0.0,
        "9": 0.0
      },
      "entropy_nat": 0.0
    },
    "14": {
      "n": 3,
      "class_counts": {
        "0": 0,
        "1": 0,
        "2": 0,
        "3": 0,
        "4": 0,
        "5": 0,
        "6": 0,
        "7": 0,
        "8": 2,
        "9": 1
      },
      "class_density": {
        "0": 0.0,
        "1": 0.0,
        "2": 0.0,
        "3": 0.0,
        "4": 0.0,
        "5": 0.0,
        "6": 0.0,
        "7": 0.0,
        "8": 0.6666666666666666,
        "9": 0.3333333333333333
      },
      "entropy_nat": 0.6365
    },
    "15": {
      "n": 2,
      "class_counts": {
        "0": 0,
        "1": 2,
        "2": 0,
        "3": 0,
        "4": 0,
        "5": 0,
        "6": 0,
        "7": 0,
        "8": 0,
        "9": 0
      },
      "class_density": {
        "0": 0.0,
        "1": 1.0,
        "2": 0.0,
        "3": 0.0,
        "4": 0.0,
        "5": 0.0,
        "6": 0.0,
        "7": 0.0,
        "8": 0.0,