{
  "n_samples": 2000,
  "per_cluster": {
    "0": {
      "n": 224,
      "class_counts": {
        "0": 0,
        "1": 23,
        "2": 39,
        "3": 47,
        "4": 30,
        "5": 9,
        "6": 0,
        "7": 23,
        "8": 20,
        "9": 33
      },
      "class_density": {
        "0": 0.0,
        "1": 0.10267857142857142,
        "2": 0.17410714285714285,
        "3": 0.20982142857142858,
        "4": 0.13392857142857142,
        "5": 0.04017857142857143,
        "6": 0.0,
        "7": 0.10267857142857142,
        "8": 0.08928571428571429,
        "9": 0.14732142857142858
      },
      "entropy_nat": 1.9957
    },
    "1": {
      "n": 0,
      "class_counts": {
        "0": 0,
        "1": 0,
        "2": 0,
        "3": 0,
        "4": 0,
        "5": 0,
        "6": 0,
        "7": 0,
        "8": 0,
        "9": 0
      },
      "class_density": {
        "0": 0.0,
        "1": 0.0,
        "2": 0.0,
        "3": 0.0,
        "4": 0.0,
        "5": 0.0,
        "6": 0.0,
        "7": 0.0,
        "8": 0.0,
        "9": 0.0
      },
      "entropy_nat": 0.0
    },
    "2": {
      "n": 625,
      "class_counts": {
        "0": 95,
        "1": 5,
        "2": 43,
        "3": 49,
        "4": 62,
        "5": 46,
        "6": 77,
        "7": 75,
        "8": 92,
        "9": 81
      },
      "class_density": {
        "0": 0.152,
        "1": 0.008,
        "2": 0.0688,
        "3": 0.0784,
        "4": 0.0992,
        "5": 0.0736,
        "6": 0.1232,
        "7": 0.12,
        "8": 0.1472,
        "9": 0.1296
      },
      "entropy_nat": 2.1892
    },
    "3": {
      "n": 0,
      "class_counts": {
        "0": 0,
        "1": 0,
        "2": 0,
        "3": 0,
        "4": 0,
        "5": 0,
        "6": 0,
        "7": 0,
        "8": 0,
        "9": 0
      },
      "class_density": {
        "0": 0.0,
        "1": 0.0,
        "2": 0.0,
        "3": 0.0,
        "4": 0.0,
        "5": 0.0,
        "6": 0.0,
        "7": 0.0,
        "8": 0.0,
        "9": 0.0
      },
      "entropy_nat": 0.0
    },
    "4": {
      "n": 0,
      "class_counts": {
        "0": 0,
        "1": 0,
        "2": 0,
        "3": 0,
        "4": 0,
        "5": 0,
        "6": 0,
        "7": 0,
        "8": 0,
        "9": 0
      },
      "class_density": {
        "0": 0.0,
        "1": 0.0,
        "2": 0.0,
        "3": 0.0,
        "4": 0.0,
        "5": 0.0,
        "6": 0.0,
        "7": 0.0,
        "8": 0.0,
        "9": 0.0
      },
      "entropy_nat": 0.0
    },
    "5": {
      "n": 0,
      "class_counts": {
        "0": 0,
        "1": 0,
        "2": 0,
        "3": 0,
        "4": 0,
        "5": 0,
        "6": 0,
        "7": 0,
        "8": 0,
        "9": 0
      },
      "class_density": {
        "0": 0.0,
        "1": 0.0,
        "2": 0.0,
        "3": 0.0,
        "4": 0.0,
        "5": 0.0,
        "6": 0.0,
        "7": 0.0,
        "8": 0.0,
        "9": 0.0
      },
      "entropy_nat": 0.0
    },
    "6": {
      "n": 0,
      "class_counts": {
        "0": 0,
        "1": 0,
        "2": 0,
        "3": 0,
        "4": 0,
        "5": 0,
        "6": 0,
        "7": 0,
        "8": 0,
        "9": 0
      },
      "class_density": {
        "0": 0.0,
        "1": 0.0,
        "2": 0.0,
        "3": 0.0,
        "4": 0.0,
        "5": 0.0,
        "6": 0.0,
        "7": 0.0,
        "8": 0.0,
        "9": 0.0
      },
      "entropy_nat": 0.0
    },
    "7": {
      "n": 0,
      "class_counts": {
        "0": 0,
        "1": 0,
        "2": 0,
        "3": 0,
        "4": 0,
        "5": 0,
        "6": 0,
        "7": 0,
        "8": 0,
        "9": 0
      },
      "class_density": {
        "0": 0.0,
        "1": 0.0,
        "2": 0.0,
        "3": 0.0,
        "4": 0.0,
        "5": 0.0,
        "6": 0.0,
        "7": 0.0,
        "8": 0.0,
        "9": 0.0
      },
      "entropy_nat": 0.0
    },
    "8": {
      "n": 0,
      "class_counts": {
        "0": 0,
        "1": 0,
        "2": 0,
        "3": 0,
        "4": 0,
        "5": 0,
        "6": 0,
        "7": 0,
        "8": 0,
        "9": 0
      },
      "class_density": {
        "0": 0.0,
        "1": 0.0,
        "2": 0.0,
        "3": 0.0,
        "4": 0.0,
        "5": 0.0,
        "6": 0.0,
        "7": 0.0,
        "8": 0.0,
        "9": 0.0
      },
      "entropy_nat": 0.0
    },
    "9": {
      "n": 0,
      "class_counts": {
        "0": 0,
        "1": 0,
        "2": 0,
        "3": 0,
        "4": 0,
        "5": 0,
        "6": 0,
        "7": 0,
        "8": 0,
        "9": 0
      },
      "class_density": {
        "0": 0.0,
        "1": 0.0,
        "2": 0.0,
        "3": 0.0,
        "4": 0.0,
        "5": 0.0,
        "6": 0.0,
        "7": 0.0,
        "8": 0.0,
        "9": 0.0
      },
      "entropy_nat": 0.0
    },
    "10": {
      "n": 242,
      "class_counts": {
        "0": 0,
        "1": 4,
        "2": 20,
        "3": 28,
        "4": 51,
        "5": 89,
        "6": 14,
        "7": 1,
        "8": 26,
        "9": 9
      },
      "class_density": {
        "0": 0.0,
        "1": 0.01652892561983471,
        "2": 0.08264462809917356,
        "3": 0.11570247933884298,
        "4": 0.21074380165289255,
        "5": 0.3677685950413223,
        "6": 0.05785123966942149,
        "7": 0.004132231404958678,
        "8": 0.10743801652892562,
        "9": 0.0371900826446281
      },
      "entropy_nat": 1.7691
    },
    "11": {
      "n": 0,
      "class_counts": {
        "0": 0,
        "1": 0,
        "2": 0,
        "3": 0,
        "4": 0,
        "5": 0,
        "6": 0,
        "7": 0,
        "8": 0,
        "9": 0
      },
      "class_density": {
        "0": 0.0,
        "1": 0.0,
        "2": 0.0,
        "3": 0.0,
        "4": 0.0,
        "5": 0.0,
        "6": 0.0,
        "7": 0.0,
        "8": 0.0,
        "9": 0.0
      },
      "entropy_nat": 0.0
    },
    "12": {
      "n": 31,
      "class_counts": {
        "0": 0,
        "1": 9,
        "2": 0,
        "3": 1,
        "4": 11,
        "5": 0,
        "6": 0,
        "7": 2,
        "8": 4,
        "9": 4
      },
      "class_density": {
        "0": 0.0,
        "1": 0.2903225806451613,
        "2": 0.0,
        "3": 0.03225806451612903,
        "4": 0.3548387096774194,
        "5": 0.0,
        "6": 0.0,
        "7": 0.06451612903225806,
        "8": 0.12903225806451613,
        "9": 0.12903225806451613
      },
      "entropy_nat": 1.5427
    },
    "13": {
      "n": 0,
      "class_counts": {
        "0": 0,
        "1": 0,
        "2": 0,
        "3": 0,
        "4": 0,
        "5": 0,
        "6": 0,
        "7": 0,
        "8": 0,
        "9": 0
      },
      "class_density": {
        "0": 0.0,
        "1": 0.0,
        "2": 0.0,
        "3": 0.0,
        "4": 0.0,
        "5": 0.0,
        "6": 0.0,
        "7": 0.0,
        "8": 0.0,
        "9": 0.0
      },
      "entropy_nat": 0.0
    },
    "14": {
      "n": 444,
      "class_counts": {
        "0": 26,
        "1": 31,
        "2": 80,
        "3": 44,
        "4": 35,
        "5": 16,
        "6": 82,
        "7": 81,
        "8": 6,
        "9": 43
      },
      "class_density": {
        "0": 0.05855855855855856,
        "1": 0.06981981981981981,
        "2": 0.18018018018018017,
        "3": 0.0990990990990991,
        "4": 0.07882882882882883,
        "5": 0.036036036036036036,
        "6": 0.18468468468468469,
        "7": 0.18243243243243243,
        "8": 0.013513513513513514,
        "9": 0.09684684684684684
      },
      "entropy_nat": 2.1165
    },
    "15": {
      "n": 0,
      "class_counts": {
        "0": 0,
        "1": 0,
        "2": 0,
        "3": 0,
        "4": 0,
        "5": 0,
        "6": 0,
        "7": 0,
        "8": 0,
        "9": 0
      },
      "class_density": {
        "0": 0.0,
        "1": 0.0,
        "2": 0.0,
        "3": 0.0,
        "4": 0.0,
        "5": 0.0,
        "6": 0.0,
        "7": 0.0,
        "8": 0.0,