{
  "run_dir": "samplesvdd/hySpUnsup/runs/sensitivity_v3/overlap_margin_0p05",
  "checkpoint": "samplesvdd/hySpUnsup/runs/sensitivity_v3/overlap_margin_0p05/checkpoint_v2.pth",
  "n_spheres": 30,
  "curvature": 1.0,
  "objective": "union-soft",
  "active_cluster_mask": [
    true,
    false,
    false,
    false,
    false,
    true,
    true,
    true,
    false,
    false,
    false,
    true,
    true,
    true,
    true,
    false,
    true,
    true,
    true,
    true,
    true,
    false,
    true,
    true,
    false,
    true,
    false,
    false,
    false,
    true
  ],
  "train_macro_auc": 0.5011960895087693,
  "train_per_digit_auc": {
    "0": 0.3617135044406946,
    "1": 0.3521657586824542,
    "2": 0.47182268519060633,
    "3": 0.5026366833098429,
    "4": 0.5959577431443559,
    "5": 0.38470197055066185,
    "6": 0.5707434094267568,
    "7": 0.4715731371670569,
    "8": 0.6691420175587506,
    "9": 0.6315039856165126
  },
  "test_macro_auc": 0.5020548245962345,
  "test_per_digit_auc": {
    "0": 0.35778786997206063,
    "1": 0.33404285896944125,
    "2": 0.4832794941231515,
    "3": 0.5031056264294926,
    "4": 0.5858879290843484,
    "5": 0.40575498820442235,
    "6": 0.5776026238623276,
    "7": 0.47425855270721995,
    "8": 0.6649497511979944,
    "9": 0.6338785514118873
  }
}