{
  "version": 2,
  "checkpoint_selection": "min_training_loss",
  "best_epoch": 20,
  "best_training_loss": 0.5253941679702085,
  "macro_auc_test_at_best_epoch": 0.49704340047093193,
  "per_digit_auc_at_best_epoch": {
    "0": 0.6389233901171685,
    "1": 0.6651292929292929,
    "2": 0.5956855850618877,
    "3": 0.5759542386143575,
    "4": 0.3280580331082844,
    "5": 0.3630675154510732,
    "6": 0.7040199144717381,
    "7": 0.25231753083048425,
    "8": 0.587764492619733,
    "9": 0.25951401150530007
  },
  "macro_auc_test_pruned_active_spheres": 0.49637971297497946,
  "per_digit_auc_test_pruned_active_spheres": {
    "0": 0.6606235632047949,
    "1": 0.6840192558496356,
    "2": 0.6881463186400306,
    "3": 0.6564530760607186,
    "4": 0.3119390563920469,
    "5": 0.3483017044030588,
    "6": 0.6270930442949089,
    "7": 0.19593068670489386,
    "8": 0.5538999517248083,
    "9": 0.2373904724748983
  },
  "curvature": 1.0,
  "n_spheres": 30,
  "train_normal_digits": [
    0,
    1,
    2
  ],
  "test_digits": [
    0,
    1,
    2,
    3,
    4,
    5,
    6,
    7,
    8,
    9
  ],
  "objective": "union-soft",
  "unsupervised": true,
  "ae_checkpoint": "samplesvdd/hySpUnsup/runs/my_v3_ae200_stage1/ae_stage1_ep200.pth",
  "prune": {
    "train_argmin_counts": [
      888,
      624,
      1433,
      1134,
      153,
      2762,
      195,
      948,
      155,
      259,
      98,
      18,
      57,
      157,
      249,
      70,
      3404,
      40,
      36,
      1629,
      393,
      760,
      113,
      43,
      502,
      37,
      55,
      17,
      1157,
      21
    ],
    "silhouette_mean_per_cluster_euclidean_z": {
      "0": null,
      "1": null,
      "2": null,
      "3": null,
      "4": null,
      "5": null,
      "6": null,
      "7": null,
      "8": null,
      "9": null,
      "10": null,
      "11": null,
      "12": null,
      "13": null,
      "14": null,
      "15": null,
      "16": null,
      "17": null,
      "18": null,
      "19": null,
      "20": null,
      "21": null,
      "22": null,
      "23": null,
      "24": null,
      "25": null,
      "26": null,
      "27": null,
      "28": null,
      "29": null
    },
    "active_cluster_mask": [
      true,
      true,
      true,
      true,
      true,
      true,
      true,
      true,
      true,
      true,
      true,
      false,
      true,
      true,
      true,
      true,
      true,
      false,
      false,
      true,
      true,
      true,
      true,
      false,
      true,
      false,
      true,
      false,
      true,
      false
    ]
  },
  "split_overloaded": {
    "enabled": true,
    "max_cluster_fraction": 0.2,
    "applied": false,
    "n_train": 17407,
    "cap_count": 3482,
    "counts_before": [
      923,
      626,
      1468,
      1134,
      153,
      2819,
      195,
      967,
      155,
      259,
      99,
      0,
      57,
      157,
      249,
      72,
      3446,
      0,
      0,
      1647,
      393,
      760,
      113,
      0,
      502,
      0,
      56,
      0,
      1157,
      0
    ],
    "overloaded_clusters": [],
    "spare_inactive_clusters": [
      11,
      17,
      18,
      23,
      25,
      27,
      29
    ],
    "splits": []
  },
  "hybrid_rebalance": {
    "enabled": true,
    "lb_min_cluster_members": 50,
    "ub_max_cluster_fraction": 0.2,
    "max_iters": 4,
    "hard_cap_enabled": true,
    "chaos_factor": 0.15,
    "iterations": [
      {
        "iter": 1,
        "lb": {
          "enabled": true,
          "counts": [
            888,
            624,
            1433,
            1134,
            153,
            2762,
            195,
            948,
            155,
            259,
            98,
            18,
            57,
            157,
            249,
            70,
            3404,
            40,
            36,
            1629,
            393,
            760,
            113,
            43,
            502,
            37,
            55,
            17,
            1157,
            21
          ],
          "active_before": [
            true,
            true,
            true,
            true,
            true,
            true,
            true,
            true,
            true,
            true,
            true,
            false,
            true,
            true,
            true,
            true,
            true,
            false,
            false,
            true,
            true,
            true,
            true,
            false,
            true,
            false,
            true,
            false,
            true,
            false
          ],
          "active_after": [
            true,
            true,
            true,
            true,
            true,
            true,
            true,
            true,
            true,
            true,
            true,
            false,
            true,
            true,
            true,
            true,
            true,
            false,
            false,
            true,
            true,
            true,
            true,
            false,
            true,
            false,
            true,
            false,
            true,
            false
          ],
          "changed": false
        },
        "ub": {
          "enabled": true,
          "max_cluster_fraction": 0.2,
          "applied": false,
          "n_train": 17407,
          "cap_count": 3482,
          "counts_before": [
            923,
            626,
            1468,
            1134,
            153,
            2819,
            195,
            967,
            155,
            259,
            99,
            0,
            57,
            157,
            249,
            72,
            3446,
            0,
            0,
            1647,
            393,
            760,
            113,
            0,
            502,
            0,
            56,
            0,
            1157,
            0
          ],
          "overloaded_clusters": [],
          "spare_inactive_clusters": [
            11,
            17,
            18,
            23,
            25,
            27,
            29
          ],
          "splits": []
        },
        "hard_cap": {
          "enabled": true,
          "max_cluster_fraction": 0.2,
          "chaos_factor": 0.15,
          "applied": false,
          "n_train": 17407,
          "cap_count": 3482,
          "counts_before": [
            923,
            626,
            1468,
            1134,
            153,
            2819,
            195,
            967,
            155,
            259,
            99,
            0,
            57,
            157,
            249,
            72,
            3446,
            0,
            0,
            1647,
            393,
            760,
            113,
            0,
            502,
            0,
            56,
            0,
            1157,
            0
          ],
          "counts_after": [
            923,
            626,
            1468,
            1134,
            153,
            2819,
            195,
            967,
            155,
            259,
            99,
            0,
            57,
            157,
            249,
            72,
            3446,
            0,
            0,
            1647,
            393,
            760,
            113,
            0,
            502,
            0,
            56,
            0,
            1157,
            0
          ],
          "overflow_reassigned": 0
        },
        "changed": false
      }
    ],
    "applied": false,