{
  "n_samples": 2000,
  "per_cluster": {
    "0": {
      "n": 204,
      "class_counts": {
        "0": 24,
        "1": 0,
        "2": 2,
        "3": 6,
        "4": 40,
        "5": 4,
        "6": 0,
        "7": 29,
        "8": 38,
        "9": 61
      },
      "class_density": {
        "0": 0.11764705882352941,
        "1": 0.0,
        "2": 0.00980392156862745,
        "3": 0.029411764705882353,
        "4": 0.19607843137254902,
        "5": 0.0196078431372549,
        "6": 0.0,
        "7": 0.14215686274509803,
        "8": 0.18627450980392157,
        "9": 0.29901960784313725
      },
      "entropy_nat": 1.7487
    },
    "1": {
      "n": 23,
      "class_counts": {
        "0": 9,
        "1": 0,
        "2": 0,
        "3": 4,
        "4": 0,
        "5": 7,
        "6": 0,
        "7": 0,
        "8": 3,
        "9": 0
      },
      "class_density": {
        "0": 0.391304347826087,
        "1": 0.0,
        "2": 0.0,
        "3": 0.17391304347826086,
        "4": 0.0,
        "5": 0.30434782608695654,
        "6": 0.0,
        "7": 0.0,
        "8": 0.13043478260869565,
        "9": 0.0
      },
      "entropy_nat": 1.2991
    },
    "2": {
      "n": 60,
      "class_counts": {
        "0": 0,
        "1": 47,
        "2": 2,
        "3": 0,
        "4": 0,
        "5": 3,
        "6": 0,
        "7": 2,
        "8": 6,
        "9": 0
      },
      "class_density": {
        "0": 0.0,
        "1": 0.7833333333333333,
        "2": 0.03333333333333333,
        "3": 0.0,
        "4": 0.0,
        "5": 0.05,
        "6": 0.0,
        "7": 0.03333333333333333,
        "8": 0.1,
        "9": 0.0
      },
      "entropy_nat": 0.7981
    },
    "3": {
      "n": 40,
      "class_counts": {
        "0": 30,
        "1": 0,
        "2": 0,
        "3": 1,
        "4": 0,
        "5": 0,
        "6": 1,
        "7": 0,
        "8": 4,
        "9": 4
      },
      "class_density": {
        "0": 0.75,
        "1": 0.0,
        "2": 0.0,
        "3": 0.025,
        "4": 0.0,
        "5": 0.0,
        "6": 0.025,
        "7": 0.0,
        "8": 0.1,
        "9": 0.1
      },
      "entropy_nat": 0.8607
    },
    "4": {
      "n": 84,
      "class_counts": {
        "0": 0,
        "1": 0,
        "2": 7,
        "3": 21,
        "4": 2,
        "5": 11,
        "6": 0,
        "7": 9,
        "8": 30,
        "9": 4
      },
      "class_density": {
        "0": 0.0,
        "1": 0.0,
        "2": 0.08333333333333333,
        "3": 0.25,
        "4": 0.023809523809523808,
        "5": 0.13095238095238096,
        "6": 0.0,
        "7": 0.10714285714285714,
        "8": 0.35714285714285715,
        "9": 0.047619047619047616
      },
      "entropy_nat": 1.6609
    },
    "5": {
      "n": 246,
      "class_counts": {
        "0": 13,
        "1": 7,
        "2": 101,
        "3": 63,
        "4": 2,
        "5": 28,
        "6": 16,
        "7": 0,
        "8": 13,
        "9": 3
      },
      "class_density": {
        "0": 0.052845528455284556,
        "1": 0.028455284552845527,
        "2": 0.4105691056910569,
        "3": 0.25609756097560976,
        "4": 0.008130081300813009,
        "5": 0.11382113821138211,
        "6": 0.06504065040650407,
        "7": 0.0,
        "8": 0.052845528455284556,
        "9": 0.012195121951219513
      },
      "entropy_nat": 1.6444
    },
    "6": {
      "n": 7,
      "class_counts": {
        "0": 0,
        "1": 7,
        "2": 0,
        "3": 0,
        "4": 0,
        "5": 0,
        "6": 0,
        "7": 0,
        "8": 0,
        "9": 0
      },
      "class_density": {
        "0": 0.0,
        "1": 1.0,
        "2": 0.0,
        "3": 0.0,
        "4": 0.0,
        "5": 0.0,
        "6": 0.0,
        "7": 0.0,
        "8": 0.0,
        "9": 0.0
      },
      "entropy_nat": -0.0
    },
    "7": {
      "n": 29,
      "class_counts": {
        "0": 0,
        "1": 29,
        "2": 0,
        "3": 0,
        "4": 0,
        "5": 0,
        "6": 0,
        "7": 0,
        "8": 0,
        "9": 0
      },
      "class_density": {
        "0": 0.0,
        "1": 1.0,
        "2": 0.0,
        "3": 0.0,
        "4": 0.0,
        "5": 0.0,
        "6": 0.0,
        "7": 0.0,
        "8": 0.0,
        "9": 0.0
      },
      "entropy_nat": -0.0
    },
    "8": {
      "n": 4,
      "class_counts": {
        "0": 0,
        "1": 0,
        "2": 3,
        "3": 0,
        "4": 0,
        "5": 0,
        "6": 0,
        "7": 0,
        "8": 1,
        "9": 0
      },
      "class_density": {
        "0": 0.0,
        "1": 0.0,
        "2": 0.75,
        "3": 0.0,
        "4": 0.0,
        "5": 0.0,
        "6": 0.0,
        "7": 0.0,
        "8": 0.25,
        "9": 0.0
      },
      "entropy_nat": 0.5623
    },
    "9": {
      "n": 6,
      "class_counts": {
        "0": 0,
        "1": 6,
        "2": 0,
        "3": 0,
        "4": 0,
        "5": 0,
        "6": 0,
        "7": 0,
        "8": 0,
        "9": 0
      },
      "class_density": {
        "0": 0.0,
        "1": 1.0,
        "2": 0.0,
        "3": 0.0,
        "4": 0.0,
        "5": 0.0,
        "6": 0.0,
        "7": 0.0,
        "8": 0.0,
        "9": 0.0
      },
      "entropy_nat": -0.0
    },
    "10": {
      "n": 6,
      "class_counts": {
        "0": 0,
        "1": 6,
        "2": 0,
        "3": 0,
        "4": 0,
        "5": 0,
        "6": 0,
        "7": 0,
        "8": 0,
        "9": 0
      },
      "class_density": {
        "0": 0.0,
        "1": 1.0,
        "2": 0.0,
        "3": 0.0,
        "4": 0.0,
        "5": 0.0,
        "6": 0.0,
        "7": 0.0,
        "8": 0.0,
        "9": 0.0
      },
      "entropy_nat": -0.0
    },
    "11": {
      "n": 0,
      "class_counts": {
        "0": 0,
        "1": 0,
        "2": 0,
        "3": 0,
        "4": 0,
        "5": 0,
        "6": 0,
        "7": 0,
        "8": 0,
        "9": 0
      },
      "class_density": {
        "0": 0.0,
        "1": 0.0,
        "2": 0.0,
        "3": 0.0,
        "4": 0.0,
        "5": 0.0,
        "6": 0.0,
        "7": 0.0,
        "8": 0.0,
        "9": 0.0
      },
      "entropy_nat": 0.0
    },
    "12": {
      "n": 0,
      "class_counts": {
        "0": 0,
        "1": 0,
        "2": 0,
        "3": 0,
        "4": 0,
        "5": 0,
        "6": 0,
        "7": 0,
        "8": 0,
        "9": 0
      },
      "class_density": {
        "0": 0.0,
        "1": 0.0,
        "2": 0.0,
        "3": 0.0,
        "4": 0.0,
        "5": 0.0,
        "6": 0.0,
        "7": 0.0,
        "8": 0.0,
        "9": 0.0
      },
      "entropy_nat": 0.0
    },
    "13": {
      "n": 2,
      "class_counts": {
        "0": 0,
        "1": 2,
        "2": 0,
        "3": 0,
        "4": 0,
        "5": 0,
        "6": 0,
        "7": 0,
        "8": 0,
        "9": 0
      },
      "class_density": {
        "0": 0.0,
        "1": 1.0,
        "2": 0.0,
        "3": 0.0,
        "4": 0.0,
        "5": 0.0,
        "6": 0.0,
        "7": 0.0,
        "8": 0.0,
        "9": 0.0
      },
      "entropy_nat": -0.0
    },
    "14": {
      "n": 11,
      "class_counts": {
        "0": 0,
        "1": 1,
        "2": 8,
        "3": 0,
        "4": 0,
        "5": 0,
        "6": 0,
        "7": 0,
        "8": 2,
        "9": 0
      },
      "class_density": {
        "0": 0.0,
        "1": 0.09090909090909091,
        "2": 0.7272727272727273,
        "3": 0.0,
        "4": 0.0,
        "5": 0.0,
        "6": 0.0,
        "7": 0.0,
        "8": 0.18181818181818182,
        "9": 0.0
      },
      "entropy_nat": 0.7595
    },
    "15": {
      "n": 1,
      "class_counts": {
        "0": 1,
        "1": 0,
        "2": 0,
        "3": 0,
        "4": 0,
        "5": 0,
        "6": 0,
        "7": 0,
        "8": 0,
        "9": 0
      },
      "class_density": {
        "0": 1.0,
        "1": 0.0,
        "2": 0.0,
        "3": 0.0,
        "4": 0.0,
        "5": 0.0,
        "6": 0.0,
        "7": 0.0,
        "8": 0.0,