{
  "split": "test",
  "nearest_sphere_assignment": "active_argmin",
  "active_cluster_mask": [
    true,
    true,
    true,
    true,
    true,
    false,
    true,
    false,
    false,
    true
  ],
  "total_samples": 13955,
  "counts_cluster_x_digit": [
    [
      0,
      316,
      0,
      0,
      0,
      0,
      0,
      0,
      0,
      0
    ],
    [
      1346,
      736,
      1298,
      1303,
      1082,
      1219,
      1191,
      1245,
      1239,
      1304
    ],
    [
      5,
      296,
      58,
      82,
      9,
      23,
      115,
      23,
      1,
      5
    ],
    [
      17,
      0,
      0,
      6,
      17,
      14,
      0,
      111,
      63,
      12
    ],
    [
      5,
      0,
      9,
      1,
      163,
      4,
      58,
      9,
      2,
      6
    ],
    [
      0,
      0,
      0,
      0,
      0,
      0,
      0,
      0,
      0,
      0
    ],
    [
      5,
      0,
      3,
      3,
      79,
      10,
      18,
      2,
      43,
      45
    ],
    [
      0,
      0,
      0,
      0,
      0,
      0,
      0,
      0,
      0,
      0
    ],
    [
      0,
      0,
      0,
      0,
      0,
      0,
      0,
      0,
      0,
      0
    ],
    [
      0,
      232,
      37,
      37,
      1,
      3,
      3,
      39,
      0,
      2
    ]
  ],
  "per_cluster": {
    "0": {
      "n": 316,
      "entropy_digit_mix_nat": -0.0,
      "hotspot_digit_argmax_P_d_given_k": 1,
      "top3_digits_by_density": {
        "1": 1.0,
        "0": 0.0,
        "2": 0.0
      }
    },
    "1": {
      "n": 11963,
      "entropy_digit_mix_nat": 2.2915,
      "hotspot_digit_argmax_P_d_given_k": 0,
      "top3_digits_by_density": {
        "0": 0.11251,
        "9": 0.109,
        "3": 0.10892
      }
    },
    "2": {
      "n": 617,
      "entropy_digit_mix_nat": 1.5513,
      "hotspot_digit_argmax_P_d_given_k": 1,
      "top3_digits_by_density": {
        "1": 0.47974,
        "6": 0.18639,
        "3": 0.1329
      }
    },
    "3": {
      "n": 240,
      "entropy_digit_mix_nat": 1.4906,
      "hotspot_digit_argmax_P_d_given_k": 7,
      "top3_digits_by_density": {
        "7": 0.4625,
        "8": 0.2625,
        "0": 0.07083
      }
    },
    "4": {
      "n": 257,
      "entropy_digit_mix_nat": 1.148,
      "hotspot_digit_argmax_P_d_given_k": 4,
      "top3_digits_by_density": {
        "4": 0.63424,
        "6": 0.22568,
        "2": 0.03502
      }
    },
    "5": {
      "n": 0,
      "entropy_digit_mix_nat": -0.0,
      "hotspot_digit_argmax_P_d_given_k": 0,
      "top3_digits_by_density": {
        "0": 0.0,
        "1": 0.0,
        "2": 0.0
      }
    },
    "6": {
      "n": 208,
      "entropy_digit_mix_nat": 1.639,
      "hotspot_digit_argmax_P_d_given_k": 4,
      "top3_digits_by_density": {
        "4": 0.37981,
        "9": 0.21635,
        "8": 0.20673
      }
    },
    "7": {
      "n": 0,
      "entropy_digit_mix_nat": -0.0,
      "hotspot_digit_argmax_P_d_given_k": 0,
      "top3_digits_by_density": {
        "0": 0.0,
        "1": 0.0,
        "2": 0.0
      }
    },
    "8": {
      "n": 0,
      "entropy_digit_mix_nat": -0.0,
      "hotspot_digit_argmax_P_d_given_k": 0,
      "top3_digits_by_density": {
        "0": 0.0,
        "1": 0.0,
        "2": 0.0
      }
    },
    "9": {
      "n": 354,
      "entropy_digit_mix_nat": 1.1187,
      "hotspot_digit_argmax_P_d_given_k": 1,
      "top3_digits_by_density": {
        "1": 0.65537,
        "7": 0.11017,
        "2": 0.10452
      }
    }
  },
  "per_digit": {
    "0": {
      "n": 1378,
      "entropy_cluster_mix_nat": 0.1383,
      "hotspot_cluster_argmax_P_k_given_d": 1,
      "top3_clusters_by_density": {
        "1": 0.97678,
        "3": 0.01234,
        "2": 0.00363
      }
    },
    "1": {
      "n": 1580,
      "entropy_cluster_mix_nat": 1.2732,
      "hotspot_cluster_argmax_P_k_given_d": 1,
      "top3_clusters_by_density": {
        "1": 0.46582,
        "0": 0.2,
        "2": 0.18734
      }
    },
    "2": {
      "n": 1405,
      "entropy_cluster_mix_nat": 0.346,
      "hotspot_cluster_argmax_P_k_given_d": 1,
      "top3_clusters_by_density": {
        "1": 0.92384,
        "2": 0.04128,
        "9": 0.02633
      }
    },
    "3": {
      "n": 1432,
      "entropy_cluster_mix_nat": 0.3851,
      "hotspot_cluster_argmax_P_k_given_d": 1,
      "top3_clusters_by_density": {
        "1": 0.90992,
        "2": 0.05726,
        "9": 0.02584
      }
    },
    "4": {
      "n": 1351,
      "entropy_cluster_mix_nat": 0.6928,
      "hotspot_cluster_argmax_P_k_given_d": 1,
      "top3_clusters_by_density": {
        "1": 0.80089,
        "4": 0.12065,
        "6": 0.05848
      }
    },
    "5": {
      "n": 1273,
      "entropy_cluster_mix_nat": 0.2341,
      "hotspot_cluster_argmax_P_k_given_d": 1,
      "top3_clusters_by_density": {
        "1": 0.95758,
        "2": 0.01807,
        "3": 0.011
      }
    },
    "6": {
      "n": 1385,
      "entropy_cluster_mix_nat": 0.539,
      "hotspot_cluster_argmax_P_k_given_d": 1,
      "top3_clusters_by_density": {
        "1": 0.85993,
        "2": 0.08303,
        "4": 0.04188
      }
    },
    "7": {
      "n": 1429,
      "entropy_cluster_mix_nat": 0.5244,
      "hotspot_cluster_argmax_P_k_given_d": 1,
      "top3_clusters_by_density": {
        "1": 0.87124,
        "3": 0.07768,
        "9": 0.02729
      }
    },
    "8": {
      "n": 1348,
      "entropy_cluster_mix_nat": 0.3456,
      "hotspot_cluster_argmax_P_k_given_d": 1,
      "top3_clusters_by_density": {
        "1": 0.91914,
        "3": 0.04674,
        "6": 0.0319
      }
    },
    "9": {
      "n": 1374,
      "entropy_cluster_mix_nat": 0.2567,
      "hotspot_cluster_argmax_P_k_given_d": 1,
      "top3_clusters_by_density": {
        "1": 0.94905,
        "6": 0.03275,
        "3": 0.00873
      }
    }
  }
}