{
  "best_epoch": 35,
  "best_macro_auc": 0.9771654391673449,
  "per_digit_best_auc": {
    "0": 0.9957796692259571,
    "1": 0.9975664748753357,
    "2": 0.9542865973827113,
    "3": 0.973139897449029,
    "4": 0.9791753631253551,
    "5": 0.954319282495878,
    "6": 0.9948663226006565,
    "7": 0.9880691548562894,
    "8": 0.9554098813268217,
    "9": 0.9790417483354154
  },
  "curvature": 1.0,
  "objective": "soft-boundary",
  "lambda_excl": 0.001,
  "margin_excl": 0.1,
  "lambda_overlap": 0.01,
  "margin_overlap": 0.05
}