{
  "n_samples": 2000,
  "per_cluster": {
    "0": {
      "n": 9,
      "class_counts": {
        "0": 6,
        "1": 0,
        "2": 0,
        "3": 0,
        "4": 0,
        "5": 0,
        "6": 0,
        "7": 0,
        "8": 2,
        "9": 1
      },
      "class_density": {
        "0": 0.6666666666666666,
        "1": 0.0,
        "2": 0.0,
        "3": 0.0,
        "4": 0.0,
        "5": 0.0,
        "6": 0.0,
        "7": 0.0,
        "8": 0.2222222222222222,
        "9": 0.1111111111111111
      },
      "entropy_nat": 0.8487
    },
    "1": {
      "n": 0,
      "class_counts": {
        "0": 0,
        "1": 0,
        "2": 0,
        "3": 0,
        "4": 0,
        "5": 0,
        "6": 0,
        "7": 0,
        "8": 0,
        "9": 0
      },
      "class_density": {
        "0": 0.0,
        "1": 0.0,
        "2": 0.0,
        "3": 0.0,
        "4": 0.0,
        "5": 0.0,
        "6": 0.0,
        "7": 0.0,
        "8": 0.0,
        "9": 0.0
      },
      "entropy_nat": 0.0
    },
    "2": {
      "n": 66,
      "class_counts": {
        "0": 1,
        "1": 21,
        "2": 5,
        "3": 4,
        "4": 5,
        "5": 14,
        "6": 3,
        "7": 0,
        "8": 12,
        "9": 1
      },
      "class_density": {
        "0": 0.015151515151515152,
        "1": 0.3181818181818182,
        "2": 0.07575757575757576,
        "3": 0.06060606060606061,
        "4": 0.07575757575757576,
        "5": 0.21212121212121213,
        "6": 0.045454545454545456,
        "7": 0.0,
        "8": 0.18181818181818182,
        "9": 0.015151515151515152
      },
      "entropy_nat": 1.8315
    },
    "3": {
      "n": 2,
      "class_counts": {
        "0": 2,
        "1": 0,
        "2": 0,
        "3": 0,
        "4": 0,
        "5": 0,
        "6": 0,
        "7": 0,
        "8": 0,
        "9": 0
      },
      "class_density": {
        "0": 1.0,
        "1": 0.0,
        "2": 0.0,
        "3": 0.0,
        "4": 0.0,
        "5": 0.0,
        "6": 0.0,
        "7": 0.0,
        "8": 0.0,
        "9": 0.0
      },
      "entropy_nat": -0.0
    },
    "4": {
      "n": 0,
      "class_counts": {
        "0": 0,
        "1": 0,
        "2": 0,
        "3": 0,
        "4": 0,
        "5": 0,
        "6": 0,
        "7": 0,
        "8": 0,
        "9": 0
      },
      "class_density": {
        "0": 0.0,
        "1": 0.0,
        "2": 0.0,
        "3": 0.0,
        "4": 0.0,
        "5": 0.0,
        "6": 0.0,
        "7": 0.0,
        "8": 0.0,
        "9": 0.0
      },
      "entropy_nat": 0.0
    },
    "5": {
      "n": 31,
      "class_counts": {
        "0": 0,
        "1": 28,
        "2": 1,
        "3": 1,
        "4": 0,
        "5": 0,
        "6": 0,
        "7": 1,
        "8": 0,
        "9": 0
      },
      "class_density": {
        "0": 0.0,
        "1": 0.9032258064516129,
        "2": 0.03225806451612903,
        "3": 0.03225806451612903,
        "4": 0.0,
        "5": 0.0,
        "6": 0.0,
        "7": 0.03225806451612903,
        "8": 0.0,
        "9": 0.0
      },
      "entropy_nat": 0.4243
    },
    "6": {
      "n": 44,
      "class_counts": {
        "0": 0,
        "1": 40,
        "2": 2,
        "3": 1,
        "4": 0,
        "5": 0,
        "6": 0,
        "7": 1,
        "8": 0,
        "9": 0
      },
      "class_density": {
        "0": 0.0,
        "1": 0.9090909090909091,
        "2": 0.045454545454545456,
        "3": 0.022727272727272728,
        "4": 0.0,
        "5": 0.0,
        "6": 0.0,
        "7": 0.022727272727272728,
        "8": 0.0,
        "9": 0.0
      },
      "entropy_nat": 0.3992
    },
    "7": {
      "n": 21,
      "class_counts": {
        "0": 0,
        "1": 7,
        "2": 0,
        "3": 1,
        "4": 6,
        "5": 3,
        "6": 0,
        "7": 1,
        "8": 3,
        "9": 0
      },
      "class_density": {
        "0": 0.0,
        "1": 0.3333333333333333,
        "2": 0.0,
        "3": 0.047619047619047616,
        "4": 0.2857142857142857,
        "5": 0.14285714285714285,
        "6": 0.0,
        "7": 0.047619047619047616,
        "8": 0.14285714285714285,
        "9": 0.0
      },
      "entropy_nat": 1.5701
    },
    "8": {
      "n": 0,
      "class_counts": {
        "0": 0,
        "1": 0,
        "2": 0,
        "3": 0,
        "4": 0,
        "5": 0,
        "6": 0,
        "7": 0,
        "8": 0,
        "9": 0
      },
      "class_density": {
        "0": 0.0,
        "1": 0.0,
        "2": 0.0,
        "3": 0.0,
        "4": 0.0,
        "5": 0.0,
        "6": 0.0,
        "7": 0.0,
        "8": 0.0,
        "9": 0.0
      },
      "entropy_nat": 0.0
    },
    "9": {
      "n": 0,
      "class_counts": {
        "0": 0,
        "1": 0,
        "2": 0,
        "3": 0,
        "4": 0,
        "5": 0,
        "6": 0,
        "7": 0,
        "8": 0,
        "9": 0
      },
      "class_density": {
        "0": 0.0,
        "1": 0.0,
        "2": 0.0,
        "3": 0.0,
        "4": 0.0,
        "5": 0.0,
        "6": 0.0,
        "7": 0.0,
        "8": 0.0,
        "9": 0.0
      },
      "entropy_nat": 0.0
    },
    "10": {
      "n": 6,
      "class_counts": {
        "0": 6,
        "1": 0,
        "2": 0,
        "3": 0,
        "4": 0,
        "5": 0,
        "6": 0,
        "7": 0,
        "8": 0,
        "9": 0
      },
      "class_density": {
        "0": 1.0,
        "1": 0.0,
        "2": 0.0,
        "3": 0.0,
        "4": 0.0,
        "5": 0.0,
        "6": 0.0,
        "7": 0.0,
        "8": 0.0,
        "9": 0.0
      },
      "entropy_nat": -0.0
    },
    "11": {
      "n": 31,
      "class_counts": {
        "0": 0,
        "1": 30,
        "2": 1,
        "3": 0,
        "4": 0,
        "5": 0,
        "6": 0,
        "7": 0,
        "8": 0,
        "9": 0
      },
      "class_density": {
        "0": 0.0,
        "1": 0.967741935483871,
        "2": 0.03225806451612903,
        "3": 0.0,
        "4": 0.0,
        "5": 0.0,
        "6": 0.0,
        "7": 0.0,
        "8": 0.0,
        "9": 0.0
      },
      "entropy_nat": 0.1425
    },
    "12": {
      "n": 4,
      "class_counts": {
        "0": 1,
        "1": 1,
        "2": 0,
        "3": 1,
        "4": 0,
        "5": 0,
        "6": 0,
        "7": 0,
        "8": 1,
        "9": 0
      },
      "class_density": {
        "0": 0.25,
        "1": 0.25,
        "2": 0.0,
        "3": 0.25,
        "4": 0.0,
        "5": 0.0,
        "6": 0.0,
        "7": 0.0,
        "8": 0.25,
        "9": 0.0
      },
      "entropy_nat": 1.3863
    },
    "13": {
      "n": 8,
      "class_counts": {
        "0": 8,
        "1": 0,
        "2": 0,
        "3": 0,
        "4": 0,
        "5": 0,
        "6": 0,
        "7": 0,
        "8": 0,
        "9": 0
      },
      "class_density": {
        "0": 1.0,
        "1": 0.0,
        "2": 0.0,
        "3": 0.0,
        "4": 0.0,
        "5": 0.0,
        "6": 0.0,
        "7": 0.0,
        "8": 0.0,
        "9": 0.0
      },
      "entropy_nat": -0.0
    },
    "14": {
      "n": 0,
      "class_counts": {
        "0": 0,
        "1": 0,
        "2": 0,
        "3": 0,
        "4": 0,
        "5": 0,
        "6": 0,
        "7": 0,
        "8": 0,
        "9": 0
      },
      "class_density": {
        "0": 0.0,
        "1": 0.0,
        "2": 0.0,
        "3": 0.0,
        "4": 0.0,
        "5": 0.0,
        "6": 0.0,
        "7": 0.0,
        "8": 0.0,
        "9": 0.0
      },
      "entropy_nat": 0.0
    },
    "15": {
      "n": 825,
      "class_counts": {
        "0": 67,
        "1": 16,
        "2": 28,
        "3": 51,
        "4": 100,
        "5": 37,
        "6": 127,
        "7": 188,
        "8": 75,
        "9": 136
      },
      "class_density": {
        "0": 0.08121212121212121,
        "1": 0.019393939393939394,
        "2": 0.03393939393939394,
        "3": 0.06181818181818182,
        "4": 0.12121212121212122,
        "5": 0.044848484848484846,
        "6": 0.15393939393939393,
        "7": 0.22787878787878788,