{
  "version": 2,
  "checkpoint_selection": "min_training_loss",
  "best_epoch": 19,
  "best_training_loss": 0.42778489470481873,
  "macro_auc_test_at_best_epoch": 0.4938165380681415,
  "per_digit_auc_at_best_epoch": {
    "0": 0.33319033418871247,
    "1": 0.907397826364915,
    "2": 0.696739703109271,
    "3": 0.7014259126336033,
    "4": 0.3752151162285374,
    "5": 0.43234487015944933,
    "6": 0.5123623089758723,
    "7": 0.24570631365276668,
    "8": 0.501171308907326,
    "9": 0.23261168646096153
  },
  "macro_auc_test_pruned_active_spheres": 0.49437334350272233,
  "per_digit_auc_test_pruned_active_spheres": {
    "0": 0.3289484525684627,
    "1": 0.910040889911776,
    "2": 0.6856304320086203,
    "3": 0.7077325765284614,
    "4": 0.40052674406231054,
    "5": 0.46039360547506086,
    "6": 0.5241022548098878,
    "7": 0.15129820386472276,
    "8": 0.5259855753444873,
    "9": 0.24907470045343436
  },
  "curvature": 1.0,
  "n_spheres": 30,
  "geometry": "hyperbolic",
  "train_normal_digits": [
    1
  ],
  "test_digits": [
    0,
    1,
    2,
    3,
    4,
    5,
    6,
    7,
    8,
    9
  ],
  "objective": "union-soft",
  "unsupervised": true,
  "ae_checkpoint": "samplesvdd/hySpUnsup/runs/my_v3_ae200_stage1/ae_stage1_ep200.pth",
  "prune": {
    "train_argmin_counts": [
      261,
      1268,
      150,
      310,
      157,
      120,
      627,
      762,
      85,
      91,
      129,
      126,
      237,
      28,
      116,
      224,
      224,
      55,
      147,
      25,
      139,
      453,
      57,
      99,
      70,
      69,
      31,
      65,
      103,
      69
    ],
    "silhouette_mean_per_cluster_euclidean_z": {
      "0": null,
      "1": null,
      "2": null,
      "3": null,
      "4": null,
      "5": null,
      "6": null,
      "7": null,
      "8": null,
      "9": null,
      "10": null,
      "11": null,
      "12": null,
      "13": null,
      "14": null,
      "15": null,
      "16": null,
      "17": null,
      "18": null,
      "19": null,
      "20": null,
      "21": null,
      "22": null,
      "23": null,
      "24": null,
      "25": null,
      "26": null,
      "27": null,
      "28": null,
      "29": null
    },
    "active_cluster_mask": [
      true,
      true,
      true,
      true,
      true,
      true,
      true,
      true,
      false,
      false,
      true,
      true,
      true,
      false,
      true,
      true,
      true,
      false,
      true,
      false,
      true,
      true,
      false,
      false,
      false,
      false,
      false,
      false,
      true,
      false
    ]
  },
  "split_overloaded": {
    "enabled": true,
    "max_cluster_fraction": 0.3,
    "applied": false,
    "n_train": 6297,
    "cap_count": 1890,
    "counts_before": [
      268,
      1463,
      159,
      360,
      167,
      129,
      737,
      877,
      0,
      0,
      162,
      129,
      238,
      0,
      118,
      240,
      271,
      0,
      155,
      0,
      151,
      559,
      0,
      0,
      0,
      0,
      0,
      0,
      114,
      0
    ],
    "overloaded_clusters": [],
    "spare_inactive_clusters": [
      8,
      9,
      13,
      17,
      19,
      22,
      23,
      24,
      25,
      26,
      27,
      29
    ],
    "splits": []
  },
  "hybrid_rebalance": {
    "enabled": true,
    "lb_min_cluster_members": 100,
    "ub_max_cluster_fraction": 0.3,
    "max_iters": 4,
    "hard_cap_enabled": true,
    "chaos_factor": 0.15,
    "iterations": [
      {
        "iter": 1,
        "lb": {
          "enabled": true,
          "counts": [
            261,
            1268,
            150,
            310,
            157,
            120,
            627,
            762,
            85,
            91,
            129,
            126,
            237,
            28,
            116,
            224,
            224,
            55,
            147,
            25,
            139,
            453,
            57,
            99,
            70,
            69,
            31,
            65,
            103,
            69
          ],
          "active_before": [
            true,
            true,
            true,
            true,
            true,
            true,
            true,
            true,
            false,
            false,
            true,
            true,
            true,
            false,
            true,
            true,
            true,
            false,
            true,
            false,
            true,
            true,
            false,
            false,
            false,
            false,
            false,
            false,
            true,
            false
          ],
          "active_after": [
            true,
            true,
            true,
            true,
            true,
            true,
            true,
            true,
            false,
            false,
            true,
            true,
            true,
            false,
            true,
            true,
            true,
            false,
            true,
            false,
            true,
            true,
            false,
            false,
            false,
            false,
            false,
            false,
            true,
            false
          ],
          "changed": false
        },
        "ub": {
          "enabled": true,
          "max_cluster_fraction": 0.3,
          "applied": false,
          "n_train": 6297,
          "cap_count": 1890,
          "counts_before": [
            268,
            1463,
            159,
            360,
            167,
            129,
            737,
            877,
            0,
            0,
            162,
            129,
            238,
            0,
            118,
            240,
            271,
            0,
            155,
            0,
            151,
            559,
            0,
            0,
            0,
            0,
            0,
            0,
            114,
            0
          ],
          "overloaded_clusters": [],
          "spare_inactive_clusters": [
            8,
            9,
            13,
            17,
            19,
            22,
            23,
            24,
            25,
            26,
            27,
            29
          ],
          "splits": []
        },
        "hard_cap": {
          "enabled": true,
          "max_cluster_fraction": 0.3,
          "chaos_factor": 0.15,
          "applied": false,
          "n_train": 6297,
          "cap_count": 1890,
          "counts_before": [
            268,
            1463,
            159,
            360,
            167,
            129,
            737,
            877,
            0,
            0,
            162,
            129,
            238,
            0,
            118,
            240,
            271,
            0,
            155,
            0,
            151,
            559,
            0,
            0,
            0,
            0,
            0,
            0,
            114,
            0
          ],
          "counts_after": [
            268,
            1463,
            159,
            360,
            167,
            129,
            737,
            877,
            0,
            0,
            162,
            129,
            238,
            0,
            118,
            240,
            271,
            0,
            155,
            0,
            151,
            559,
            0,
            0,
            0,
            0,
            0,
            0,
            114,
            0
          ],
          "overflow_reassigned": 0
        },
        "changed": false
      }
    ],
    "applied": false,