{
  "n_samples": 2000,
  "per_cluster": {
    "0": {
      "n": 9,
      "class_counts": {
        "0": 0,
        "1": 9,
        "2": 0,
        "3": 0,
        "4": 0,
        "5": 0,
        "6": 0,
        "7": 0,
        "8": 0,
        "9": 0
      },
      "class_density": {
        "0": 0.0,
        "1": 1.0,
        "2": 0.0,
        "3": 0.0,
        "4": 0.0,
        "5": 0.0,
        "6": 0.0,
        "7": 0.0,
        "8": 0.0,
        "9": 0.0
      },
      "entropy_nat": -0.0
    },
    "1": {
      "n": 563,
      "class_counts": {
        "0": 99,
        "1": 52,
        "2": 29,
        "3": 37,
        "4": 62,
        "5": 9,
        "6": 78,
        "7": 118,
        "8": 22,
        "9": 57
      },
      "class_density": {
        "0": 0.17584369449378331,
        "1": 0.09236234458259325,
        "2": 0.05150976909413854,
        "3": 0.06571936056838366,
        "4": 0.11012433392539965,
        "5": 0.015985790408525755,
        "6": 0.13854351687388988,
        "7": 0.20959147424511546,
        "8": 0.03907637655417407,
        "9": 0.10124333925399645
      },
      "entropy_nat": 2.1263
    },
    "2": {
      "n": 53,
      "class_counts": {
        "0": 0,
        "1": 9,
        "2": 1,
        "3": 0,
        "4": 0,
        "5": 1,
        "6": 2,
        "7": 40,
        "8": 0,
        "9": 0
      },
      "class_density": {
        "0": 0.0,
        "1": 0.16981132075471697,
        "2": 0.018867924528301886,
        "3": 0.0,
        "4": 0.0,
        "5": 0.018867924528301886,
        "6": 0.03773584905660377,
        "7": 0.7547169811320755,
        "8": 0.0,
        "9": 0.0
      },
      "entropy_nat": 0.787
    },
    "3": {
      "n": 12,
      "class_counts": {
        "0": 0,
        "1": 7,
        "2": 1,
        "3": 0,
        "4": 0,
        "5": 0,
        "6": 0,
        "7": 4,
        "8": 0,
        "9": 0
      },
      "class_density": {
        "0": 0.0,
        "1": 0.5833333333333334,
        "2": 0.08333333333333333,
        "3": 0.0,
        "4": 0.0,
        "5": 0.0,
        "6": 0.0,
        "7": 0.3333333333333333,
        "8": 0.0,
        "9": 0.0
      },
      "entropy_nat": 0.8877
    },
    "4": {
      "n": 5,
      "class_counts": {
        "0": 0,
        "1": 5,
        "2": 0,
        "3": 0,
        "4": 0,
        "5": 0,
        "6": 0,
        "7": 0,
        "8": 0,
        "9": 0
      },
      "class_density": {
        "0": 0.0,
        "1": 1.0,
        "2": 0.0,
        "3": 0.0,
        "4": 0.0,
        "5": 0.0,
        "6": 0.0,
        "7": 0.0,
        "8": 0.0,
        "9": 0.0
      },
      "entropy_nat": -0.0
    },
    "5": {
      "n": 0,
      "class_counts": {
        "0": 0,
        "1": 0,
        "2": 0,
        "3": 0,
        "4": 0,
        "5": 0,
        "6": 0,
        "7": 0,
        "8": 0,
        "9": 0
      },
      "class_density": {
        "0": 0.0,
        "1": 0.0,
        "2": 0.0,
        "3": 0.0,
        "4": 0.0,
        "5": 0.0,
        "6": 0.0,
        "7": 0.0,
        "8": 0.0,
        "9": 0.0
      },
      "entropy_nat": 0.0
    },
    "6": {
      "n": 20,
      "class_counts": {
        "0": 0,
        "1": 19,
        "2": 1,
        "3": 0,
        "4": 0,
        "5": 0,
        "6": 0,
        "7": 0,
        "8": 0,
        "9": 0
      },
      "class_density": {
        "0": 0.0,
        "1": 0.95,
        "2": 0.05,
        "3": 0.0,
        "4": 0.0,
        "5": 0.0,
        "6": 0.0,
        "7": 0.0,
        "8": 0.0,
        "9": 0.0
      },
      "entropy_nat": 0.1985
    },
    "7": {
      "n": 160,
      "class_counts": {
        "0": 1,
        "1": 29,
        "2": 1,
        "3": 6,
        "4": 22,
        "5": 14,
        "6": 0,
        "7": 40,
        "8": 34,
        "9": 13
      },
      "class_density": {
        "0": 0.00625,
        "1": 0.18125,
        "2": 0.00625,
        "3": 0.0375,
        "4": 0.1375,
        "5": 0.0875,
        "6": 0.0,
        "7": 0.25,
        "8": 0.2125,
        "9": 0.08125
      },
      "entropy_nat": 1.8618
    },
    "8": {
      "n": 0,
      "class_counts": {
        "0": 0,
        "1": 0,
        "2": 0,
        "3": 0,
        "4": 0,
        "5": 0,
        "6": 0,
        "7": 0,
        "8": 0,
        "9": 0
      },
      "class_density": {
        "0": 0.0,
        "1": 0.0,
        "2": 0.0,
        "3": 0.0,
        "4": 0.0,
        "5": 0.0,
        "6": 0.0,
        "7": 0.0,
        "8": 0.0,
        "9": 0.0
      },
      "entropy_nat": 0.0
    },
    "9": {
      "n": 0,
      "class_counts": {
        "0": 0,
        "1": 0,
        "2": 0,
        "3": 0,
        "4": 0,
        "5": 0,
        "6": 0,
        "7": 0,
        "8": 0,
        "9": 0
      },
      "class_density": {
        "0": 0.0,
        "1": 0.0,
        "2": 0.0,
        "3": 0.0,
        "4": 0.0,
        "5": 0.0,
        "6": 0.0,
        "7": 0.0,
        "8": 0.0,
        "9": 0.0
      },
      "entropy_nat": 0.0
    },
    "10": {
      "n": 4,
      "class_counts": {
        "0": 0,
        "1": 4,
        "2": 0,
        "3": 0,
        "4": 0,
        "5": 0,
        "6": 0,
        "7": 0,
        "8": 0,
        "9": 0
      },
      "class_density": {
        "0": 0.0,
        "1": 1.0,
        "2": 0.0,
        "3": 0.0,
        "4": 0.0,
        "5": 0.0,
        "6": 0.0,
        "7": 0.0,
        "8": 0.0,
        "9": 0.0
      },
      "entropy_nat": -0.0
    },
    "11": {
      "n": 115,
      "class_counts": {
        "0": 0,
        "1": 7,
        "2": 0,
        "3": 3,
        "4": 31,
        "5": 47,
        "6": 2,
        "7": 1,
        "8": 17,
        "9": 7
      },
      "class_density": {
        "0": 0.0,
        "1": 0.06086956521739131,
        "2": 0.0,
        "3": 0.02608695652173913,
        "4": 0.26956521739130435,
        "5": 0.40869565217391307,
        "6": 0.017391304347826087,
        "7": 0.008695652173913044,
        "8": 0.14782608695652175,
        "9": 0.06086956521739131
      },
      "entropy_nat": 1.5493
    },
    "12": {
      "n": 5,
      "class_counts": {
        "0": 0,
        "1": 5,
        "2": 0,
        "3": 0,
        "4": 0,
        "5": 0,
        "6": 0,
        "7": 0,
        "8": 0,
        "9": 0
      },
      "class_density": {
        "0": 0.0,
        "1": 1.0,
        "2": 0.0,
        "3": 0.0,
        "4": 0.0,
        "5": 0.0,
        "6": 0.0,
        "7": 0.0,
        "8": 0.0,
        "9": 0.0
      },
      "entropy_nat": -0.0
    },
    "13": {
      "n": 0,
      "class_counts": {
        "0": 0,
        "1": 0,
        "2": 0,
        "3": 0,
        "4": 0,
        "5": 0,
        "6": 0,
        "7": 0,
        "8": 0,
        "9": 0
      },
      "class_density": {
        "0": 0.0,
        "1": 0.0,
        "2": 0.0,
        "3": 0.0,
        "4": 0.0,
        "5": 0.0,
        "6": 0.0,
        "7": 0.0,
        "8": 0.0,
        "9": 0.0
      },
      "entropy_nat": 0.0
    },
    "14": {
      "n": 2,
      "class_counts": {
        "0": 0,
        "1": 2,
        "2": 0,
        "3": 0,
        "4": 0,
        "5": 0,
        "6": 0,
        "7": 0,
        "8": 0,
        "9": 0
      },
      "class_density": {
        "0": 0.0,
        "1": 1.0,
        "2": 0.0,
        "3": 0.0,
        "4": 0.0,
        "5": 0.0,
        "6": 0.0,
        "7": 0.0,
        "8": 0.0,
        "9": 0.0
      },
      "entropy_nat": -0.0
    },
    "15": {
      "n": 995,
      "class_counts": {
        "0": 99,
        "1": 34,
        "2": 176,
        "3": 155,
        "4": 69,
        "5": 122,
        "6": 132,
        "7": 15,
        "8": 95,
        "9": 98
      },
      "class_density": {
        "0": 0.09949748743718594,
        "1": 0.034170854271356785,
        "2": 0.17688442211055277,
        "3": 0.15577889447236182,
        "4": 0.06934673366834171,
        "5": 0.12261306532663317,
        "6": 0.13266331658291458,