{
  "best_epoch": 2,
  "best_macro_auc_raw_fixed_index": 0.4287606837606838,
  "best_macro_auc_hungarian_aligned": 0.5437179487179487,
  "per_class_auc_raw_fixed_index": {
    "0": 0.08012820512820513,
    "1": 0.6707692307692308,
    "2": 0.5353846153846153
  },
  "per_class_auc_hungarian_aligned": {
    "0": 0.16346153846153846,
    "1": 0.6707692307692308,
    "2": 0.7969230769230768
  },
  "best_hungarian_acc": 0.5526315789473685,
  "best_nmi": 0.2567597140493499,
  "best_ari": 0.13692407527579495,
  "n_clusters": 3,
  "curvature": 1.0,
  "purely_unsupervised_train": true,
  "preprocess": "StandardScaler_train_only",
  "center_init": "unsup_head_means_proj_ball"
}