{
  "macro_svdd_auc": 0.9477594568039143,
  "per_digit_svdd_auc": {
    "0": 0.9850995432905163,
    "1": 0.9985098329148135,
    "2": 0.9051953324600682,
    "3": 0.910145330913891,
    "4": 0.9663127338564222,
    "5": 0.8960362317378179,
    "6": 0.9784689516832374,
    "7": 0.9628310578597683,
    "8": 0.9321189322136113,
    "9": 0.9428766211089961
  },
  "csv": "D:\\Doctorate\\EngineCheck\\oasplTurbojet\\SampleSvDD\\samplesvdd\\hySpCheck\\runs\\ablate_mnist_full\\eval_euclidean\\global_top_anomalies.csv"
}