{
  "best_epoch": 100,
  "best_macro_auc": 0.9936554452796809,
  "per_digit_best_auc": {
    "0": 0.9994261662392203,
    "1": 0.9998994683220505,
    "2": 0.9917262990545681,
    "3": 0.9917017293581573,
    "4": 0.9953639659568877,
    "5": 0.9896665489777734,
    "6": 0.998601655411473,
    "7": 0.9960946434820015,
    "8": 0.9852814075424531,
    "9": 0.988792568452224
  },
  "curvature": 1.0,
  "objective": "soft-boundary",
  "lambda_excl": 0.0001,
  "margin_excl": 0.1,
  "lambda_overlap": 0.02,
  "margin_overlap": 0.05,
  "seed": 56,
  "deterministic": true
}