{
  "run_dir": "samplesvdd/hySpUnsup/runs/sensitivity_v3/ub_0p15",
  "checkpoint": "samplesvdd/hySpUnsup/runs/sensitivity_v3/ub_0p15/checkpoint_v2.pth",
  "n_spheres": 30,
  "curvature": 1.0,
  "objective": "union-soft",
  "active_cluster_mask": [
    true,
    true,
    true,
    true,
    true,
    false,
    true,
    true,
    false,
    false,
    true,
    false,
    true,
    false,
    true,
    false,
    false,
    true,
    false,
    true,
    false,
    false,
    true,
    true,
    false,
    false,
    false,
    false,
    true,
    false
  ],
  "train_macro_auc": 0.4958221784416435,
  "train_per_digit_auc": {
    "0": 0.6266525707304665,
    "1": 0.6506135675272325,
    "2": 0.45832568480986563,
    "3": 0.5012940644404721,
    "4": 0.21839877184147286,
    "5": 0.3254713804124401,
    "6": 0.4837882043681559,
    "7": 0.6860462703458229,
    "8": 0.6557908368709442,
    "9": 0.3518404330695628
  },
  "test_macro_auc": 0.4962546162813998,
  "test_per_digit_auc": {
    "0": 0.6266038359006054,
    "1": 0.6390414780718578,
    "2": 0.459033531355007,
    "3": 0.5161248275240596,
    "4": 0.2195179775621382,
    "5": 0.32870715810633006,
    "6": 0.5007086094046624,
    "7": 0.6715506065089303,
    "8": 0.647080545427285,
    "9": 0.3541775929531223
  }
}