{
  "split": "test",
  "total_samples": 14162,
  "counts_cluster_x_digit": [
    [
      8,
      126,
      41,
      62,
      1,
      18,
      245,
      0,
      3,
      0
    ],
    [
      1369,
      1446,
      1401,
      1339,
      1280,
      1253,
      1126,
      1467,
      1376,
      1368
    ],
    [
      12,
      1,
      0,
      4,
      20,
      9,
      40,
      0,
      13,
      0
    ],
    [
      0,
      0,
      0,
      0,
      0,
      0,
      0,
      17,
      0,
      1
    ],
    [
      0,
      0,
      0,
      0,
      61,
      1,
      6,
      3,
      0,
      1
    ],
    [
      0,
      0,
      0,
      0,
      0,
      0,
      0,
      0,
      0,
      0
    ],
    [
      0,
      0,
      0,
      0,
      6,
      0,
      0,
      0,
      0,
      0
    ],
    [
      0,
      0,
      0,
      1,
      0,
      0,
      0,
      0,
      0,
      0
    ],
    [
      0,
      28,
      0,
      0,
      0,
      0,
      0,
      0,
      0,
      0
    ],
    [
      1,
      0,
      2,
      1,
      0,
      0,
      5,
      0,
      0,
      0
    ]
  ],
  "per_cluster": {
    "0": {
      "n": 504,
      "entropy_digit_mix_nat": 1.3867,
      "hotspot_digit_argmax_P_d_given_k": 6,
      "top3_digits_by_density": {
        "6": 0.48611,
        "1": 0.25,
        "3": 0.12302
      }
    },
    "1": {
      "n": 13425,
      "entropy_digit_mix_nat": 2.3,
      "hotspot_digit_argmax_P_d_given_k": 7,
      "top3_digits_by_density": {
        "7": 0.10927,
        "1": 0.10771,
        "2": 0.10436
      }
    },
    "2": {
      "n": 99,
      "entropy_digit_mix_nat": 1.6057,
      "hotspot_digit_argmax_P_d_given_k": 6,
      "top3_digits_by_density": {
        "6": 0.40404,
        "4": 0.20202,
        "8": 0.13131
      }
    },
    "3": {
      "n": 18,
      "entropy_digit_mix_nat": 0.2146,
      "hotspot_digit_argmax_P_d_given_k": 7,
      "top3_digits_by_density": {
        "7": 0.94444,
        "9": 0.05556,
        "0": 0.0
      }
    },
    "4": {
      "n": 72,
      "entropy_digit_mix_nat": 0.5988,
      "hotspot_digit_argmax_P_d_given_k": 4,
      "top3_digits_by_density": {
        "4": 0.84722,
        "6": 0.08333,
        "7": 0.04167
      }
    },
    "5": {
      "n": 0,
      "entropy_digit_mix_nat": -0.0,
      "hotspot_digit_argmax_P_d_given_k": 0,
      "top3_digits_by_density": {
        "0": 0.0,
        "1": 0.0,
        "2": 0.0
      }
    },
    "6": {
      "n": 6,
      "entropy_digit_mix_nat": -0.0,
      "hotspot_digit_argmax_P_d_given_k": 4,
      "top3_digits_by_density": {
        "4": 1.0,
        "0": 0.0,
        "1": 0.0
      }
    },
    "7": {
      "n": 1,
      "entropy_digit_mix_nat": -0.0,
      "hotspot_digit_argmax_P_d_given_k": 3,
      "top3_digits_by_density": {
        "3": 1.0,
        "0": 0.0,
        "1": 0.0
      }
    },
    "8": {
      "n": 28,
      "entropy_digit_mix_nat": -0.0,
      "hotspot_digit_argmax_P_d_given_k": 1,
      "top3_digits_by_density": {
        "1": 1.0,
        "0": 0.0,
        "2": 0.0
      }
    },
    "9": {
      "n": 9,
      "entropy_digit_mix_nat": 1.1491,
      "hotspot_digit_argmax_P_d_given_k": 6,
      "top3_digits_by_density": {
        "6": 0.55556,
        "2": 0.22222,
        "0": 0.11111
      }
    }
  },
  "per_digit": {
    "0": {
      "n": 1390,
      "entropy_cluster_mix_nat": 0.0909,
      "hotspot_cluster_argmax_P_k_given_d": 1,
      "top3_clusters_by_density": {
        "1": 0.98489,
        "2": 0.00863,
        "0": 0.00576
      }
    },
    "1": {
      "n": 1601,
      "entropy_cluster_mix_nat": 0.3674,
      "hotspot_cluster_argmax_P_k_given_d": 1,
      "top3_clusters_by_density": {
        "1": 0.90319,
        "0": 0.0787,
        "8": 0.01749
      }
    },
    "2": {
      "n": 1444,
      "entropy_cluster_mix_nat": 0.1396,
      "hotspot_cluster_argmax_P_k_given_d": 1,
      "top3_clusters_by_density": {
        "1": 0.97022,
        "0": 0.02839,
        "9": 0.00139
      }
    },
    "3": {
      "n": 1407,
      "entropy_cluster_mix_nat": 0.2117,
      "hotspot_cluster_argmax_P_k_given_d": 1,
      "top3_clusters_by_density": {
        "1": 0.95167,
        "0": 0.04407,
        "2": 0.00284
      }
    },
    "4": {
      "n": 1368,
      "entropy_cluster_mix_nat": 0.2918,
      "hotspot_cluster_argmax_P_k_given_d": 1,
      "top3_clusters_by_density": {
        "1": 0.93567,
        "4": 0.04459,
        "2": 0.01462
      }
    },
    "5": {
      "n": 1281,
      "entropy_cluster_mix_nat": 0.122,
      "hotspot_cluster_argmax_P_k_given_d": 1,
      "top3_clusters_by_density": {
        "1": 0.97814,
        "0": 0.01405,
        "2": 0.00703
      }
    },
    "6": {
      "n": 1422,
      "entropy_cluster_mix_nat": 0.6312,
      "hotspot_cluster_argmax_P_k_given_d": 1,
      "top3_clusters_by_density": {
        "1": 0.79184,
        "0": 0.17229,
        "2": 0.02813
      }
    },
    "7": {
      "n": 1487,
      "entropy_cluster_mix_nat": 0.077,
      "hotspot_cluster_argmax_P_k_given_d": 1,
      "top3_clusters_by_density": {
        "1": 0.98655,
        "3": 0.01143,
        "4": 0.00202
      }
    },
    "8": {
      "n": 1392,
      "entropy_cluster_mix_nat": 0.0683,
      "hotspot_cluster_argmax_P_k_given_d": 1,
      "top3_clusters_by_density": {
        "1": 0.98851,
        "2": 0.00934,
        "0": 0.00216
      }
    },
    "9": {
      "n": 1370,
      "entropy_cluster_mix_nat": 0.012,
      "hotspot_cluster_argmax_P_k_given_d": 1,
      "top3_clusters_by_density": {
        "1": 0.99854,
        "3": 0.00073,
        "4": 0.00073
      }
    }
  }
}