{
  "run_dir": "samplesvdd/hySpUnsup/runs/sensitivity_v3/overlap_lambda_1e-2",
  "checkpoint": "samplesvdd/hySpUnsup/runs/sensitivity_v3/overlap_lambda_1e-2/checkpoint_v2.pth",
  "n_spheres": 30,
  "curvature": 1.0,
  "objective": "union-soft",
  "active_cluster_mask": [
    true,
    true,
    false,
    false,
    false,
    true,
    false,
    false,
    false,
    false,
    false,
    true,
    true,
    false,
    true,
    false,
    false,
    true,
    false,
    false,
    true,
    false,
    false,
    true,
    false,
    true,
    false,
    true,
    false,
    false
  ],
  "train_macro_auc": 0.5001094634094477,
  "train_per_digit_auc": {
    "0": 0.41203751930152654,
    "1": 0.3789974011498499,
    "2": 0.279409206118393,
    "3": 0.33457942796069196,
    "4": 0.6348300275832959,
    "5": 0.41994395779747706,
    "6": 0.30976742003824365,
    "7": 0.740111369828941,
    "8": 0.6859135289750754,
    "9": 0.8055047753409836
  },
  "test_macro_auc": 0.5019629780067125,
  "test_per_digit_auc": {
    "0": 0.4152301647684804,
    "1": 0.3751303925329242,
    "2": 0.2833275580950221,
    "3": 0.3579793347837744,
    "4": 0.6266568589013721,
    "5": 0.43289924930250434,
    "6": 0.3100918466694812,
    "7": 0.7371085776294894,
    "8": 0.6767110919255211,
    "9": 0.8044947054585557
  }
}