{
  "version": 2,
  "checkpoint_selection": "min_training_loss",
  "best_epoch": 6,
  "best_training_loss": 0.7364394349050304,
  "macro_auc_test_at_best_epoch": 0.4620482220749915,
  "per_digit_auc_at_best_epoch": {
    "0": 0.30406472616346586,
    "1": 0.14264564633678556,
    "2": 0.5138488040719684,
    "3": 0.5112007871995974,
    "4": 0.615897083416236,
    "5": 0.47114825114130865,
    "6": 0.6027420165484837,
    "7": 0.5021040350835831,
    "8": 0.42428812333781873,
    "9": 0.5325427474506681
  },
  "macro_auc_test_pruned_active_spheres": 0.457597576185148,
  "per_digit_auc_test_pruned_active_spheres": {
    "0": 0.30406472616346586,
    "1": 0.14264564633678556,
    "2": 0.5138488040719684,
    "3": 0.5112007871995974,
    "4": 0.615897083416236,
    "5": 0.47114825114130865,
    "6": 0.6027420165484837,
    "7": null,
    "8": 0.42428812333781873,
    "9": 0.5325427474506681
  },
  "curvature": 1.0,
  "n_spheres": 10,
  "train_normal_digits": [
    0,
    1,
    2,
    3,
    4,
    5,
    6,
    7,
    8,
    9
  ],
  "test_digits": [
    0,
    1,
    2,
    3,
    4,
    5,
    6,
    7,
    8,
    9
  ],
  "objective": "union-soft",
  "unsupervised": true,
  "ae_checkpoint": "/home/josepcec/Downloads/OASPL/svDD/samplesvdd/hySpCheck/runs/ablate_mnist_full_t2_ae150/ae_stage1_ep150.pth",
  "prune": {
    "train_argmin_counts": [
      2213,
      41894,
      4574,
      795,
      3452,
      756,
      555,
      96,
      243,
      1467
    ],
    "silhouette_mean_per_cluster_euclidean_z": {
      "0": 0.9496841430664062,
      "1": 0.9637446999549866,
      "2": 0.9529654383659363,
      "3": 0.9619096517562866,
      "4": 0.9261922240257263,
      "5": 0.9469371438026428,
      "6": 0.9587260484695435,
      "7": 0.9430500864982605,
      "8": 0.9476641416549683,
      "9": 0.9533966779708862
    },
    "active_cluster_mask": [
      true,
      true,
      true,
      true,
      true,
      true,
      true,
      false,
      true,
      true
    ]
  },
  "union_test_metrics_active_spheres": {
    "union_frac_inside": 0.959297742744536,
    "union_margin_mean": -12.761630058288574,
    "union_margin_std": 6.4843363761901855
  }
}