{
  "n_samples": 2000,
  "per_cluster": {
    "0": {
      "n": 84,
      "class_counts": {
        "0": 0,
        "1": 82,
        "2": 1,
        "3": 0,
        "4": 0,
        "5": 0,
        "6": 1,
        "7": 0,
        "8": 0,
        "9": 0
      },
      "class_density": {
        "0": 0.0,
        "1": 0.9761904761904762,
        "2": 0.011904761904761904,
        "3": 0.0,
        "4": 0.0,
        "5": 0.0,
        "6": 0.011904761904761904,
        "7": 0.0,
        "8": 0.0,
        "9": 0.0
      },
      "entropy_nat": 0.129
    },
    "1": {
      "n": 1493,
      "class_counts": {
        "0": 182,
        "1": 51,
        "2": 165,
        "3": 177,
        "4": 134,
        "5": 175,
        "6": 130,
        "7": 178,
        "8": 143,
        "9": 158
      },
      "class_density": {
        "0": 0.12190221031480242,
        "1": 0.03415941058271936,
        "2": 0.11051574012056263,
        "3": 0.11855324849296718,
        "4": 0.08975217682518419,
        "5": 0.11721366376423309,
        "6": 0.087073007367716,
        "7": 0.11922304085733422,
        "8": 0.09578030810448761,
        "9": 0.1058271935699933
      },
      "entropy_nat": 2.2642
    },
    "2": {
      "n": 155,
      "class_counts": {
        "0": 4,
        "1": 43,
        "2": 33,
        "3": 18,
        "4": 1,
        "5": 5,
        "6": 40,
        "7": 8,
        "8": 2,
        "9": 1
      },
      "class_density": {
        "0": 0.025806451612903226,
        "1": 0.27741935483870966,
        "2": 0.2129032258064516,
        "3": 0.11612903225806452,
        "4": 0.0064516129032258064,
        "5": 0.03225806451612903,
        "6": 0.25806451612903225,
        "7": 0.05161290322580645,
        "8": 0.012903225806451613,
        "9": 0.0064516129032258064
      },
      "entropy_nat": 1.764
    },
    "3": {
      "n": 23,
      "class_counts": {
        "0": 0,
        "1": 0,
        "2": 0,
        "3": 0,
        "4": 1,
        "5": 0,
        "6": 0,
        "7": 18,
        "8": 4,
        "9": 0
      },
      "class_density": {
        "0": 0.0,
        "1": 0.0,
        "2": 0.0,
        "3": 0.0,
        "4": 0.043478260869565216,
        "5": 0.0,
        "6": 0.0,
        "7": 0.782608695652174,
        "8": 0.17391304347826086,
        "9": 0.0
      },
      "entropy_nat": 0.6324
    },
    "4": {
      "n": 134,
      "class_counts": {
        "0": 13,
        "1": 0,
        "2": 7,
        "3": 4,
        "4": 37,
        "5": 20,
        "6": 33,
        "7": 1,
        "8": 16,
        "9": 3
      },
      "class_density": {
        "0": 0.09701492537313433,
        "1": 0.0,
        "2": 0.05223880597014925,
        "3": 0.029850746268656716,
        "4": 0.27611940298507465,
        "5": 0.14925373134328357,
        "6": 0.2462686567164179,
        "7": 0.007462686567164179,
        "8": 0.11940298507462686,
        "9": 0.022388059701492536
      },
      "entropy_nat": 1.8451
    },
    "5": {
      "n": 30,
      "class_counts": {
        "0": 0,
        "1": 0,
        "2": 1,
        "3": 1,
        "4": 10,
        "5": 1,
        "6": 5,
        "7": 3,
        "8": 2,
        "9": 7
      },
      "class_density": {
        "0": 0.0,
        "1": 0.0,
        "2": 0.03333333333333333,
        "3": 0.03333333333333333,
        "4": 0.3333333333333333,
        "5": 0.03333333333333333,
        "6": 0.16666666666666666,
        "7": 0.1,
        "8": 0.06666666666666667,
        "9": 0.23333333333333334
      },
      "entropy_nat": 1.7553
    },
    "6": {
      "n": 19,
      "class_counts": {
        "0": 0,
        "1": 0,
        "2": 0,
        "3": 0,
        "4": 7,
        "5": 0,
        "6": 5,
        "7": 0,
        "8": 1,
        "9": 6
      },
      "class_density": {
        "0": 0.0,
        "1": 0.0,
        "2": 0.0,
        "3": 0.0,
        "4": 0.3684210526315789,
        "5": 0.0,
        "6": 0.2631578947368421,
        "7": 0.0,
        "8": 0.05263157894736842,
        "9": 0.3157894736842105
      },
      "entropy_nat": 1.2382
    },
    "7": {
      "n": 0,
      "class_counts": {
        "0": 0,
        "1": 0,
        "2": 0,
        "3": 0,
        "4": 0,
        "5": 0,
        "6": 0,
        "7": 0,
        "8": 0,
        "9": 0
      },
      "class_density": {
        "0": 0.0,
        "1": 0.0,
        "2": 0.0,
        "3": 0.0,
        "4": 0.0,
        "5": 0.0,
        "6": 0.0,
        "7": 0.0,
        "8": 0.0,
        "9": 0.0
      },
      "entropy_nat": 0.0
    },
    "8": {
      "n": 10,
      "class_counts": {
        "0": 0,
        "1": 9,
        "2": 1,
        "3": 0,
        "4": 0,
        "5": 0,
        "6": 0,
        "7": 0,
        "8": 0,
        "9": 0
      },
      "class_density": {
        "0": 0.0,
        "1": 0.9,
        "2": 0.1,
        "3": 0.0,
        "4": 0.0,
        "5": 0.0,
        "6": 0.0,
        "7": 0.0,
        "8": 0.0,
        "9": 0.0
      },
      "entropy_nat": 0.3251
    },
    "9": {
      "n": 52,
      "class_counts": {
        "0": 0,
        "1": 36,
        "2": 2,
        "3": 2,
        "4": 1,
        "5": 1,
        "6": 0,
        "7": 10,
        "8": 0,
        "9": 0
      },
      "class_density": {
        "0": 0.0,
        "1": 0.6923076923076923,
        "2": 0.038461538461538464,
        "3": 0.038461538461538464,
        "4": 0.019230769230769232,
        "5": 0.019230769230769232,
        "6": 0.0,
        "7": 0.19230769230769232,
        "8": 0.0,
        "9": 0.0
      },
      "entropy_nat": 0.9742
    }
  },
  "pruning": {
    "active_cluster_mask": [
      true,
      true,
      true,
      true,
      true,
      true,
      true,
      false,
      true,
      true
    ],
    "pruned_cluster_ids": [
      7
    ],
    "n_active_spheres": 9,
    "nearest_sphere_assignment": "active_argmin",
    "note": "per_cluster uses nearest active sphere (pruned heads excluded from argmin). Hull/legend grey-out uses active_cluster_mask."
  },
  "assignment_diagnostics": {
    "dominant_cluster": 1,
    "dominant_cluster_fraction": 0.7465,
    "collapse_detected_ge_0p9": false
  }
}