{
  "n_samples": 2000,
  "per_cluster": {
    "0": {
      "n": 153,
      "class_counts": {
        "0": 10,
        "1": 2,
        "2": 3,
        "3": 4,
        "4": 28,
        "5": 4,
        "6": 2,
        "7": 11,
        "8": 12,
        "9": 77
      },
      "class_density": {
        "0": 0.06535947712418301,
        "1": 0.013071895424836602,
        "2": 0.0196078431372549,
        "3": 0.026143790849673203,
        "4": 0.1830065359477124,
        "5": 0.026143790849673203,
        "6": 0.013071895424836602,
        "7": 0.0718954248366013,
        "8": 0.0784313725490196,
        "9": 0.5032679738562091
      },
      "entropy_nat": 1.6046
    },
    "1": {
      "n": 7,
      "class_counts": {
        "0": 0,
        "1": 7,
        "2": 0,
        "3": 0,
        "4": 0,
        "5": 0,
        "6": 0,
        "7": 0,
        "8": 0,
        "9": 0
      },
      "class_density": {
        "0": 0.0,
        "1": 1.0,
        "2": 0.0,
        "3": 0.0,
        "4": 0.0,
        "5": 0.0,
        "6": 0.0,
        "7": 0.0,
        "8": 0.0,
        "9": 0.0
      },
      "entropy_nat": -0.0
    },
    "2": {
      "n": 0,
      "class_counts": {
        "0": 0,
        "1": 0,
        "2": 0,
        "3": 0,
        "4": 0,
        "5": 0,
        "6": 0,
        "7": 0,
        "8": 0,
        "9": 0
      },
      "class_density": {
        "0": 0.0,
        "1": 0.0,
        "2": 0.0,
        "3": 0.0,
        "4": 0.0,
        "5": 0.0,
        "6": 0.0,
        "7": 0.0,
        "8": 0.0,
        "9": 0.0
      },
      "entropy_nat": 0.0
    },
    "3": {
      "n": 23,
      "class_counts": {
        "0": 14,
        "1": 0,
        "2": 0,
        "3": 3,
        "4": 0,
        "5": 6,
        "6": 0,
        "7": 0,
        "8": 0,
        "9": 0
      },
      "class_density": {
        "0": 0.6086956521739131,
        "1": 0.0,
        "2": 0.0,
        "3": 0.13043478260869565,
        "4": 0.0,
        "5": 0.2608695652173913,
        "6": 0.0,
        "7": 0.0,
        "8": 0.0,
        "9": 0.0
      },
      "entropy_nat": 0.9184
    },
    "4": {
      "n": 0,
      "class_counts": {
        "0": 0,
        "1": 0,
        "2": 0,
        "3": 0,
        "4": 0,
        "5": 0,
        "6": 0,
        "7": 0,
        "8": 0,
        "9": 0
      },
      "class_density": {
        "0": 0.0,
        "1": 0.0,
        "2": 0.0,
        "3": 0.0,
        "4": 0.0,
        "5": 0.0,
        "6": 0.0,
        "7": 0.0,
        "8": 0.0,
        "9": 0.0
      },
      "entropy_nat": 0.0
    },
    "5": {
      "n": 12,
      "class_counts": {
        "0": 0,
        "1": 8,
        "2": 0,
        "3": 0,
        "4": 2,
        "5": 2,
        "6": 0,
        "7": 0,
        "8": 0,
        "9": 0
      },
      "class_density": {
        "0": 0.0,
        "1": 0.6666666666666666,
        "2": 0.0,
        "3": 0.0,
        "4": 0.16666666666666666,
        "5": 0.16666666666666666,
        "6": 0.0,
        "7": 0.0,
        "8": 0.0,
        "9": 0.0
      },
      "entropy_nat": 0.8676
    },
    "6": {
      "n": 5,
      "class_counts": {
        "0": 0,
        "1": 5,
        "2": 0,
        "3": 0,
        "4": 0,
        "5": 0,
        "6": 0,
        "7": 0,
        "8": 0,
        "9": 0
      },
      "class_density": {
        "0": 0.0,
        "1": 1.0,
        "2": 0.0,
        "3": 0.0,
        "4": 0.0,
        "5": 0.0,
        "6": 0.0,
        "7": 0.0,
        "8": 0.0,
        "9": 0.0
      },
      "entropy_nat": -0.0
    },
    "7": {
      "n": 147,
      "class_counts": {
        "0": 1,
        "1": 4,
        "2": 5,
        "3": 14,
        "4": 32,
        "5": 31,
        "6": 3,
        "7": 6,
        "8": 46,
        "9": 5
      },
      "class_density": {
        "0": 0.006802721088435374,
        "1": 0.027210884353741496,
        "2": 0.034013605442176874,
        "3": 0.09523809523809523,
        "4": 0.21768707482993196,
        "5": 0.2108843537414966,
        "6": 0.02040816326530612,
        "7": 0.04081632653061224,
        "8": 0.3129251700680272,
        "9": 0.034013605442176874
      },
      "entropy_nat": 1.8196
    },
    "8": {
      "n": 0,
      "class_counts": {
        "0": 0,
        "1": 0,
        "2": 0,
        "3": 0,
        "4": 0,
        "5": 0,
        "6": 0,
        "7": 0,
        "8": 0,
        "9": 0
      },
      "class_density": {
        "0": 0.0,
        "1": 0.0,
        "2": 0.0,
        "3": 0.0,
        "4": 0.0,
        "5": 0.0,
        "6": 0.0,
        "7": 0.0,
        "8": 0.0,
        "9": 0.0
      },
      "entropy_nat": 0.0
    },
    "9": {
      "n": 0,
      "class_counts": {
        "0": 0,
        "1": 0,
        "2": 0,
        "3": 0,
        "4": 0,
        "5": 0,
        "6": 0,
        "7": 0,
        "8": 0,
        "9": 0
      },
      "class_density": {
        "0": 0.0,
        "1": 0.0,
        "2": 0.0,
        "3": 0.0,
        "4": 0.0,
        "5": 0.0,
        "6": 0.0,
        "7": 0.0,
        "8": 0.0,
        "9": 0.0
      },
      "entropy_nat": 0.0
    },
    "10": {
      "n": 250,
      "class_counts": {
        "0": 0,
        "1": 64,
        "2": 10,
        "3": 12,
        "4": 50,
        "5": 9,
        "6": 20,
        "7": 40,
        "8": 2,
        "9": 43
      },
      "class_density": {
        "0": 0.0,
        "1": 0.256,
        "2": 0.04,
        "3": 0.048,
        "4": 0.2,
        "5": 0.036,
        "6": 0.08,
        "7": 0.16,
        "8": 0.008,
        "9": 0.172
      },
      "entropy_nat": 1.9016
    },
    "11": {
      "n": 60,
      "class_counts": {
        "0": 0,
        "1": 41,
        "2": 7,
        "3": 2,
        "4": 0,
        "5": 4,
        "6": 2,
        "7": 0,
        "8": 4,
        "9": 0
      },
      "class_density": {
        "0": 0.0,
        "1": 0.6833333333333333,
        "2": 0.11666666666666667,
        "3": 0.03333333333333333,
        "4": 0.0,
        "5": 0.06666666666666667,
        "6": 0.03333333333333333,
        "7": 0.0,
        "8": 0.06666666666666667,
        "9": 0.0
      },
      "entropy_nat": 1.0987
    },
    "12": {
      "n": 582,
      "class_counts": {
        "0": 105,
        "1": 11,
        "2": 136,
        "3": 107,
        "4": 15,
        "5": 61,
        "6": 110,
        "7": 7,
        "8": 26,
        "9": 4
      },
      "class_density": {
        "0": 0.18041237113402062,
        "1": 0.018900343642611683,
        "2": 0.23367697594501718,
        "3": 0.18384879725085912,
        "4": 0.02577319587628866,
        "5": 0.10481099656357389,
        "6": 0.18900343642611683,
        "7": 0.012027491408934709,
        "8": 0.044673539518900345,
        "9": 0.006872852233676976
      },
      "entropy_nat": 1.9069
    },
    "13": {
      "n": 0,
      "class_counts": {
        "0": 0,
        "1": 0,
        "2": 0,
        "3": 0,
        "4": 0,
        "5": 0,
        "6": 0,
        "7": 0,
        "8": 0,
        "9": 0
      },
      "class_density": {
        "0": 0.0,
        "1": 0.0,
        "2": 0.0,
        "3": 0.0,
        "4": 0.0,
        "5": 0.0,
        "6": 0.0,
        "7": 0.0,
        "8": 0.0,
        "9": 0.0
      },
      "entropy_nat": 0.0
    },
    "14": {
      "n": 8,
      "class_counts": {
        "0": 5,
        "1": 0,
        "2": 1,
        "3": 0,
        "4": 1,
        "5": 1,
        "6": 0,
        "7": 0,
        "8": 0,
        "9": 0
      },
      "class_density": {
        "0": 0.625,
        "1": 0.0,
        "2": 0.125,
        "3": 0.0,
        "4": 0.125,
        "5": 0.125,
        "6": 0.0,
        "7": 0.0,
        "8": 0.0,
        "9": 0.0
      },
      "entropy_nat": 1.0735
    },
    "15": {
      "n": 0,
      "class_counts": {
        "0": 0,
        "1": 0,
        "2": 0,
        "3": 0,
        "4": 0,
        "5": 0,
        "6": 0,
        "7": 0,
        "8": 0,
        "9": 0
      },
      "class_density": {
        "0": 0.0,