{
  "split": "test",
  "nearest_sphere_assignment": "active_argmin",
  "active_cluster_mask": [
    true,
    true,
    true,
    true,
    true,
    false,
    false,
    false,
    false,
    true
  ],
  "total_samples": 13955,
  "counts_cluster_x_digit": [
    [
      0,
      414,
      5,
      1,
      0,
      0,
      1,
      0,
      0,
      0
    ],
    [
      1360,
      1160,
      1389,
      1430,
      1229,
      1254,
      1249,
      1429,
      1324,
      1372
    ],
    [
      18,
      5,
      6,
      1,
      14,
      18,
      55,
      0,
      9,
      0
    ],
    [
      0,
      0,
      0,
      0,
      1,
      0,
      0,
      0,
      15,
      0
    ],
    [
      0,
      0,
      3,
      0,
      107,
      0,
      32,
      0,
      0,
      2
    ],
    [
      0,
      0,
      0,
      0,
      0,
      0,
      0,
      0,
      0,
      0
    ],
    [
      0,
      0,
      0,
      0,
      0,
      0,
      0,
      0,
      0,
      0
    ],
    [
      0,
      0,
      0,
      0,
      0,
      0,
      0,
      0,
      0,
      0
    ],
    [
      0,
      0,
      0,
      0,
      0,
      0,
      0,
      0,
      0,
      0
    ],
    [
      0,
      1,
      2,
      0,
      0,
      1,
      48,
      0,
      0,
      0
    ]
  ],
  "per_cluster": {
    "0": {
      "n": 421,
      "entropy_digit_mix_nat": 0.0978,
      "hotspot_digit_argmax_P_d_given_k": 1,
      "top3_digits_by_density": {
        "1": 0.98337,
        "2": 0.01188,
        "3": 0.00238
      }
    },
    "1": {
      "n": 13196,
      "entropy_digit_mix_nat": 2.3004,
      "hotspot_digit_argmax_P_d_given_k": 3,
      "top3_digits_by_density": {
        "3": 0.10837,
        "7": 0.10829,
        "2": 0.10526
      }
    },
    "2": {
      "n": 126,
      "entropy_digit_mix_nat": 1.6619,
      "hotspot_digit_argmax_P_d_given_k": 6,
      "top3_digits_by_density": {
        "6": 0.43651,
        "0": 0.14286,
        "5": 0.14286
      }
    },
    "3": {
      "n": 16,
      "entropy_digit_mix_nat": 0.2338,
      "hotspot_digit_argmax_P_d_given_k": 8,
      "top3_digits_by_density": {
        "8": 0.9375,
        "4": 0.0625,
        "0": 0.0
      }
    },
    "4": {
      "n": 144,
      "entropy_digit_mix_nat": 0.695,
      "hotspot_digit_argmax_P_d_given_k": 4,
      "top3_digits_by_density": {
        "4": 0.74306,
        "6": 0.22222,
        "2": 0.02083
      }
    },
    "5": {
      "n": 0,
      "entropy_digit_mix_nat": -0.0,
      "hotspot_digit_argmax_P_d_given_k": 0,
      "top3_digits_by_density": {
        "0": 0.0,
        "1": 0.0,
        "2": 0.0
      }
    },
    "6": {
      "n": 0,
      "entropy_digit_mix_nat": -0.0,
      "hotspot_digit_argmax_P_d_given_k": 0,
      "top3_digits_by_density": {
        "0": 0.0,
        "1": 0.0,
        "2": 0.0
      }
    },
    "7": {
      "n": 0,
      "entropy_digit_mix_nat": -0.0,
      "hotspot_digit_argmax_P_d_given_k": 0,
      "top3_digits_by_density": {
        "0": 0.0,
        "1": 0.0,
        "2": 0.0
      }
    },
    "8": {
      "n": 0,
      "entropy_digit_mix_nat": -0.0,
      "hotspot_digit_argmax_P_d_given_k": 0,
      "top3_digits_by_density": {
        "0": 0.0,
        "1": 0.0,
        "2": 0.0
      }
    },
    "9": {
      "n": 52,
      "entropy_digit_mix_nat": 0.3512,
      "hotspot_digit_argmax_P_d_given_k": 6,
      "top3_digits_by_density": {
        "6": 0.92308,
        "2": 0.03846,
        "1": 0.01923
      }
    }
  },
  "per_digit": {
    "0": {
      "n": 1378,
      "entropy_cluster_mix_nat": 0.0696,
      "hotspot_cluster_argmax_P_k_given_d": 1,
      "top3_clusters_by_density": {
        "1": 0.98694,
        "2": 0.01306,
        "0": 0.0
      }
    },
    "1": {
      "n": 1580,
      "entropy_cluster_mix_nat": 0.6007,
      "hotspot_cluster_argmax_P_k_given_d": 1,
      "top3_clusters_by_density": {
        "1": 0.73418,
        "0": 0.26203,
        "2": 0.00316
      }
    },
    "2": {
      "n": 1405,
      "entropy_cluster_mix_nat": 0.0771,
      "hotspot_cluster_argmax_P_k_given_d": 1,
      "top3_clusters_by_density": {
        "1": 0.98861,
        "2": 0.00427,
        "0": 0.00356
      }
    },
    "3": {
      "n": 1432,
      "entropy_cluster_mix_nat": 0.0115,
      "hotspot_cluster_argmax_P_k_given_d": 1,
      "top3_clusters_by_density": {
        "1": 0.9986,
        "0": 0.0007,
        "2": 0.0007
      }
    },
    "4": {
      "n": 1351,
      "entropy_cluster_mix_nat": 0.3396,
      "hotspot_cluster_argmax_P_k_given_d": 1,
      "top3_clusters_by_density": {
        "1": 0.9097,
        "4": 0.0792,
        "2": 0.01036
      }
    },
    "5": {
      "n": 1273,
      "entropy_cluster_mix_nat": 0.0806,
      "hotspot_cluster_argmax_P_k_given_d": 1,
      "top3_clusters_by_density": {
        "1": 0.98507,
        "2": 0.01414,
        "9": 0.00079
      }
    },
    "6": {
      "n": 1385,
      "entropy_cluster_mix_nat": 0.4301,
      "hotspot_cluster_argmax_P_k_given_d": 1,
      "top3_clusters_by_density": {
        "1": 0.90181,
        "2": 0.03971,
        "9": 0.03466
      }
    },
    "7": {
      "n": 1429,
      "entropy_cluster_mix_nat": -0.0,
      "hotspot_cluster_argmax_P_k_given_d": 1,
      "top3_clusters_by_density": {
        "1": 1.0,
        "0": 0.0,
        "2": 0.0
      }
    },
    "8": {
      "n": 1348,
      "entropy_cluster_mix_nat": 0.1011,
      "hotspot_cluster_argmax_P_k_given_d": 1,
      "top3_clusters_by_density": {
        "1": 0.9822,
        "3": 0.01113,
        "2": 0.00668
      }
    },
    "9": {
      "n": 1374,
      "entropy_cluster_mix_nat": 0.011,
      "hotspot_cluster_argmax_P_k_given_d": 1,
      "top3_clusters_by_density": {
        "1": 0.99854,
        "4": 0.00146,
        "0": 0.0
      }
    }
  }
}