{
  "n_samples": 2000,
  "per_cluster": {
    "0": {
      "n": 0,
      "class_counts": {
        "0": 0,
        "1": 0,
        "2": 0,
        "3": 0,
        "4": 0,
        "5": 0,
        "6": 0,
        "7": 0,
        "8": 0,
        "9": 0
      },
      "class_density": {
        "0": 0.0,
        "1": 0.0,
        "2": 0.0,
        "3": 0.0,
        "4": 0.0,
        "5": 0.0,
        "6": 0.0,
        "7": 0.0,
        "8": 0.0,
        "9": 0.0
      },
      "entropy_nat": 0.0
    },
    "1": {
      "n": 0,
      "class_counts": {
        "0": 0,
        "1": 0,
        "2": 0,
        "3": 0,
        "4": 0,
        "5": 0,
        "6": 0,
        "7": 0,
        "8": 0,
        "9": 0
      },
      "class_density": {
        "0": 0.0,
        "1": 0.0,
        "2": 0.0,
        "3": 0.0,
        "4": 0.0,
        "5": 0.0,
        "6": 0.0,
        "7": 0.0,
        "8": 0.0,
        "9": 0.0
      },
      "entropy_nat": 0.0
    },
    "2": {
      "n": 3,
      "class_counts": {
        "0": 0,
        "1": 0,
        "2": 2,
        "3": 1,
        "4": 0,
        "5": 0,
        "6": 0,
        "7": 0,
        "8": 0,
        "9": 0
      },
      "class_density": {
        "0": 0.0,
        "1": 0.0,
        "2": 0.6666666666666666,
        "3": 0.3333333333333333,
        "4": 0.0,
        "5": 0.0,
        "6": 0.0,
        "7": 0.0,
        "8": 0.0,
        "9": 0.0
      },
      "entropy_nat": 0.6365
    },
    "3": {
      "n": 2,
      "class_counts": {
        "0": 0,
        "1": 0,
        "2": 1,
        "3": 1,
        "4": 0,
        "5": 0,
        "6": 0,
        "7": 0,
        "8": 0,
        "9": 0
      },
      "class_density": {
        "0": 0.0,
        "1": 0.0,
        "2": 0.5,
        "3": 0.5,
        "4": 0.0,
        "5": 0.0,
        "6": 0.0,
        "7": 0.0,
        "8": 0.0,
        "9": 0.0
      },
      "entropy_nat": 0.6931
    },
    "4": {
      "n": 7,
      "class_counts": {
        "0": 0,
        "1": 0,
        "2": 3,
        "3": 3,
        "4": 0,
        "5": 0,
        "6": 0,
        "7": 0,
        "8": 1,
        "9": 0
      },
      "class_density": {
        "0": 0.0,
        "1": 0.0,
        "2": 0.42857142857142855,
        "3": 0.42857142857142855,
        "4": 0.0,
        "5": 0.0,
        "6": 0.0,
        "7": 0.0,
        "8": 0.14285714285714285,
        "9": 0.0
      },
      "entropy_nat": 1.0042
    },
    "5": {
      "n": 43,
      "class_counts": {
        "0": 0,
        "1": 0,
        "2": 38,
        "3": 5,
        "4": 0,
        "5": 0,
        "6": 0,
        "7": 0,
        "8": 0,
        "9": 0
      },
      "class_density": {
        "0": 0.0,
        "1": 0.0,
        "2": 0.8837209302325582,
        "3": 0.11627906976744186,
        "4": 0.0,
        "5": 0.0,
        "6": 0.0,
        "7": 0.0,
        "8": 0.0,
        "9": 0.0
      },
      "entropy_nat": 0.3594
    },
    "6": {
      "n": 0,
      "class_counts": {
        "0": 0,
        "1": 0,
        "2": 0,
        "3": 0,
        "4": 0,
        "5": 0,
        "6": 0,
        "7": 0,
        "8": 0,
        "9": 0
      },
      "class_density": {
        "0": 0.0,
        "1": 0.0,
        "2": 0.0,
        "3": 0.0,
        "4": 0.0,
        "5": 0.0,
        "6": 0.0,
        "7": 0.0,
        "8": 0.0,
        "9": 0.0
      },
      "entropy_nat": 0.0
    },
    "7": {
      "n": 0,
      "class_counts": {
        "0": 0,
        "1": 0,
        "2": 0,
        "3": 0,
        "4": 0,
        "5": 0,
        "6": 0,
        "7": 0,
        "8": 0,
        "9": 0
      },
      "class_density": {
        "0": 0.0,
        "1": 0.0,
        "2": 0.0,
        "3": 0.0,
        "4": 0.0,
        "5": 0.0,
        "6": 0.0,
        "7": 0.0,
        "8": 0.0,
        "9": 0.0
      },
      "entropy_nat": 0.0
    },
    "8": {
      "n": 7,
      "class_counts": {
        "0": 0,
        "1": 0,
        "2": 0,
        "3": 2,
        "4": 3,
        "5": 1,
        "6": 0,
        "7": 0,
        "8": 1,
        "9": 0
      },
      "class_density": {
        "0": 0.0,
        "1": 0.0,
        "2": 0.0,
        "3": 0.2857142857142857,
        "4": 0.42857142857142855,
        "5": 0.14285714285714285,
        "6": 0.0,
        "7": 0.0,
        "8": 0.14285714285714285,
        "9": 0.0
      },
      "entropy_nat": 1.277
    },
    "9": {
      "n": 0,
      "class_counts": {
        "0": 0,
        "1": 0,
        "2": 0,
        "3": 0,
        "4": 0,
        "5": 0,
        "6": 0,
        "7": 0,
        "8": 0,
        "9": 0
      },
      "class_density": {
        "0": 0.0,
        "1": 0.0,
        "2": 0.0,
        "3": 0.0,
        "4": 0.0,
        "5": 0.0,
        "6": 0.0,
        "7": 0.0,
        "8": 0.0,
        "9": 0.0
      },
      "entropy_nat": 0.0
    },
    "10": {
      "n": 101,
      "class_counts": {
        "0": 5,
        "1": 0,
        "2": 5,
        "3": 15,
        "4": 1,
        "5": 57,
        "6": 0,
        "7": 0,
        "8": 18,
        "9": 0
      },
      "class_density": {
        "0": 0.04950495049504951,
        "1": 0.0,
        "2": 0.04950495049504951,
        "3": 0.1485148514851485,
        "4": 0.009900990099009901,
        "5": 0.5643564356435643,
        "6": 0.0,
        "7": 0.0,
        "8": 0.1782178217821782,
        "9": 0.0
      },
      "entropy_nat": 1.2567
    },
    "11": {
      "n": 0,
      "class_counts": {
        "0": 0,
        "1": 0,
        "2": 0,
        "3": 0,
        "4": 0,
        "5": 0,
        "6": 0,
        "7": 0,
        "8": 0,
        "9": 0
      },
      "class_density": {
        "0": 0.0,
        "1": 0.0,
        "2": 0.0,
        "3": 0.0,
        "4": 0.0,
        "5": 0.0,
        "6": 0.0,
        "7": 0.0,
        "8": 0.0,
        "9": 0.0
      },
      "entropy_nat": 0.0
    },
    "12": {
      "n": 862,
      "class_counts": {
        "0": 145,
        "1": 108,
        "2": 34,
        "3": 48,
        "4": 72,
        "5": 77,
        "6": 200,
        "7": 105,
        "8": 25,
        "9": 48
      },
      "class_density": {
        "0": 0.16821345707656613,
        "1": 0.12529002320185614,
        "2": 0.03944315545243619,
        "3": 0.05568445475638051,
        "4": 0.08352668213457076,
        "5": 0.08932714617169374,
        "6": 0.23201856148491878,
        "7": 0.12180974477958237,
        "8": 0.029002320185614848,
        "9": 0.05568445475638051
      },
      "entropy_nat": 2.1305
    },
    "13": {
      "n": 71,
      "class_counts": {
        "0": 7,
        "1": 2,
        "2": 27,
        "3": 22,
        "4": 0,
        "5": 3,
        "6": 6,
        "7": 0,
        "8": 4,
        "9": 0
      },
      "class_density": {
        "0": 0.09859154929577464,
        "1": 0.028169014084507043,
        "2": 0.38028169014084506,
        "3": 0.30985915492957744,
        "4": 0.0,
        "5": 0.04225352112676056,
        "6": 0.08450704225352113,
        "7": 0.0,
        "8": 0.056338028169014086,
        "9": 0.0
      },
      "entropy_nat": 1.5642
    },
    "14": {
      "n": 119,
      "class_counts": {
        "0": 15,
        "1": 0,
        "2": 3,
        "3": 7,
        "4": 23,
        "5": 4,
        "6": 0,
        "7": 6,
        "8": 36,
        "9": 25
      },
      "class_density": {
        "0": 0.12605042016806722,
        "1": 0.0,
        "2": 0.025210084033613446,
        "3": 0.058823529411764705,
        "4": 0.19327731092436976,
        "5": 0.03361344537815126,
        "6": 0.0,
        "7": 0.05042016806722689,
        "8": 0.3025210084033613,
        "9": 0.21008403361344538
      },
      "entropy_nat": 1.7923
    },
    "15": {
      "n": 0,
      "class_counts": {
        "0": 0,
        "1": 0,
        "2": 0,
        "3": 0,
        "4": 0,
        "5": 0,
        "6": 0,
        "7": 0,
        "8": 0,
        "9": 0
      },
      "class_density": {
        "0": 0.0,
        "1": 0.0,