{
  "run_dir": "samplesvdd/hySpUnsup/runs/sensitivity_v3/ub_0p10",
  "checkpoint": "samplesvdd/hySpUnsup/runs/sensitivity_v3/ub_0p10/checkpoint_v2.pth",
  "n_spheres": 30,
  "curvature": 1.0,
  "objective": "union-soft",
  "active_cluster_mask": [
    true,
    true,
    true,
    true,
    true,
    true,
    true,
    true,
    true,
    false,
    false,
    false,
    false,
    true,
    false,
    false,
    true,
    false,
    false,
    false,
    false,
    true,
    false,
    false,
    false,
    false,
    true,
    false,
    false,
    false
  ],
  "train_macro_auc": 0.5007061658647443,
  "train_per_digit_auc": {
    "0": 0.43585744815009875,
    "1": 0.6370529606743796,
    "2": 0.47646084491789237,
    "3": 0.5201028924478442,
    "4": 0.5672513570642586,
    "5": 0.5983398764204568,
    "6": 0.41137309339165645,
    "7": 0.24660645584403285,
    "8": 0.7135084259680579,
    "9": 0.40050830376876484
  },
  "test_macro_auc": 0.5002602311755484,
  "test_per_digit_auc": {
    "0": 0.43249862415012635,
    "1": 0.6338539317222861,
    "2": 0.4867380300860614,
    "3": 0.5219650870331551,
    "4": 0.5663149656295594,
    "5": 0.5980362528033312,
    "6": 0.40280310406130004,
    "7": 0.24898017581792364,
    "8": 0.7050158359575565,
    "9": 0.40639630449418485
  }
}