{
  "version": 2,
  "checkpoint_selection": "min_training_loss",
  "best_epoch": 19,
  "best_training_loss": 0.6274242183389185,
  "macro_auc_test_at_best_epoch": 0.49779990438043714,
  "per_digit_auc_at_best_epoch": {
    "0": 0.5667825527118697,
    "1": 0.5791161232578954,
    "2": 0.46985334108406235,
    "3": 0.5362065921609267,
    "4": 0.5079274118093935,
    "5": 0.37735987432255796,
    "6": 0.46013963680644704,
    "7": 0.5864288214733089,
    "8": 0.5036394987100332,
    "9": 0.39054519146787625
  },
  "macro_auc_test_pruned_active_spheres": 0.5012684074290032,
  "per_digit_auc_test_pruned_active_spheres": {
    "0": 0.5367706192553436,
    "1": 0.49610666155223115,
    "2": 0.37453548085239113,
    "3": 0.4604883717869734,
    "4": 0.6022869444944927,
    "5": 0.5315546723755536,
    "6": 0.5612739632785643,
    "7": 0.39686926350643426,
    "8": 0.5852533764977725,
    "9": 0.46754472069027636
  },
  "curvature": 1.0,
  "n_spheres": 15,
  "train_normal_digits": [
    0,
    1,
    2,
    3,
    4,
    5,
    6,
    7,
    8,
    9
  ],
  "test_digits": [
    0,
    1,
    2,
    3,
    4,
    5,
    6,
    7,
    8,
    9
  ],
  "objective": "union-soft",
  "unsupervised": true,
  "ae_checkpoint": "samplesvdd/hySpUnsup/runs/my_v3_ae200_stage1/ae_stage1_ep200.pth",
  "prune": {
    "train_argmin_counts": [
      0,
      0,
      76,
      55846,
      22,
      0,
      11,
      0,
      25,
      39,
      0,
      0,
      0,
      0,
      26
    ],
    "silhouette_mean_per_cluster_euclidean_z": {
      "0": null,
      "1": null,
      "2": null,
      "3": null,
      "4": null,
      "5": null,
      "6": null,
      "7": null,
      "8": null,
      "9": null,
      "10": null,
      "11": null,
      "12": null,
      "13": null,
      "14": null
    },
    "active_cluster_mask": [
      false,
      false,
      true,
      true,
      false,
      false,
      false,
      false,
      false,
      false,
      false,
      false,
      false,
      false,
      false
    ]
  },
  "split_overloaded": {
    "enabled": true,
    "max_cluster_fraction": 0.2,
    "applied": true,
    "n_train": 56045,
    "cap_count": 11209,
    "counts_before": [
      0,
      0,
      76,
      55969,
      0,
      0,
      0,
      0,
      0,
      0,
      0,
      0,
      0,
      0,
      0
    ],
    "overloaded_clusters": [
      3
    ],
    "spare_inactive_clusters": [
      0,
      1,
      4,
      5,
      6,
      7,
      8,
      9,
      10,
      11,
      12,
      13,
      14
    ],
    "splits": [
      {
        "source_cluster": 3,
        "source_count": 55969,
        "groups_after_split": [
          16265,
          11722,
          10441,
          9008,
          8533
        ],
        "new_clusters_activated": [
          0,
          1,
          4,
          5
        ]
      }
    ],
    "active_cluster_mask_after_split": [
      true,
      true,
      true,
      true,
      true,
      true,
      false,
      false,
      false,
      false,
      false,
      false,
      false,
      false,
      false
    ]
  },
  "hybrid_rebalance": {
    "enabled": true,
    "lb_min_cluster_members": 50,
    "ub_max_cluster_fraction": 0.2,
    "max_iters": 4,
    "hard_cap_enabled": true,
    "chaos_factor": 0.15,
    "iterations": [
      {
        "iter": 1,
        "lb": {
          "enabled": true,
          "counts": [
            0,
            0,
            1317,
            9,
            0,
            0,
            3194,
            3454,
            40131,
            482,
            1572,
            2176,
            3287,
            319,
            104
          ],
          "active_before": [
            true,
            true,
            true,
            true,
            true,
            true,
            false,
            false,
            false,
            false,
            false,
            false,
            false,
            false,
            false
          ],
          "active_after": [
            false,
            false,
            true,
            false,
            false,
            false,
            true,
            true,
            true,
            true,
            true,
            true,
            true,
            true,
            true
          ],
          "changed": true
        },
        "ub": {
          "enabled": true,
          "max_cluster_fraction": 0.2,
          "applied": true,
          "n_train": 56045,
          "cap_count": 11209,
          "counts_before": [
            0,
            0,
            1317,
            0,
            0,
            0,
            3194,
            3454,
            40139,
            482,
            1573,
            2176,
            3287,
            319,
            104
          ],
          "overloaded_clusters": [
            8
          ],
          "spare_inactive_clusters": [
            0,
            1,
            3,
            4,
            5
          ],
          "splits": [
            {
              "source_cluster": 8,
              "source_count": 40139,
              "groups_after_split": [
                13055,
                12423,
                10862,
                3799
              ],
              "new_clusters_activated": [
                0,
                1,
                3
              ]
            }
          ],
          "active_cluster_mask_after_split": [
            true,
            true,
            true,
            true,
            false,
            false,
            true,
            true,
            true,
            true,
            true,
            true,
            true,
            true,
            true
          ]
        },
        "hard_cap": {
          "enabled": true,
          "max_cluster_fraction": 0.2,
          "chaos_factor": 0.15,
          "applied": true,
          "n_train": 56045,
          "cap_count": 11209,
          "counts_before": [
            0,
            0,
            3320,
            0,
            0,
            0,
            6102,
            8174,
            515,
            3993,
            3740,
            9982,
            17940,
            1395,
            884
          ],
          "counts_after": [
            0,
            0,
            3528,
            0,
            0,
            0,
            7550,
            8217,
            1015,
            5463,
            4200,
            9986,
            11209,
            2983,
            1894
          ],
          "overflow_reassigned": 6731
        },
        "changed": true
      },
      {
        "iter": 2,
        "lb": {
          "enabled": true,
          "counts": [
            0,
            0,
            52776,
            0,
            0,
            0,
            1900,
            928,
            0,
            284,
            0,
            35,
            122,
            0,
            0
          ],
          "active_before": [
            true,
            true,
            true,
            true,
            false,
            false,
            true,
            true,
            true,
            true,
            true,
            true,
            true,
            true,
            true
          ],
          "active_after": [
            false,
            false,
            true,
            false,
            false,
            false,
            true,
            true,
            false,
            true,
            false,
            false,
            true,
            false,
            false
          ],
          "changed": true
        },
        "ub": {
          "enabled": true,
          "max_cluster_fraction": 0.2,
          "applied": true,
          "n_train": 56045,
          "cap_count": 11209,