{
  "n_samples": 2000,
  "per_cluster": {
    "0": {
      "n": 0,
      "class_counts": {
        "0": 0,
        "1": 0,
        "2": 0,
        "3": 0,
        "4": 0,
        "5": 0,
        "6": 0,
        "7": 0,
        "8": 0,
        "9": 0
      },
      "class_density": {
        "0": 0.0,
        "1": 0.0,
        "2": 0.0,
        "3": 0.0,
        "4": 0.0,
        "5": 0.0,
        "6": 0.0,
        "7": 0.0,
        "8": 0.0,
        "9": 0.0
      },
      "entropy_nat": 0.0
    },
    "1": {
      "n": 17,
      "class_counts": {
        "0": 0,
        "1": 1,
        "2": 8,
        "3": 5,
        "4": 0,
        "5": 1,
        "6": 0,
        "7": 1,
        "8": 1,
        "9": 0
      },
      "class_density": {
        "0": 0.0,
        "1": 0.058823529411764705,
        "2": 0.47058823529411764,
        "3": 0.29411764705882354,
        "4": 0.0,
        "5": 0.058823529411764705,
        "6": 0.0,
        "7": 0.058823529411764705,
        "8": 0.058823529411764705,
        "9": 0.0
      },
      "entropy_nat": 1.3813
    },
    "2": {
      "n": 7,
      "class_counts": {
        "0": 0,
        "1": 7,
        "2": 0,
        "3": 0,
        "4": 0,
        "5": 0,
        "6": 0,
        "7": 0,
        "8": 0,
        "9": 0
      },
      "class_density": {
        "0": 0.0,
        "1": 1.0,
        "2": 0.0,
        "3": 0.0,
        "4": 0.0,
        "5": 0.0,
        "6": 0.0,
        "7": 0.0,
        "8": 0.0,
        "9": 0.0
      },
      "entropy_nat": -0.0
    },
    "3": {
      "n": 0,
      "class_counts": {
        "0": 0,
        "1": 0,
        "2": 0,
        "3": 0,
        "4": 0,
        "5": 0,
        "6": 0,
        "7": 0,
        "8": 0,
        "9": 0
      },
      "class_density": {
        "0": 0.0,
        "1": 0.0,
        "2": 0.0,
        "3": 0.0,
        "4": 0.0,
        "5": 0.0,
        "6": 0.0,
        "7": 0.0,
        "8": 0.0,
        "9": 0.0
      },
      "entropy_nat": 0.0
    },
    "4": {
      "n": 12,
      "class_counts": {
        "0": 5,
        "1": 0,
        "2": 0,
        "3": 0,
        "4": 0,
        "5": 0,
        "6": 0,
        "7": 0,
        "8": 0,
        "9": 7
      },
      "class_density": {
        "0": 0.4166666666666667,
        "1": 0.0,
        "2": 0.0,
        "3": 0.0,
        "4": 0.0,
        "5": 0.0,
        "6": 0.0,
        "7": 0.0,
        "8": 0.0,
        "9": 0.5833333333333334
      },
      "entropy_nat": 0.6792
    },
    "5": {
      "n": 4,
      "class_counts": {
        "0": 0,
        "1": 0,
        "2": 4,
        "3": 0,
        "4": 0,
        "5": 0,
        "6": 0,
        "7": 0,
        "8": 0,
        "9": 0
      },
      "class_density": {
        "0": 0.0,
        "1": 0.0,
        "2": 1.0,
        "3": 0.0,
        "4": 0.0,
        "5": 0.0,
        "6": 0.0,
        "7": 0.0,
        "8": 0.0,
        "9": 0.0
      },
      "entropy_nat": -0.0
    },
    "6": {
      "n": 57,
      "class_counts": {
        "0": 0,
        "1": 51,
        "2": 3,
        "3": 2,
        "4": 0,
        "5": 0,
        "6": 0,
        "7": 1,
        "8": 0,
        "9": 0
      },
      "class_density": {
        "0": 0.0,
        "1": 0.8947368421052632,
        "2": 0.05263157894736842,
        "3": 0.03508771929824561,
        "4": 0.0,
        "5": 0.0,
        "6": 0.0,
        "7": 0.017543859649122806,
        "8": 0.0,
        "9": 0.0
      },
      "entropy_nat": 0.443
    },
    "7": {
      "n": 111,
      "class_counts": {
        "0": 20,
        "1": 0,
        "2": 7,
        "3": 22,
        "4": 2,
        "5": 43,
        "6": 6,
        "7": 0,
        "8": 10,
        "9": 1
      },
      "class_density": {
        "0": 0.18018018018018017,
        "1": 0.0,
        "2": 0.06306306306306306,
        "3": 0.1981981981981982,
        "4": 0.018018018018018018,
        "5": 0.38738738738738737,
        "6": 0.05405405405405406,
        "7": 0.0,
        "8": 0.09009009009009009,
        "9": 0.009009009009009009
      },
      "entropy_nat": 1.6606
    },
    "8": {
      "n": 0,
      "class_counts": {
        "0": 0,
        "1": 0,
        "2": 0,
        "3": 0,
        "4": 0,
        "5": 0,
        "6": 0,
        "7": 0,
        "8": 0,
        "9": 0
      },
      "class_density": {
        "0": 0.0,
        "1": 0.0,
        "2": 0.0,
        "3": 0.0,
        "4": 0.0,
        "5": 0.0,
        "6": 0.0,
        "7": 0.0,
        "8": 0.0,
        "9": 0.0
      },
      "entropy_nat": 0.0
    },
    "9": {
      "n": 0,
      "class_counts": {
        "0": 0,
        "1": 0,
        "2": 0,
        "3": 0,
        "4": 0,
        "5": 0,
        "6": 0,
        "7": 0,
        "8": 0,
        "9": 0
      },
      "class_density": {
        "0": 0.0,
        "1": 0.0,
        "2": 0.0,
        "3": 0.0,
        "4": 0.0,
        "5": 0.0,
        "6": 0.0,
        "7": 0.0,
        "8": 0.0,
        "9": 0.0
      },
      "entropy_nat": 0.0
    },
    "10": {
      "n": 99,
      "class_counts": {
        "0": 0,
        "1": 38,
        "2": 1,
        "3": 3,
        "4": 6,
        "5": 1,
        "6": 9,
        "7": 38,
        "8": 0,
        "9": 3
      },
      "class_density": {
        "0": 0.0,
        "1": 0.3838383838383838,
        "2": 0.010101010101010102,
        "3": 0.030303030303030304,
        "4": 0.06060606060606061,
        "5": 0.010101010101010102,
        "6": 0.09090909090909091,
        "7": 0.3838383838383838,
        "8": 0.0,
        "9": 0.030303030303030304
      },
      "entropy_nat": 1.4277
    },
    "11": {
      "n": 3,
      "class_counts": {
        "0": 0,
        "1": 3,
        "2": 0,
        "3": 0,
        "4": 0,
        "5": 0,
        "6": 0,
        "7": 0,
        "8": 0,
        "9": 0
      },
      "class_density": {
        "0": 0.0,
        "1": 1.0,
        "2": 0.0,
        "3": 0.0,
        "4": 0.0,
        "5": 0.0,
        "6": 0.0,
        "7": 0.0,
        "8": 0.0,
        "9": 0.0
      },
      "entropy_nat": -0.0
    },
    "12": {
      "n": 1,
      "class_counts": {
        "0": 0,
        "1": 0,
        "2": 0,
        "3": 0,
        "4": 0,
        "5": 0,
        "6": 0,
        "7": 0,
        "8": 1,
        "9": 0
      },
      "class_density": {
        "0": 0.0,
        "1": 0.0,
        "2": 0.0,
        "3": 0.0,
        "4": 0.0,
        "5": 0.0,
        "6": 0.0,
        "7": 0.0,
        "8": 1.0,
        "9": 0.0
      },
      "entropy_nat": -0.0
    },
    "13": {
      "n": 750,
      "class_counts": {
        "0": 5,
        "1": 11,
        "2": 49,
        "3": 83,
        "4": 123,
        "5": 99,
        "6": 5,
        "7": 130,
        "8": 112,
        "9": 133
      },
      "class_density": {
        "0": 0.006666666666666667,
        "1": 0.014666666666666666,
        "2": 0.06533333333333333,
        "3": 0.11066666666666666,
        "4": 0.164,
        "5": 0.132,
        "6": 0.006666666666666667,
        "7": 0.17333333333333334,
        "8": 0.14933333333333335,
        "9": 0.17733333333333334
      },
      "entropy_nat": 2.0088
    },
    "14": {
      "n": 151,
      "class_counts": {
        "0": 1,
        "1": 81,
        "2": 22,
        "3": 8,
        "4": 5,
        "5": 12,
        "6": 7,
        "7": 3,
        "8": 12,
        "9": 0
      },
      "class_density": {
        "0": 0.006622516556291391,
        "1": 0.5364238410596026,
        "2": 0.1456953642384106,
        "3": 0.052980132450331126,
        "4": 0.033112582781456956,
        "5": 0.07947019867549669,
        "6": 0.046357615894039736,
        "7": 0.019867549668874173,
        "8": 0.07947019867549669,
        "9": 0.0
      },
      "entropy_nat": 1.5392
    },
    "15": {
      "n": 54,
      "class_counts": {
        "0": 41,
        "1": 0,
        "2": 0,
        "3": 2,
        "4": 0,
        "5": 5,
        "6": 4,
        "7": 0,
        "8": 2,
        "9": 0
      },