{
  "run_dir": "samplesvdd/hySpUnsup/runs/sensitivity_v3/grid_lb20_ub0p10",
  "checkpoint": "samplesvdd/hySpUnsup/runs/sensitivity_v3/grid_lb20_ub0p10/checkpoint_v2.pth",
  "n_spheres": 30,
  "curvature": 1.0,
  "objective": "union-soft",
  "active_cluster_mask": [
    true,
    true,
    true,
    true,
    true,
    true,
    true,
    true,
    false,
    false,
    false,
    false,
    false,
    true,
    false,
    false,
    false,
    false,
    false,
    false,
    false,
    true,
    false,
    false,
    true,
    false,
    false,
    false,
    true,
    false
  ],
  "train_macro_auc": 0.497827546352264,
  "train_per_digit_auc": {
    "0": 0.3291202247754574,
    "1": 0.45897244456031716,
    "2": 0.29308241350568504,
    "3": 0.3703523845420015,
    "4": 0.7025309664454897,
    "5": 0.33878091628116136,
    "6": 0.25075947249692854,
    "7": 0.8223220702992412,
    "8": 0.5716007744139051,
    "9": 0.8407537962024518
  },
  "test_macro_auc": 0.49974424177827464,
  "test_per_digit_auc": {
    "0": 0.3169060301171777,
    "1": 0.4664091804117121,
    "2": 0.2991707192581985,
    "3": 0.39428423767307264,
    "4": 0.6867681320723205,
    "5": 0.3526901573111212,
    "6": 0.2477510489992504,
    "7": 0.8207262833125155,
    "8": 0.5656708839397075,
    "9": 0.8470657446876699
  }
}