{
  "n_samples": 2000,
  "per_cluster": {
    "0": {
      "n": 13,
      "class_counts": {
        "0": 0,
        "1": 13,
        "2": 0,
        "3": 0,
        "4": 0,
        "5": 0,
        "6": 0,
        "7": 0,
        "8": 0,
        "9": 0
      },
      "class_density": {
        "0": 0.0,
        "1": 1.0,
        "2": 0.0,
        "3": 0.0,
        "4": 0.0,
        "5": 0.0,
        "6": 0.0,
        "7": 0.0,
        "8": 0.0,
        "9": 0.0
      },
      "entropy_nat": -0.0
    },
    "1": {
      "n": 763,
      "class_counts": {
        "0": 84,
        "1": 7,
        "2": 141,
        "3": 116,
        "4": 48,
        "5": 101,
        "6": 172,
        "7": 47,
        "8": 31,
        "9": 16
      },
      "class_density": {
        "0": 0.11009174311926606,
        "1": 0.009174311926605505,
        "2": 0.18479685452162517,
        "3": 0.15203145478374835,
        "4": 0.06290956749672345,
        "5": 0.13237221494102228,
        "6": 0.2254259501965924,
        "7": 0.061598951507208385,
        "8": 0.04062909567496723,
        "9": 0.020969855832241154
      },
      "entropy_nat": 2.0447
    },
    "2": {
      "n": 11,
      "class_counts": {
        "0": 0,
        "1": 9,
        "2": 0,
        "3": 0,
        "4": 0,
        "5": 1,
        "6": 0,
        "7": 0,
        "8": 1,
        "9": 0
      },
      "class_density": {
        "0": 0.0,
        "1": 0.8181818181818182,
        "2": 0.0,
        "3": 0.0,
        "4": 0.0,
        "5": 0.09090909090909091,
        "6": 0.0,
        "7": 0.0,
        "8": 0.09090909090909091,
        "9": 0.0
      },
      "entropy_nat": 0.6002
    },
    "3": {
      "n": 7,
      "class_counts": {
        "0": 0,
        "1": 7,
        "2": 0,
        "3": 0,
        "4": 0,
        "5": 0,
        "6": 0,
        "7": 0,
        "8": 0,
        "9": 0
      },
      "class_density": {
        "0": 0.0,
        "1": 1.0,
        "2": 0.0,
        "3": 0.0,
        "4": 0.0,
        "5": 0.0,
        "6": 0.0,
        "7": 0.0,
        "8": 0.0,
        "9": 0.0
      },
      "entropy_nat": -0.0
    },
    "4": {
      "n": 0,
      "class_counts": {
        "0": 0,
        "1": 0,
        "2": 0,
        "3": 0,
        "4": 0,
        "5": 0,
        "6": 0,
        "7": 0,
        "8": 0,
        "9": 0
      },
      "class_density": {
        "0": 0.0,
        "1": 0.0,
        "2": 0.0,
        "3": 0.0,
        "4": 0.0,
        "5": 0.0,
        "6": 0.0,
        "7": 0.0,
        "8": 0.0,
        "9": 0.0
      },
      "entropy_nat": 0.0
    },
    "5": {
      "n": 0,
      "class_counts": {
        "0": 0,
        "1": 0,
        "2": 0,
        "3": 0,
        "4": 0,
        "5": 0,
        "6": 0,
        "7": 0,
        "8": 0,
        "9": 0
      },
      "class_density": {
        "0": 0.0,
        "1": 0.0,
        "2": 0.0,
        "3": 0.0,
        "4": 0.0,
        "5": 0.0,
        "6": 0.0,
        "7": 0.0,
        "8": 0.0,
        "9": 0.0
      },
      "entropy_nat": 0.0
    },
    "6": {
      "n": 10,
      "class_counts": {
        "0": 0,
        "1": 9,
        "2": 1,
        "3": 0,
        "4": 0,
        "5": 0,
        "6": 0,
        "7": 0,
        "8": 0,
        "9": 0
      },
      "class_density": {
        "0": 0.0,
        "1": 0.9,
        "2": 0.1,
        "3": 0.0,
        "4": 0.0,
        "5": 0.0,
        "6": 0.0,
        "7": 0.0,
        "8": 0.0,
        "9": 0.0
      },
      "entropy_nat": 0.3251
    },
    "7": {
      "n": 128,
      "class_counts": {
        "0": 0,
        "1": 62,
        "2": 7,
        "3": 2,
        "4": 2,
        "5": 0,
        "6": 9,
        "7": 45,
        "8": 1,
        "9": 0
      },
      "class_density": {
        "0": 0.0,
        "1": 0.484375,
        "2": 0.0546875,
        "3": 0.015625,
        "4": 0.015625,
        "5": 0.0,
        "6": 0.0703125,
        "7": 0.3515625,
        "8": 0.0078125,
        "9": 0.0
      },
      "entropy_nat": 1.2321
    },
    "8": {
      "n": 50,
      "class_counts": {
        "0": 0,
        "1": 0,
        "2": 2,
        "3": 6,
        "4": 4,
        "5": 21,
        "6": 0,
        "7": 0,
        "8": 14,
        "9": 3
      },
      "class_density": {
        "0": 0.0,
        "1": 0.0,
        "2": 0.04,
        "3": 0.12,
        "4": 0.08,
        "5": 0.42,
        "6": 0.0,
        "7": 0.0,
        "8": 0.28,
        "9": 0.06
      },
      "entropy_nat": 1.4748
    },
    "9": {
      "n": 0,
      "class_counts": {
        "0": 0,
        "1": 0,
        "2": 0,
        "3": 0,
        "4": 0,
        "5": 0,
        "6": 0,
        "7": 0,
        "8": 0,
        "9": 0
      },
      "class_density": {
        "0": 0.0,
        "1": 0.0,
        "2": 0.0,
        "3": 0.0,
        "4": 0.0,
        "5": 0.0,
        "6": 0.0,
        "7": 0.0,
        "8": 0.0,
        "9": 0.0
      },
      "entropy_nat": 0.0
    },
    "10": {
      "n": 138,
      "class_counts": {
        "0": 0,
        "1": 39,
        "2": 9,
        "3": 16,
        "4": 28,
        "5": 2,
        "6": 1,
        "7": 7,
        "8": 6,
        "9": 30
      },
      "class_density": {
        "0": 0.0,
        "1": 0.2826086956521739,
        "2": 0.06521739130434782,
        "3": 0.11594202898550725,
        "4": 0.2028985507246377,
        "5": 0.014492753623188406,
        "6": 0.007246376811594203,
        "7": 0.050724637681159424,
        "8": 0.043478260869565216,
        "9": 0.21739130434782608
      },
      "entropy_nat": 1.825
    },
    "11": {
      "n": 155,
      "class_counts": {
        "0": 30,
        "1": 6,
        "2": 6,
        "3": 13,
        "4": 15,
        "5": 15,
        "6": 4,
        "7": 13,
        "8": 34,
        "9": 19
      },
      "class_density": {
        "0": 0.1935483870967742,
        "1": 0.03870967741935484,
        "2": 0.03870967741935484,
        "3": 0.08387096774193549,
        "4": 0.0967741935483871,
        "5": 0.0967741935483871,
        "6": 0.025806451612903226,
        "7": 0.08387096774193549,
        "8": 0.21935483870967742,
        "9": 0.12258064516129032
      },
      "entropy_nat": 2.1218
    },
    "12": {
      "n": 26,
      "class_counts": {
        "0": 6,
        "1": 0,
        "2": 2,
        "3": 5,
        "4": 2,
        "5": 1,
        "6": 0,
        "7": 1,
        "8": 9,
        "9": 0
      },
      "class_density": {
        "0": 0.23076923076923078,
        "1": 0.0,
        "2": 0.07692307692307693,
        "3": 0.19230769230769232,
        "4": 0.07692307692307693,
        "5": 0.038461538461538464,
        "6": 0.0,
        "7": 0.038461538461538464,
        "8": 0.34615384615384615,
        "9": 0.0
      },
      "entropy_nat": 1.6679
    },
    "13": {
      "n": 0,
      "class_counts": {
        "0": 0,
        "1": 0,
        "2": 0,
        "3": 0,
        "4": 0,
        "5": 0,
        "6": 0,
        "7": 0,
        "8": 0,
        "9": 0
      },
      "class_density": {
        "0": 0.0,
        "1": 0.0,
        "2": 0.0,
        "3": 0.0,
        "4": 0.0,
        "5": 0.0,
        "6": 0.0,
        "7": 0.0,
        "8": 0.0,
        "9": 0.0
      },
      "entropy_nat": 0.0
    },
    "14": {
      "n": 5,
      "class_counts": {
        "0": 0,
        "1": 2,
        "2": 0,
        "3": 0,
        "4": 0,
        "5": 3,
        "6": 0,
        "7": 0,
        "8": 0,
        "9": 0
      },
      "class_density": {
        "0": 0.0,
        "1": 0.4,
        "2": 0.0,
        "3": 0.0,
        "4": 0.0,
        "5": 0.6,
        "6": 0.0,
        "7": 0.0,
        "8": 0.0,
        "9": 0.0
      },
      "entropy_nat": 0.673
    },
    "15": {
      "n": 0,
      "class_counts": {
        "0": 0,
        "1": 0,
        "2": 0,
        "3": 0,
        "4": 0,
        "5": 0,
        "6": 0,
        "7": 0,
        "8": 0,
        "9": 0
      },
      "class_density": {
        "0": 0.0,
        "1": 0.0,