{
  "n_samples": 2000,
  "per_cluster": {
    "0": {
      "n": 62,
      "class_counts": {
        "0": 19,
        "1": 0,
        "2": 5,
        "3": 16,
        "4": 0,
        "5": 14,
        "6": 1,
        "7": 0,
        "8": 7,
        "9": 0
      },
      "class_density": {
        "0": 0.3064516129032258,
        "1": 0.0,
        "2": 0.08064516129032258,
        "3": 0.25806451612903225,
        "4": 0.0,
        "5": 0.22580645161290322,
        "6": 0.016129032258064516,
        "7": 0.0,
        "8": 0.11290322580645161,
        "9": 0.0
      },
      "entropy_nat": 1.5639
    },
    "1": {
      "n": 81,
      "class_counts": {
        "0": 35,
        "1": 0,
        "2": 4,
        "3": 2,
        "4": 1,
        "5": 9,
        "6": 21,
        "7": 0,
        "8": 7,
        "9": 2
      },
      "class_density": {
        "0": 0.43209876543209874,
        "1": 0.0,
        "2": 0.04938271604938271,
        "3": 0.024691358024691357,
        "4": 0.012345679012345678,
        "5": 0.1111111111111111,
        "6": 0.25925925925925924,
        "7": 0.0,
        "8": 0.08641975308641975,
        "9": 0.024691358024691357
      },
      "entropy_nat": 1.5539
    },
    "2": {
      "n": 368,
      "class_counts": {
        "0": 8,
        "1": 4,
        "2": 26,
        "3": 36,
        "4": 48,
        "5": 50,
        "6": 17,
        "7": 50,
        "8": 86,
        "9": 43
      },
      "class_density": {
        "0": 0.021739130434782608,
        "1": 0.010869565217391304,
        "2": 0.07065217391304347,
        "3": 0.09782608695652174,
        "4": 0.13043478260869565,
        "5": 0.1358695652173913,
        "6": 0.04619565217391304,
        "7": 0.1358695652173913,
        "8": 0.23369565217391305,
        "9": 0.11684782608695653
      },
      "entropy_nat": 2.0877
    },
    "3": {
      "n": 29,
      "class_counts": {
        "0": 9,
        "1": 0,
        "2": 6,
        "3": 7,
        "4": 0,
        "5": 4,
        "6": 2,
        "7": 0,
        "8": 1,
        "9": 0
      },
      "class_density": {
        "0": 0.3103448275862069,
        "1": 0.0,
        "2": 0.20689655172413793,
        "3": 0.2413793103448276,
        "4": 0.0,
        "5": 0.13793103448275862,
        "6": 0.06896551724137931,
        "7": 0.0,
        "8": 0.034482758620689655,
        "9": 0.0
      },
      "entropy_nat": 1.606
    },
    "4": {
      "n": 45,
      "class_counts": {
        "0": 0,
        "1": 30,
        "2": 2,
        "3": 1,
        "4": 2,
        "5": 0,
        "6": 4,
        "7": 1,
        "8": 5,
        "9": 0
      },
      "class_density": {
        "0": 0.0,
        "1": 0.6666666666666666,
        "2": 0.044444444444444446,
        "3": 0.022222222222222223,
        "4": 0.044444444444444446,
        "5": 0.0,
        "6": 0.08888888888888889,
        "7": 0.022222222222222223,
        "8": 0.1111111111111111,
        "9": 0.0
      },
      "entropy_nat": 1.1755
    },
    "5": {
      "n": 0,
      "class_counts": {
        "0": 0,
        "1": 0,
        "2": 0,
        "3": 0,
        "4": 0,
        "5": 0,
        "6": 0,
        "7": 0,
        "8": 0,
        "9": 0
      },
      "class_density": {
        "0": 0.0,
        "1": 0.0,
        "2": 0.0,
        "3": 0.0,
        "4": 0.0,
        "5": 0.0,
        "6": 0.0,
        "7": 0.0,
        "8": 0.0,
        "9": 0.0
      },
      "entropy_nat": 0.0
    },
    "6": {
      "n": 0,
      "class_counts": {
        "0": 0,
        "1": 0,
        "2": 0,
        "3": 0,
        "4": 0,
        "5": 0,
        "6": 0,
        "7": 0,
        "8": 0,
        "9": 0
      },
      "class_density": {
        "0": 0.0,
        "1": 0.0,
        "2": 0.0,
        "3": 0.0,
        "4": 0.0,
        "5": 0.0,
        "6": 0.0,
        "7": 0.0,
        "8": 0.0,
        "9": 0.0
      },
      "entropy_nat": 0.0
    },
    "7": {
      "n": 104,
      "class_counts": {
        "0": 0,
        "1": 34,
        "2": 30,
        "3": 9,
        "4": 4,
        "5": 1,
        "6": 11,
        "7": 14,
        "8": 1,
        "9": 0
      },
      "class_density": {
        "0": 0.0,
        "1": 0.3269230769230769,
        "2": 0.28846153846153844,
        "3": 0.08653846153846154,
        "4": 0.038461538461538464,
        "5": 0.009615384615384616,
        "6": 0.10576923076923077,
        "7": 0.1346153846153846,
        "8": 0.009615384615384616,
        "9": 0.0
      },
      "entropy_nat": 1.6581
    },
    "8": {
      "n": 0,
      "class_counts": {
        "0": 0,
        "1": 0,
        "2": 0,
        "3": 0,
        "4": 0,
        "5": 0,
        "6": 0,
        "7": 0,
        "8": 0,
        "9": 0
      },
      "class_density": {
        "0": 0.0,
        "1": 0.0,
        "2": 0.0,
        "3": 0.0,
        "4": 0.0,
        "5": 0.0,
        "6": 0.0,
        "7": 0.0,
        "8": 0.0,
        "9": 0.0
      },
      "entropy_nat": 0.0
    },
    "9": {
      "n": 80,
      "class_counts": {
        "0": 22,
        "1": 0,
        "2": 9,
        "3": 5,
        "4": 4,
        "5": 28,
        "6": 4,
        "7": 0,
        "8": 7,
        "9": 1
      },
      "class_density": {
        "0": 0.275,
        "1": 0.0,
        "2": 0.1125,
        "3": 0.0625,
        "4": 0.05,
        "5": 0.35,
        "6": 0.05,
        "7": 0.0,
        "8": 0.0875,
        "9": 0.0125
      },
      "entropy_nat": 1.709
    },
    "10": {
      "n": 62,
      "class_counts": {
        "0": 9,
        "1": 0,
        "2": 14,
        "3": 10,
        "4": 0,
        "5": 0,
        "6": 22,
        "7": 3,
        "8": 3,
        "9": 1
      },
      "class_density": {
        "0": 0.14516129032258066,
        "1": 0.0,
        "2": 0.22580645161290322,
        "3": 0.16129032258064516,
        "4": 0.0,
        "5": 0.0,
        "6": 0.3548387096774194,
        "7": 0.04838709677419355,
        "8": 0.04838709677419355,
        "9": 0.016129032258064516
      },
      "entropy_nat": 1.6377
    },
    "11": {
      "n": 57,
      "class_counts": {
        "0": 0,
        "1": 33,
        "2": 0,
        "3": 6,
        "4": 3,
        "5": 5,
        "6": 0,
        "7": 3,
        "8": 5,
        "9": 2
      },
      "class_density": {
        "0": 0.0,
        "1": 0.5789473684210527,
        "2": 0.0,
        "3": 0.10526315789473684,
        "4": 0.05263157894736842,
        "5": 0.08771929824561403,
        "6": 0.0,
        "7": 0.05263157894736842,
        "8": 0.08771929824561403,
        "9": 0.03508771929824561
      },
      "entropy_nat": 1.4078
    },
    "12": {
      "n": 120,
      "class_counts": {
        "0": 15,
        "1": 1,
        "2": 1,
        "3": 10,
        "4": 9,
        "5": 5,
        "6": 21,
        "7": 46,
        "8": 8,
        "9": 4
      },
      "class_density": {
        "0": 0.125,
        "1": 0.008333333333333333,
        "2": 0.008333333333333333,
        "3": 0.08333333333333333,
        "4": 0.075,
        "5": 0.041666666666666664,
        "6": 0.175,
        "7": 0.38333333333333336,
        "8": 0.06666666666666667,
        "9": 0.03333333333333333
      },
      "entropy_nat": 1.84
    },
    "13": {
      "n": 190,
      "class_counts": {
        "0": 9,
        "1": 0,
        "2": 0,
        "3": 0,
        "4": 48,
        "5": 1,
        "6": 4,
        "7": 36,
        "8": 4,
        "9": 88
      },
      "class_density": {
        "0": 0.04736842105263158,
        "1": 0.0,
        "2": 0.0,
        "3": 0.0,
        "4": 0.25263157894736843,
        "5": 0.005263157894736842,
        "6": 0.021052631578947368,
        "7": 0.18947368421052632,
        "8": 0.021052631578947368,
        "9": 0.4631578947368421
      },
      "entropy_nat": 1.3539
    },
    "14": {
      "n": 14,
      "class_counts": {
        "0": 0,
        "1": 8,
        "2": 0,
        "3": 0,
        "4": 1,
        "5": 2,
        "6": 3,
        "7": 0,
        "8": 0,