{
  "best_epoch": 45,
  "best_macro_auc": 0.9519980610876144,
  "per_digit_best_auc": {
    "0": 0.9850608176158729,
    "1": 0.9998315528155145,
    "2": 0.9419388741239215,
    "3": 0.9418031921369799,
    "4": 0.9531115588264601,
    "5": 0.8773484731822149,
    "6": 0.9861026656686693,
    "7": 0.9423074668162867,
    "8": 0.9376424686540833,
    "9": 0.9548335410361403
  },
  "curvature": 1.0,
  "objective": "soft-boundary",
  "lambda_excl": 0.01,
  "margin_excl": 0.1,
  "lambda_overlap": 0.01,
  "margin_overlap": 0.05
}