{
  "run_dir": "samplesvdd/hySpUnsup/runs/sensitivity_v3/lb_150",
  "checkpoint": "samplesvdd/hySpUnsup/runs/sensitivity_v3/lb_150/checkpoint_v2.pth",
  "n_spheres": 30,
  "curvature": 1.0,
  "objective": "union-soft",
  "active_cluster_mask": [
    false,
    false,
    false,
    false,
    true,
    true,
    true,
    true,
    false,
    true,
    false,
    true,
    true,
    true,
    true,
    true,
    true,
    true,
    true,
    true,
    true,
    false,
    true,
    true,
    false,
    true,
    true,
    true,
    false,
    false
  ],
  "train_macro_auc": 0.5010009272803518,
  "train_per_digit_auc": {
    "0": 0.4202393443034074,
    "1": 0.4642508070754417,
    "2": 0.4279474474938001,
    "3": 0.46768590183443526,
    "4": 0.5881011507903756,
    "5": 0.45009347434036195,
    "6": 0.6174776573363526,
    "7": 0.37562547962460474,
    "8": 0.5978351835148332,
    "9": 0.6007528264899062
  },
  "test_macro_auc": 0.5012604975163347,
  "test_per_digit_auc": {
    "0": 0.42997893498545336,
    "1": 0.44750482035545325,
    "2": 0.44280770157802957,
    "3": 0.4683951361896345,
    "4": 0.581183003010805,
    "5": 0.45451040393117376,
    "6": 0.6216047893529089,
    "7": 0.37858547433374967,
    "8": 0.5925494385272748,
    "9": 0.5954852728988642
  }
}