{
  "n_samples": 2000,
  "per_cluster": {
    "0": {
      "n": 0,
      "class_counts": {
        "0": 0,
        "1": 0,
        "2": 0,
        "3": 0,
        "4": 0,
        "5": 0,
        "6": 0,
        "7": 0,
        "8": 0,
        "9": 0
      },
      "class_density": {
        "0": 0.0,
        "1": 0.0,
        "2": 0.0,
        "3": 0.0,
        "4": 0.0,
        "5": 0.0,
        "6": 0.0,
        "7": 0.0,
        "8": 0.0,
        "9": 0.0
      },
      "entropy_nat": 0.0
    },
    "1": {
      "n": 0,
      "class_counts": {
        "0": 0,
        "1": 0,
        "2": 0,
        "3": 0,
        "4": 0,
        "5": 0,
        "6": 0,
        "7": 0,
        "8": 0,
        "9": 0
      },
      "class_density": {
        "0": 0.0,
        "1": 0.0,
        "2": 0.0,
        "3": 0.0,
        "4": 0.0,
        "5": 0.0,
        "6": 0.0,
        "7": 0.0,
        "8": 0.0,
        "9": 0.0
      },
      "entropy_nat": 0.0
    },
    "2": {
      "n": 0,
      "class_counts": {
        "0": 0,
        "1": 0,
        "2": 0,
        "3": 0,
        "4": 0,
        "5": 0,
        "6": 0,
        "7": 0,
        "8": 0,
        "9": 0
      },
      "class_density": {
        "0": 0.0,
        "1": 0.0,
        "2": 0.0,
        "3": 0.0,
        "4": 0.0,
        "5": 0.0,
        "6": 0.0,
        "7": 0.0,
        "8": 0.0,
        "9": 0.0
      },
      "entropy_nat": 0.0
    },
    "3": {
      "n": 0,
      "class_counts": {
        "0": 0,
        "1": 0,
        "2": 0,
        "3": 0,
        "4": 0,
        "5": 0,
        "6": 0,
        "7": 0,
        "8": 0,
        "9": 0
      },
      "class_density": {
        "0": 0.0,
        "1": 0.0,
        "2": 0.0,
        "3": 0.0,
        "4": 0.0,
        "5": 0.0,
        "6": 0.0,
        "7": 0.0,
        "8": 0.0,
        "9": 0.0
      },
      "entropy_nat": 0.0
    },
    "4": {
      "n": 103,
      "class_counts": {
        "0": 1,
        "1": 68,
        "2": 4,
        "3": 2,
        "4": 8,
        "5": 13,
        "6": 2,
        "7": 0,
        "8": 3,
        "9": 2
      },
      "class_density": {
        "0": 0.009708737864077669,
        "1": 0.6601941747572816,
        "2": 0.038834951456310676,
        "3": 0.019417475728155338,
        "4": 0.07766990291262135,
        "5": 0.1262135922330097,
        "6": 0.019417475728155338,
        "7": 0.0,
        "8": 0.02912621359223301,
        "9": 0.019417475728155338
      },
      "entropy_nat": 1.2376
    },
    "5": {
      "n": 19,
      "class_counts": {
        "0": 0,
        "1": 0,
        "2": 12,
        "3": 5,
        "4": 0,
        "5": 1,
        "6": 0,
        "7": 0,
        "8": 1,
        "9": 0
      },
      "class_density": {
        "0": 0.0,
        "1": 0.0,
        "2": 0.631578947368421,
        "3": 0.2631578947368421,
        "4": 0.0,
        "5": 0.05263157894736842,
        "6": 0.0,
        "7": 0.0,
        "8": 0.05263157894736842,
        "9": 0.0
      },
      "entropy_nat": 0.9515
    },
    "6": {
      "n": 36,
      "class_counts": {
        "0": 0,
        "1": 0,
        "2": 25,
        "3": 11,
        "4": 0,
        "5": 0,
        "6": 0,
        "7": 0,
        "8": 0,
        "9": 0
      },
      "class_density": {
        "0": 0.0,
        "1": 0.0,
        "2": 0.6944444444444444,
        "3": 0.3055555555555556,
        "4": 0.0,
        "5": 0.0,
        "6": 0.0,
        "7": 0.0,
        "8": 0.0,
        "9": 0.0
      },
      "entropy_nat": 0.6155
    },
    "7": {
      "n": 261,
      "class_counts": {
        "0": 8,
        "1": 29,
        "2": 85,
        "3": 51,
        "4": 8,
        "5": 17,
        "6": 35,
        "7": 6,
        "8": 17,
        "9": 5
      },
      "class_density": {
        "0": 0.03065134099616858,
        "1": 0.1111111111111111,
        "2": 0.32567049808429116,
        "3": 0.19540229885057472,
        "4": 0.03065134099616858,
        "5": 0.06513409961685823,
        "6": 0.13409961685823754,
        "7": 0.022988505747126436,
        "8": 0.06513409961685823,
        "9": 0.019157088122605363
      },
      "entropy_nat": 1.9299
    },
    "8": {
      "n": 0,
      "class_counts": {
        "0": 0,
        "1": 0,
        "2": 0,
        "3": 0,
        "4": 0,
        "5": 0,
        "6": 0,
        "7": 0,
        "8": 0,
        "9": 0
      },
      "class_density": {
        "0": 0.0,
        "1": 0.0,
        "2": 0.0,
        "3": 0.0,
        "4": 0.0,
        "5": 0.0,
        "6": 0.0,
        "7": 0.0,
        "8": 0.0,
        "9": 0.0
      },
      "entropy_nat": 0.0
    },
    "9": {
      "n": 205,
      "class_counts": {
        "0": 15,
        "1": 0,
        "2": 16,
        "3": 20,
        "4": 21,
        "5": 89,
        "6": 25,
        "7": 1,
        "8": 16,
        "9": 2
      },
      "class_density": {
        "0": 0.07317073170731707,
        "1": 0.0,
        "2": 0.07804878048780488,
        "3": 0.0975609756097561,
        "4": 0.1024390243902439,
        "5": 0.43414634146341463,
        "6": 0.12195121951219512,
        "7": 0.004878048780487805,
        "8": 0.07804878048780488,
        "9": 0.00975609756097561
      },
      "entropy_nat": 1.7399
    },
    "10": {
      "n": 0,
      "class_counts": {
        "0": 0,
        "1": 0,
        "2": 0,
        "3": 0,
        "4": 0,
        "5": 0,
        "6": 0,
        "7": 0,
        "8": 0,
        "9": 0
      },
      "class_density": {
        "0": 0.0,
        "1": 0.0,
        "2": 0.0,
        "3": 0.0,
        "4": 0.0,
        "5": 0.0,
        "6": 0.0,
        "7": 0.0,
        "8": 0.0,
        "9": 0.0
      },
      "entropy_nat": 0.0
    },
    "11": {
      "n": 68,
      "class_counts": {
        "0": 0,
        "1": 5,
        "2": 8,
        "3": 21,
        "4": 3,
        "5": 2,
        "6": 0,
        "7": 5,
        "8": 12,
        "9": 12
      },
      "class_density": {
        "0": 0.0,
        "1": 0.07352941176470588,
        "2": 0.11764705882352941,
        "3": 0.3088235294117647,
        "4": 0.04411764705882353,
        "5": 0.029411764705882353,
        "6": 0.0,
        "7": 0.07352941176470588,
        "8": 0.17647058823529413,
        "9": 0.17647058823529413
      },
      "entropy_nat": 1.8521
    },
    "12": {
      "n": 32,
      "class_counts": {
        "0": 29,
        "1": 0,
        "2": 0,
        "3": 1,
        "4": 0,
        "5": 2,
        "6": 0,
        "7": 0,
        "8": 0,
        "9": 0
      },
      "class_density": {
        "0": 0.90625,
        "1": 0.0,
        "2": 0.0,
        "3": 0.03125,
        "4": 0.0,
        "5": 0.0625,
        "6": 0.0,
        "7": 0.0,
        "8": 0.0,
        "9": 0.0
      },
      "entropy_nat": 0.3708
    },
    "13": {
      "n": 42,
      "class_counts": {
        "0": 0,
        "1": 0,
        "2": 1,
        "3": 0,
        "4": 0,
        "5": 0,
        "6": 0,
        "7": 30,
        "8": 9,
        "9": 2
      },
      "class_density": {
        "0": 0.0,
        "1": 0.0,
        "2": 0.023809523809523808,
        "3": 0.0,
        "4": 0.0,
        "5": 0.0,
        "6": 0.0,
        "7": 0.7142857142857143,
        "8": 0.21428571428571427,
        "9": 0.047619047619047616
      },
      "entropy_nat": 0.8044
    },
    "14": {
      "n": 588,
      "class_counts": {
        "0": 97,
        "1": 9,
        "2": 14,
        "3": 21,
        "4": 67,
        "5": 22,
        "6": 148,
        "7": 95,
        "8": 17,
        "9": 98
      },
      "class_density": {
        "0": 0.1649659863945578,
        "1": 0.015306122448979591,
        "2": 0.023809523809523808,
        "3": 0.03571428571428571,
        "4": 0.11394557823129252,
        "5": 0.03741496598639456,
        "6": 0.25170068027210885,
        "7": 0.16156462585034015,
        "8": 0.02891156462585034,
        "9": 0.16666666666666666
      },
      "entropy_nat": 1.9825
    },
    "15": {
      "n": 45,