{
  "n_samples": 2000,
  "per_cluster": {
    "0": {
      "n": 0,
      "class_counts": {
        "0": 0,
        "1": 0,
        "2": 0,
        "3": 0,
        "4": 0,
        "5": 0,
        "6": 0,
        "7": 0,
        "8": 0,
        "9": 0
      },
      "class_density": {
        "0": 0.0,
        "1": 0.0,
        "2": 0.0,
        "3": 0.0,
        "4": 0.0,
        "5": 0.0,
        "6": 0.0,
        "7": 0.0,
        "8": 0.0,
        "9": 0.0
      },
      "entropy_nat": 0.0
    },
    "1": {
      "n": 0,
      "class_counts": {
        "0": 0,
        "1": 0,
        "2": 0,
        "3": 0,
        "4": 0,
        "5": 0,
        "6": 0,
        "7": 0,
        "8": 0,
        "9": 0
      },
      "class_density": {
        "0": 0.0,
        "1": 0.0,
        "2": 0.0,
        "3": 0.0,
        "4": 0.0,
        "5": 0.0,
        "6": 0.0,
        "7": 0.0,
        "8": 0.0,
        "9": 0.0
      },
      "entropy_nat": 0.0
    },
    "2": {
      "n": 0,
      "class_counts": {
        "0": 0,
        "1": 0,
        "2": 0,
        "3": 0,
        "4": 0,
        "5": 0,
        "6": 0,
        "7": 0,
        "8": 0,
        "9": 0
      },
      "class_density": {
        "0": 0.0,
        "1": 0.0,
        "2": 0.0,
        "3": 0.0,
        "4": 0.0,
        "5": 0.0,
        "6": 0.0,
        "7": 0.0,
        "8": 0.0,
        "9": 0.0
      },
      "entropy_nat": 0.0
    },
    "3": {
      "n": 0,
      "class_counts": {
        "0": 0,
        "1": 0,
        "2": 0,
        "3": 0,
        "4": 0,
        "5": 0,
        "6": 0,
        "7": 0,
        "8": 0,
        "9": 0
      },
      "class_density": {
        "0": 0.0,
        "1": 0.0,
        "2": 0.0,
        "3": 0.0,
        "4": 0.0,
        "5": 0.0,
        "6": 0.0,
        "7": 0.0,
        "8": 0.0,
        "9": 0.0
      },
      "entropy_nat": 0.0
    },
    "4": {
      "n": 109,
      "class_counts": {
        "0": 2,
        "1": 76,
        "2": 2,
        "3": 3,
        "4": 4,
        "5": 17,
        "6": 1,
        "7": 1,
        "8": 3,
        "9": 0
      },
      "class_density": {
        "0": 0.01834862385321101,
        "1": 0.6972477064220184,
        "2": 0.01834862385321101,
        "3": 0.027522935779816515,
        "4": 0.03669724770642202,
        "5": 0.1559633027522936,
        "6": 0.009174311926605505,
        "7": 0.009174311926605505,
        "8": 0.027522935779816515,
        "9": 0.0
      },
      "entropy_nat": 1.0931
    },
    "5": {
      "n": 21,
      "class_counts": {
        "0": 0,
        "1": 0,
        "2": 14,
        "3": 7,
        "4": 0,
        "5": 0,
        "6": 0,
        "7": 0,
        "8": 0,
        "9": 0
      },
      "class_density": {
        "0": 0.0,
        "1": 0.0,
        "2": 0.6666666666666666,
        "3": 0.3333333333333333,
        "4": 0.0,
        "5": 0.0,
        "6": 0.0,
        "7": 0.0,
        "8": 0.0,
        "9": 0.0
      },
      "entropy_nat": 0.6365
    },
    "6": {
      "n": 29,
      "class_counts": {
        "0": 0,
        "1": 0,
        "2": 22,
        "3": 7,
        "4": 0,
        "5": 0,
        "6": 0,
        "7": 0,
        "8": 0,
        "9": 0
      },
      "class_density": {
        "0": 0.0,
        "1": 0.0,
        "2": 0.7586206896551724,
        "3": 0.2413793103448276,
        "4": 0.0,
        "5": 0.0,
        "6": 0.0,
        "7": 0.0,
        "8": 0.0,
        "9": 0.0
      },
      "entropy_nat": 0.5527
    },
    "7": {
      "n": 237,
      "class_counts": {
        "0": 14,
        "1": 28,
        "2": 74,
        "3": 47,
        "4": 8,
        "5": 26,
        "6": 24,
        "7": 2,
        "8": 11,
        "9": 3
      },
      "class_density": {
        "0": 0.05907172995780591,
        "1": 0.11814345991561181,
        "2": 0.31223628691983124,
        "3": 0.19831223628691982,
        "4": 0.03375527426160337,
        "5": 0.10970464135021098,
        "6": 0.10126582278481013,
        "7": 0.008438818565400843,
        "8": 0.046413502109704644,
        "9": 0.012658227848101266
      },
      "entropy_nat": 1.9306
    },
    "8": {
      "n": 0,
      "class_counts": {
        "0": 0,
        "1": 0,
        "2": 0,
        "3": 0,
        "4": 0,
        "5": 0,
        "6": 0,
        "7": 0,
        "8": 0,
        "9": 0
      },
      "class_density": {
        "0": 0.0,
        "1": 0.0,
        "2": 0.0,
        "3": 0.0,
        "4": 0.0,
        "5": 0.0,
        "6": 0.0,
        "7": 0.0,
        "8": 0.0,
        "9": 0.0
      },
      "entropy_nat": 0.0
    },
    "9": {
      "n": 203,
      "class_counts": {
        "0": 14,
        "1": 0,
        "2": 8,
        "3": 19,
        "4": 19,
        "5": 80,
        "6": 18,
        "7": 1,
        "8": 35,
        "9": 9
      },
      "class_density": {
        "0": 0.06896551724137931,
        "1": 0.0,
        "2": 0.03940886699507389,
        "3": 0.09359605911330049,
        "4": 0.09359605911330049,
        "5": 0.39408866995073893,
        "6": 0.08866995073891626,
        "7": 0.0049261083743842365,
        "8": 0.1724137931034483,
        "9": 0.04433497536945813
      },
      "entropy_nat": 1.8045
    },
    "10": {
      "n": 0,
      "class_counts": {
        "0": 0,
        "1": 0,
        "2": 0,
        "3": 0,
        "4": 0,
        "5": 0,
        "6": 0,
        "7": 0,
        "8": 0,
        "9": 0
      },
      "class_density": {
        "0": 0.0,
        "1": 0.0,
        "2": 0.0,
        "3": 0.0,
        "4": 0.0,
        "5": 0.0,
        "6": 0.0,
        "7": 0.0,
        "8": 0.0,
        "9": 0.0
      },
      "entropy_nat": 0.0
    },
    "11": {
      "n": 77,
      "class_counts": {
        "0": 0,
        "1": 11,
        "2": 6,
        "3": 16,
        "4": 5,
        "5": 7,
        "6": 0,
        "7": 3,
        "8": 16,
        "9": 13
      },
      "class_density": {
        "0": 0.0,
        "1": 0.14285714285714285,
        "2": 0.07792207792207792,
        "3": 0.2077922077922078,
        "4": 0.06493506493506493,
        "5": 0.09090909090909091,
        "6": 0.0,
        "7": 0.03896103896103896,
        "8": 0.2077922077922078,
        "9": 0.16883116883116883
      },
      "entropy_nat": 1.9521
    },
    "12": {
      "n": 33,
      "class_counts": {
        "0": 29,
        "1": 0,
        "2": 0,
        "3": 1,
        "4": 0,
        "5": 3,
        "6": 0,
        "7": 0,
        "8": 0,
        "9": 0
      },
      "class_density": {
        "0": 0.8787878787878788,
        "1": 0.0,
        "2": 0.0,
        "3": 0.030303030303030304,
        "4": 0.0,
        "5": 0.09090909090909091,
        "6": 0.0,
        "7": 0.0,
        "8": 0.0,
        "9": 0.0
      },
      "entropy_nat": 0.4375
    },
    "13": {
      "n": 43,
      "class_counts": {
        "0": 0,
        "1": 0,
        "2": 2,
        "3": 0,
        "4": 1,
        "5": 0,
        "6": 0,
        "7": 31,
        "8": 5,
        "9": 4
      },
      "class_density": {
        "0": 0.0,
        "1": 0.0,
        "2": 0.046511627906976744,
        "3": 0.0,
        "4": 0.023255813953488372,
        "5": 0.0,
        "6": 0.0,
        "7": 0.7209302325581395,
        "8": 0.11627906976744186,
        "9": 0.09302325581395349
      },
      "entropy_nat": 0.9372
    },
    "14": {
      "n": 585,
      "class_counts": {
        "0": 90,
        "1": 20,
        "2": 16,
        "3": 21,
        "4": 60,
        "5": 16,
        "6": 153,
        "7": 85,
        "8": 14,
        "9": 110
      },
      "class_density": {
        "0": 0.15384615384615385,
        "1": 0.03418803418803419,
        "2": 0.02735042735042735,
        "3": 0.035897435897435895,
        "4": 0.10256410256410256,
        "5": 0.02735042735042735,
        "6": 0.26153846153846155,
        "7": 0.1452991452991453,
        "8": 0.023931623931623933,
        "9": 0.18803418803418803
      },
      "entropy_nat": 1.9879
    },