{
  "n_samples": 2000,
  "per_cluster": {
    "0": {
      "n": 135,
      "class_counts": {
        "0": 0,
        "1": 72,
        "2": 10,
        "3": 7,
        "4": 1,
        "5": 1,
        "6": 1,
        "7": 41,
        "8": 1,
        "9": 1
      },
      "class_density": {
        "0": 0.0,
        "1": 0.5333333333333333,
        "2": 0.07407407407407407,
        "3": 0.05185185185185185,
        "4": 0.007407407407407408,
        "5": 0.007407407407407408,
        "6": 0.007407407407407408,
        "7": 0.3037037037037037,
        "8": 0.007407407407407408,
        "9": 0.007407407407407408
      },
      "entropy_nat": 1.2251
    },
    "1": {
      "n": 0,
      "class_counts": {
        "0": 0,
        "1": 0,
        "2": 0,
        "3": 0,
        "4": 0,
        "5": 0,
        "6": 0,
        "7": 0,
        "8": 0,
        "9": 0
      },
      "class_density": {
        "0": 0.0,
        "1": 0.0,
        "2": 0.0,
        "3": 0.0,
        "4": 0.0,
        "5": 0.0,
        "6": 0.0,
        "7": 0.0,
        "8": 0.0,
        "9": 0.0
      },
      "entropy_nat": 0.0
    },
    "2": {
      "n": 7,
      "class_counts": {
        "0": 7,
        "1": 0,
        "2": 0,
        "3": 0,
        "4": 0,
        "5": 0,
        "6": 0,
        "7": 0,
        "8": 0,
        "9": 0
      },
      "class_density": {
        "0": 1.0,
        "1": 0.0,
        "2": 0.0,
        "3": 0.0,
        "4": 0.0,
        "5": 0.0,
        "6": 0.0,
        "7": 0.0,
        "8": 0.0,
        "9": 0.0
      },
      "entropy_nat": -0.0
    },
    "3": {
      "n": 0,
      "class_counts": {
        "0": 0,
        "1": 0,
        "2": 0,
        "3": 0,
        "4": 0,
        "5": 0,
        "6": 0,
        "7": 0,
        "8": 0,
        "9": 0
      },
      "class_density": {
        "0": 0.0,
        "1": 0.0,
        "2": 0.0,
        "3": 0.0,
        "4": 0.0,
        "5": 0.0,
        "6": 0.0,
        "7": 0.0,
        "8": 0.0,
        "9": 0.0
      },
      "entropy_nat": 0.0
    },
    "4": {
      "n": 4,
      "class_counts": {
        "0": 0,
        "1": 4,
        "2": 0,
        "3": 0,
        "4": 0,
        "5": 0,
        "6": 0,
        "7": 0,
        "8": 0,
        "9": 0
      },
      "class_density": {
        "0": 0.0,
        "1": 1.0,
        "2": 0.0,
        "3": 0.0,
        "4": 0.0,
        "5": 0.0,
        "6": 0.0,
        "7": 0.0,
        "8": 0.0,
        "9": 0.0
      },
      "entropy_nat": -0.0
    },
    "5": {
      "n": 0,
      "class_counts": {
        "0": 0,
        "1": 0,
        "2": 0,
        "3": 0,
        "4": 0,
        "5": 0,
        "6": 0,
        "7": 0,
        "8": 0,
        "9": 0
      },
      "class_density": {
        "0": 0.0,
        "1": 0.0,
        "2": 0.0,
        "3": 0.0,
        "4": 0.0,
        "5": 0.0,
        "6": 0.0,
        "7": 0.0,
        "8": 0.0,
        "9": 0.0
      },
      "entropy_nat": 0.0
    },
    "6": {
      "n": 3,
      "class_counts": {
        "0": 0,
        "1": 3,
        "2": 0,
        "3": 0,
        "4": 0,
        "5": 0,
        "6": 0,
        "7": 0,
        "8": 0,
        "9": 0
      },
      "class_density": {
        "0": 0.0,
        "1": 1.0,
        "2": 0.0,
        "3": 0.0,
        "4": 0.0,
        "5": 0.0,
        "6": 0.0,
        "7": 0.0,
        "8": 0.0,
        "9": 0.0
      },
      "entropy_nat": -0.0
    },
    "7": {
      "n": 4,
      "class_counts": {
        "0": 0,
        "1": 4,
        "2": 0,
        "3": 0,
        "4": 0,
        "5": 0,
        "6": 0,
        "7": 0,
        "8": 0,
        "9": 0
      },
      "class_density": {
        "0": 0.0,
        "1": 1.0,
        "2": 0.0,
        "3": 0.0,
        "4": 0.0,
        "5": 0.0,
        "6": 0.0,
        "7": 0.0,
        "8": 0.0,
        "9": 0.0
      },
      "entropy_nat": -0.0
    },
    "8": {
      "n": 0,
      "class_counts": {
        "0": 0,
        "1": 0,
        "2": 0,
        "3": 0,
        "4": 0,
        "5": 0,
        "6": 0,
        "7": 0,
        "8": 0,
        "9": 0
      },
      "class_density": {
        "0": 0.0,
        "1": 0.0,
        "2": 0.0,
        "3": 0.0,
        "4": 0.0,
        "5": 0.0,
        "6": 0.0,
        "7": 0.0,
        "8": 0.0,
        "9": 0.0
      },
      "entropy_nat": 0.0
    },
    "9": {
      "n": 75,
      "class_counts": {
        "0": 0,
        "1": 28,
        "2": 2,
        "3": 2,
        "4": 10,
        "5": 2,
        "6": 29,
        "7": 1,
        "8": 1,
        "9": 0
      },
      "class_density": {
        "0": 0.0,
        "1": 0.37333333333333335,
        "2": 0.02666666666666667,
        "3": 0.02666666666666667,
        "4": 0.13333333333333333,
        "5": 0.02666666666666667,
        "6": 0.38666666666666666,
        "7": 0.013333333333333334,
        "8": 0.013333333333333334,
        "9": 0.0
      },
      "entropy_nat": 1.409
    },
    "10": {
      "n": 1,
      "class_counts": {
        "0": 1,
        "1": 0,
        "2": 0,
        "3": 0,
        "4": 0,
        "5": 0,
        "6": 0,
        "7": 0,
        "8": 0,
        "9": 0
      },
      "class_density": {
        "0": 1.0,
        "1": 0.0,
        "2": 0.0,
        "3": 0.0,
        "4": 0.0,
        "5": 0.0,
        "6": 0.0,
        "7": 0.0,
        "8": 0.0,
        "9": 0.0
      },
      "entropy_nat": -0.0
    },
    "11": {
      "n": 47,
      "class_counts": {
        "0": 26,
        "1": 0,
        "2": 0,
        "3": 0,
        "4": 2,
        "5": 5,
        "6": 3,
        "7": 1,
        "8": 4,
        "9": 6
      },
      "class_density": {
        "0": 0.5531914893617021,
        "1": 0.0,
        "2": 0.0,
        "3": 0.0,
        "4": 0.0425531914893617,
        "5": 0.10638297872340426,
        "6": 0.06382978723404255,
        "7": 0.02127659574468085,
        "8": 0.0851063829787234,
        "9": 0.1276595744680851
      },
      "entropy_nat": 1.4302
    },
    "12": {
      "n": 35,
      "class_counts": {
        "0": 0,
        "1": 29,
        "2": 3,
        "3": 1,
        "4": 0,
        "5": 1,
        "6": 0,
        "7": 0,
        "8": 1,
        "9": 0
      },
      "class_density": {
        "0": 0.0,
        "1": 0.8285714285714286,
        "2": 0.08571428571428572,
        "3": 0.02857142857142857,
        "4": 0.0,
        "5": 0.02857142857142857,
        "6": 0.0,
        "7": 0.0,
        "8": 0.02857142857142857,
        "9": 0.0
      },
      "entropy_nat": 0.6711
    },
    "13": {
      "n": 902,
      "class_counts": {
        "0": 62,
        "1": 6,
        "2": 66,
        "3": 88,
        "4": 108,
        "5": 129,
        "6": 80,
        "7": 140,
        "8": 117,
        "9": 106
      },
      "class_density": {
        "0": 0.06873614190687362,
        "1": 0.0066518847006651885,
        "2": 0.07317073170731707,
        "3": 0.0975609756097561,
        "4": 0.1197339246119734,
        "5": 0.14301552106430154,
        "6": 0.08869179600886919,
        "7": 0.15521064301552107,
        "8": 0.12971175166297116,
        "9": 0.11751662971175167
      },
      "entropy_nat": 2.1886
    },
    "14": {
      "n": 5,
      "class_counts": {
        "0": 0,
        "1": 5,
        "2": 0,
        "3": 0,
        "4": 0,
        "5": 0,
        "6": 0,
        "7": 0,
        "8": 0,
        "9": 0
      },
      "class_density": {
        "0": 0.0,
        "1": 1.0,
        "2": 0.0,
        "3": 0.0,
        "4": 0.0,
        "5": 0.0,
        "6": 0.0,
        "7": 0.0,
        "8": 0.0,
        "9": 0.0
      },
      "entropy_nat": -0.0
    },
    "15": {
      "n": 10,
      "class_counts": {
        "0": 9,
        "1": 0,
        "2": 0,
        "3": 0,
        "4": 0,
        "5": 0,
        "6": 1,
        "7": 0,
        "8": 0,
        "9": 0
      },
      "class_density": {
        "0": 0.9,
        "1": 0.0,
        "2": 0.0,
        "3": 0.0,
        "4": 0.0,