{
  "run_dir": "samplesvdd/hySpUnsup/runs/sensitivity_v3/chaos_0p05",
  "checkpoint": "samplesvdd/hySpUnsup/runs/sensitivity_v3/chaos_0p05/checkpoint_v2.pth",
  "n_spheres": 30,
  "curvature": 1.0,
  "objective": "union-soft",
  "active_cluster_mask": [
    true,
    true,
    true,
    false,
    false,
    false,
    true,
    true,
    false,
    false,
    false,
    true,
    false,
    true,
    false,
    false,
    true,
    true,
    true,
    false,
    false,
    false,
    false,
    false,
    false,
    true,
    false,
    true,
    false,
    false
  ],
  "train_macro_auc": 0.49820684676908283,
  "train_per_digit_auc": {
    "0": 0.500628658333423,
    "1": 0.7685231693828687,
    "2": 0.7965621936199498,
    "3": 0.7136853812340783,
    "4": 0.37791327726070467,
    "5": 0.5355040141567198,
    "6": 0.4724833402447954,
    "7": 0.14483628779507135,
    "8": 0.5046428605368376,
    "9": 0.16728928512637836
  },
  "test_macro_auc": 0.4964213546112729,
  "test_per_digit_auc": {
    "0": 0.48912213103999247,
    "1": 0.7698642884541618,
    "2": 0.7989485758035474,
    "3": 0.6997297876934374,
    "4": 0.38852081547549555,
    "5": 0.5344013318478863,
    "6": 0.46559922915428115,
    "7": 0.15401149653507268,
    "8": 0.49398543129564637,
    "9": 0.17003045881320777
  }
}