{
  "n_samples": 2000,
  "per_cluster": {
    "0": {
      "n": 11,
      "class_counts": {
        "0": 0,
        "1": 0,
        "2": 5,
        "3": 2,
        "4": 0,
        "5": 0,
        "6": 0,
        "7": 1,
        "8": 3,
        "9": 0
      },
      "class_density": {
        "0": 0.0,
        "1": 0.0,
        "2": 0.45454545454545453,
        "3": 0.18181818181818182,
        "4": 0.0,
        "5": 0.0,
        "6": 0.0,
        "7": 0.09090909090909091,
        "8": 0.2727272727272727,
        "9": 0.0
      },
      "entropy_nat": 1.2407
    },
    "1": {
      "n": 61,
      "class_counts": {
        "0": 14,
        "1": 1,
        "2": 4,
        "3": 2,
        "4": 4,
        "5": 1,
        "6": 22,
        "7": 5,
        "8": 6,
        "9": 2
      },
      "class_density": {
        "0": 0.22950819672131148,
        "1": 0.01639344262295082,
        "2": 0.06557377049180328,
        "3": 0.03278688524590164,
        "4": 0.06557377049180328,
        "5": 0.01639344262295082,
        "6": 0.36065573770491804,
        "7": 0.08196721311475409,
        "8": 0.09836065573770492,
        "9": 0.03278688524590164
      },
      "entropy_nat": 1.855
    },
    "2": {
      "n": 235,
      "class_counts": {
        "0": 10,
        "1": 13,
        "2": 102,
        "3": 72,
        "4": 0,
        "5": 14,
        "6": 8,
        "7": 4,
        "8": 12,
        "9": 0
      },
      "class_density": {
        "0": 0.0425531914893617,
        "1": 0.05531914893617021,
        "2": 0.4340425531914894,
        "3": 0.30638297872340425,
        "4": 0.0,
        "5": 0.059574468085106386,
        "6": 0.03404255319148936,
        "7": 0.01702127659574468,
        "8": 0.05106382978723404,
        "9": 0.0
      },
      "entropy_nat": 1.5235
    },
    "3": {
      "n": 1,
      "class_counts": {
        "0": 0,
        "1": 0,
        "2": 1,
        "3": 0,
        "4": 0,
        "5": 0,
        "6": 0,
        "7": 0,
        "8": 0,
        "9": 0
      },
      "class_density": {
        "0": 0.0,
        "1": 0.0,
        "2": 1.0,
        "3": 0.0,
        "4": 0.0,
        "5": 0.0,
        "6": 0.0,
        "7": 0.0,
        "8": 0.0,
        "9": 0.0
      },
      "entropy_nat": -0.0
    },
    "4": {
      "n": 0,
      "class_counts": {
        "0": 0,
        "1": 0,
        "2": 0,
        "3": 0,
        "4": 0,
        "5": 0,
        "6": 0,
        "7": 0,
        "8": 0,
        "9": 0
      },
      "class_density": {
        "0": 0.0,
        "1": 0.0,
        "2": 0.0,
        "3": 0.0,
        "4": 0.0,
        "5": 0.0,
        "6": 0.0,
        "7": 0.0,
        "8": 0.0,
        "9": 0.0
      },
      "entropy_nat": 0.0
    },
    "5": {
      "n": 14,
      "class_counts": {
        "0": 0,
        "1": 14,
        "2": 0,
        "3": 0,
        "4": 0,
        "5": 0,
        "6": 0,
        "7": 0,
        "8": 0,
        "9": 0
      },
      "class_density": {
        "0": 0.0,
        "1": 1.0,
        "2": 0.0,
        "3": 0.0,
        "4": 0.0,
        "5": 0.0,
        "6": 0.0,
        "7": 0.0,
        "8": 0.0,
        "9": 0.0
      },
      "entropy_nat": -0.0
    },
    "6": {
      "n": 5,
      "class_counts": {
        "0": 0,
        "1": 5,
        "2": 0,
        "3": 0,
        "4": 0,
        "5": 0,
        "6": 0,
        "7": 0,
        "8": 0,
        "9": 0
      },
      "class_density": {
        "0": 0.0,
        "1": 1.0,
        "2": 0.0,
        "3": 0.0,
        "4": 0.0,
        "5": 0.0,
        "6": 0.0,
        "7": 0.0,
        "8": 0.0,
        "9": 0.0
      },
      "entropy_nat": -0.0
    },
    "7": {
      "n": 0,
      "class_counts": {
        "0": 0,
        "1": 0,
        "2": 0,
        "3": 0,
        "4": 0,
        "5": 0,
        "6": 0,
        "7": 0,
        "8": 0,
        "9": 0
      },
      "class_density": {
        "0": 0.0,
        "1": 0.0,
        "2": 0.0,
        "3": 0.0,
        "4": 0.0,
        "5": 0.0,
        "6": 0.0,
        "7": 0.0,
        "8": 0.0,
        "9": 0.0
      },
      "entropy_nat": 0.0
    },
    "8": {
      "n": 0,
      "class_counts": {
        "0": 0,
        "1": 0,
        "2": 0,
        "3": 0,
        "4": 0,
        "5": 0,
        "6": 0,
        "7": 0,
        "8": 0,
        "9": 0
      },
      "class_density": {
        "0": 0.0,
        "1": 0.0,
        "2": 0.0,
        "3": 0.0,
        "4": 0.0,
        "5": 0.0,
        "6": 0.0,
        "7": 0.0,
        "8": 0.0,
        "9": 0.0
      },
      "entropy_nat": 0.0
    },
    "9": {
      "n": 19,
      "class_counts": {
        "0": 13,
        "1": 0,
        "2": 1,
        "3": 1,
        "4": 0,
        "5": 4,
        "6": 0,
        "7": 0,
        "8": 0,
        "9": 0
      },
      "class_density": {
        "0": 0.6842105263157895,
        "1": 0.0,
        "2": 0.05263157894736842,
        "3": 0.05263157894736842,
        "4": 0.0,
        "5": 0.21052631578947367,
        "6": 0.0,
        "7": 0.0,
        "8": 0.0,
        "9": 0.0
      },
      "entropy_nat": 0.8976
    },
    "10": {
      "n": 25,
      "class_counts": {
        "0": 18,
        "1": 0,
        "2": 0,
        "3": 0,
        "4": 0,
        "5": 1,
        "6": 6,
        "7": 0,
        "8": 0,
        "9": 0
      },
      "class_density": {
        "0": 0.72,
        "1": 0.0,
        "2": 0.0,
        "3": 0.0,
        "4": 0.0,
        "5": 0.04,
        "6": 0.24,
        "7": 0.0,
        "8": 0.0,
        "9": 0.0
      },
      "entropy_nat": 0.7078
    },
    "11": {
      "n": 0,
      "class_counts": {
        "0": 0,
        "1": 0,
        "2": 0,
        "3": 0,
        "4": 0,
        "5": 0,
        "6": 0,
        "7": 0,
        "8": 0,
        "9": 0
      },
      "class_density": {
        "0": 0.0,
        "1": 0.0,
        "2": 0.0,
        "3": 0.0,
        "4": 0.0,
        "5": 0.0,
        "6": 0.0,
        "7": 0.0,
        "8": 0.0,
        "9": 0.0
      },
      "entropy_nat": 0.0
    },
    "12": {
      "n": 6,
      "class_counts": {
        "0": 3,
        "1": 2,
        "2": 0,
        "3": 0,
        "4": 0,
        "5": 0,
        "6": 0,
        "7": 0,
        "8": 1,
        "9": 0
      },
      "class_density": {
        "0": 0.5,
        "1": 0.3333333333333333,
        "2": 0.0,
        "3": 0.0,
        "4": 0.0,
        "5": 0.0,
        "6": 0.0,
        "7": 0.0,
        "8": 0.16666666666666666,
        "9": 0.0
      },
      "entropy_nat": 1.0114
    },
    "13": {
      "n": 0,
      "class_counts": {
        "0": 0,
        "1": 0,
        "2": 0,
        "3": 0,
        "4": 0,
        "5": 0,
        "6": 0,
        "7": 0,
        "8": 0,
        "9": 0
      },
      "class_density": {
        "0": 0.0,
        "1": 0.0,
        "2": 0.0,
        "3": 0.0,
        "4": 0.0,
        "5": 0.0,
        "6": 0.0,
        "7": 0.0,
        "8": 0.0,
        "9": 0.0
      },
      "entropy_nat": 0.0
    },
    "14": {
      "n": 599,
      "class_counts": {
        "0": 34,
        "1": 3,
        "2": 33,
        "3": 62,
        "4": 125,
        "5": 99,
        "6": 4,
        "7": 37,
        "8": 101,
        "9": 101
      },
      "class_density": {
        "0": 0.05676126878130217,
        "1": 0.005008347245409015,
        "2": 0.05509181969949917,
        "3": 0.10350584307178631,
        "4": 0.20868113522537562,
        "5": 0.1652754590984975,
        "6": 0.00667779632721202,
        "7": 0.06176961602671119,
        "8": 0.1686143572621035,
        "9": 0.1686143572621035
      },
      "entropy_nat": 2.0141
    },
    "15": {
      "n": 194,
      "class_counts": {
        "0": 4,
        "1": 79,
        "2": 7,
        "3": 5,
        "4": 7,
        "5": 2,
        "6": 80,
        "7": 9,
        "8": 1,
        "9": 0
      },
      "class_density": {
        "0": 0.020618556701030927,
        "1": 0.4072164948453608,
        "2": 0.03608247422680412,