{
  "macro_svdd_auc": 0.9285857460302177,
  "per_digit_svdd_auc": {
    "0": 0.9847277486498116,
    "1": 0.9986788270864665,
    "2": 0.8379356814931528,
    "3": 0.9002296854195729,
    "4": 0.9143789532191168,
    "5": 0.8880608968385983,
    "6": 0.9761873298491743,
    "7": 0.9419687256684826,
    "8": 0.9140941018821052,
    "9": 0.929595510195697
  },
  "csv": "D:\\Doctorate\\EngineCheck\\oasplTurbojet\\SampleSvDD\\samplesvdd\\hySpCheck\\runs\\ablate_mnist_no_ov\\eval_hyperbolic\\global_top_anomalies.csv"
}