{
  "best_epoch": 50,
  "best_macro_auc": 0.9900187868859585,
  "per_digit_best_auc": {
    "0": 0.9942443226752766,
    "1": 0.9990345179235511,
    "2": 0.985532888148148,
    "3": 0.9836028737981147,
    "4": 0.9943176546114908,
    "5": 0.9819444926751278,
    "6": 0.9970734609975116,
    "7": 0.99278613201328,
    "8": 0.9872892364017679,
    "9": 0.984362289615316
  },
  "curvature": 1.0,
  "objective": "soft-boundary",
  "lambda_excl": 0.0001,
  "margin_excl": 0.1,
  "lambda_overlap": 0.02,
  "margin_overlap": 0.05
}