{
  "best_epoch": 50,
  "best_macro_auc": 0.6159254944444444,
  "per_digit_best_auc": {
    "0": 0.6223544444444444,
    "1": 0.44385494444444445,
    "2": 0.6492322777777778,
    "3": 0.5894926111111112,
    "4": 0.7111296666666667,
    "5": 0.6258453888888889,
    "6": 0.7178515555555555,
    "7": 0.5731280555555556,
    "8": 0.7385838333333334,
    "9": 0.4877821666666667
  },
  "curvature": 1.0,
  "objective": "soft-boundary",
  "lambda_excl": 0.0,
  "margin_excl": 0.1,
  "lambda_overlap": 0.0,
  "margin_overlap": 0.05
}