{
  "version": 2,
  "checkpoint_selection": "min_training_loss",
  "best_epoch": 18,
  "best_training_loss": 0.4301235980175911,
  "macro_auc_test_at_best_epoch": 0.4961261387733097,
  "per_digit_auc_at_best_epoch": {
    "0": 0.8731118775685753,
    "1": 0.7845608234241146,
    "2": 0.39838672356835997,
    "3": 0.5281424357952318,
    "4": 0.24626544602643977,
    "5": 0.4103833417181888,
    "6": 0.5394476563016063,
    "7": 0.29101576488573466,
    "8": 0.5667829374618547,
    "9": 0.3231643809829915
  },
  "macro_auc_test_pruned_active_spheres": 0.4945669468797672,
  "per_digit_auc_test_pruned_active_spheres": {
    "0": 0.7420333416690199,
    "1": 0.8618497890295359,
    "2": 0.5024815754774496,
    "3": 0.5920187581107745,
    "4": 0.2265636947231161,
    "5": 0.3868870192650159,
    "6": 0.6114374377134257,
    "7": 0.2322792943371978,
    "8": 0.5047582898107335,
    "9": 0.28536026866140307
  },
  "curvature": 1.0,
  "n_spheres": 30,
  "train_normal_digits": [
    0,
    1
  ],
  "test_digits": [
    0,
    1,
    2,
    3,
    4,
    5,
    6,
    7,
    8,
    9
  ],
  "objective": "union-soft",
  "unsupervised": true,
  "ae_checkpoint": "samplesvdd/hySpUnsup/runs/my_v3_ae200_stage1/ae_stage1_ep200.pth",
  "prune": {
    "train_argmin_counts": [
      732,
      1507,
      281,
      344,
      92,
      129,
      244,
      67,
      281,
      27,
      89,
      70,
      97,
      70,
      606,
      212,
      83,
      306,
      148,
      142,
      270,
      85,
      182,
      297,
      112,
      185,
      14,
      33,
      2236,
      2881
    ],
    "silhouette_mean_per_cluster_euclidean_z": {
      "0": null,
      "1": null,
      "2": null,
      "3": null,
      "4": null,
      "5": null,
      "6": null,
      "7": null,
      "8": null,
      "9": null,
      "10": null,
      "11": null,
      "12": null,
      "13": null,
      "14": null,
      "15": null,
      "16": null,
      "17": null,
      "18": null,
      "19": null,
      "20": null,
      "21": null,
      "22": null,
      "23": null,
      "24": null,
      "25": null,
      "26": null,
      "27": null,
      "28": null,
      "29": null
    },
    "active_cluster_mask": [
      true,
      true,
      true,
      true,
      true,
      true,
      true,
      true,
      true,
      false,
      true,
      true,
      true,
      true,
      true,
      true,
      true,
      true,
      true,
      true,
      true,
      true,
      true,
      true,
      true,
      true,
      false,
      false,
      true,
      true
    ]
  },
  "split_overloaded": {
    "enabled": true,
    "max_cluster_fraction": 0.2,
    "applied": true,
    "n_train": 11822,
    "cap_count": 2365,
    "counts_before": [
      732,
      1507,
      281,
      344,
      92,
      129,
      244,
      67,
      281,
      0,
      89,
      70,
      97,
      70,
      605,
      212,
      83,
      306,
      148,
      142,
      270,
      85,
      187,
      297,
      112,
      185,
      0,
      0,
      2237,
      2950
    ],
    "overloaded_clusters": [
      29
    ],
    "spare_inactive_clusters": [
      9,
      26,
      27
    ],
    "splits": [
      {
        "source_cluster": 29,
        "source_count": 2950,
        "groups_after_split": [
          1749,
          1201
        ],
        "new_clusters_activated": [
          9
        ]
      }
    ],
    "active_cluster_mask_after_split": [
      true,
      true,
      true,
      true,
      true,
      true,
      true,
      true,
      true,
      true,
      true,
      true,
      true,
      true,
      true,
      true,
      true,
      true,
      true,
      true,
      true,
      true,
      true,
      true,
      true,
      true,
      false,
      false,
      true,
      true
    ]
  },
  "hybrid_rebalance": {
    "enabled": true,
    "lb_min_cluster_members": 50,
    "ub_max_cluster_fraction": 0.2,
    "max_iters": 4,
    "hard_cap_enabled": true,
    "chaos_factor": 0.25,
    "iterations": [
      {
        "iter": 1,
        "lb": {
          "enabled": true,
          "counts": [
            740,
            2130,
            286,
            834,
            197,
            129,
            244,
            67,
            281,
            0,
            159,
            90,
            97,
            108,
            698,
            220,
            84,
            386,
            158,
            142,
            280,
            277,
            400,
            301,
            112,
            185,
            139,
            251,
            2370,
            457
          ],
          "active_before": [
            true,
            true,
            true,
            true,
            true,
            true,
            true,
            true,
            true,
            true,
            true,
            true,
            true,
            true,
            true,
            true,
            true,
            true,
            true,
            true,
            true,
            true,
            true,
            true,
            true,
            true,
            false,
            false,
            true,
            true
          ],
          "active_after": [
            true,
            true,
            true,
            true,
            true,
            true,
            true,
            true,
            true,
            false,
            true,
            true,
            true,
            true,
            true,
            true,
            true,
            true,
            true,
            true,
            true,
            true,
            true,
            true,
            true,
            true,
            true,
            true,
            true,
            true
          ],
          "changed": true
        },
        "ub": {
          "enabled": true,
          "max_cluster_fraction": 0.2,
          "applied": true,
          "n_train": 11822,
          "cap_count": 2365,
          "counts_before": [
            740,
            2130,
            286,
            834,
            197,
            129,
            244,
            67,
            281,
            0,
            159,
            90,
            97,
            108,
            698,
            220,
            84,
            386,
            158,
            142,
            280,
            277,
            400,
            301,
            112,
            185,
            139,
            251,
            2370,
            457
          ],
          "overloaded_clusters": [
            28
          ],
          "spare_inactive_clusters": [
            9
          ],
          "splits": [
            {
              "source_cluster": 28,
              "source_count": 2370,
              "groups_after_split": [
                1213,
                1157
              ],
              "new_clusters_activated": [
                9
              ]
            }
          ],
          "active_cluster_mask_after_split": [
            true,
            true,
            true,
            true,
            true,
            true,
            true,
            true,
            true,
            true,
            true,
            true,
            true,
            true,
            true,
            true,
            true,
            true,
            true,
            true,
            true,
            true,
            true,
            true,
            true,
            true,
            true,
            true,
            true,
            true
          ]
        },
        "hard_cap": {
          "enabled": true,
          "max_cluster_fraction": 0.2,
          "chaos_factor": 0.25,
          "applied": false,
          "n_train": 11822,
          "cap_count": 2365,