{
  "n_samples": 2000,
  "per_cluster": {
    "0": {
      "n": 10,
      "class_counts": {
        "0": 0,
        "1": 8,
        "2": 0,
        "3": 0,
        "4": 0,
        "5": 0,
        "6": 0,
        "7": 2,
        "8": 0,
        "9": 0
      },
      "class_density": {
        "0": 0.0,
        "1": 0.8,
        "2": 0.0,
        "3": 0.0,
        "4": 0.0,
        "5": 0.0,
        "6": 0.0,
        "7": 0.2,
        "8": 0.0,
        "9": 0.0
      },
      "entropy_nat": 0.5004
    },
    "1": {
      "n": 273,
      "class_counts": {
        "0": 54,
        "1": 1,
        "2": 17,
        "3": 14,
        "4": 30,
        "5": 66,
        "6": 55,
        "7": 8,
        "8": 14,
        "9": 14
      },
      "class_density": {
        "0": 0.1978021978021978,
        "1": 0.003663003663003663,
        "2": 0.06227106227106227,
        "3": 0.05128205128205128,
        "4": 0.10989010989010989,
        "5": 0.24175824175824176,
        "6": 0.20146520146520147,
        "7": 0.029304029304029304,
        "8": 0.05128205128205128,
        "9": 0.05128205128205128
      },
      "entropy_nat": 1.9831
    },
    "2": {
      "n": 7,
      "class_counts": {
        "0": 0,
        "1": 7,
        "2": 0,
        "3": 0,
        "4": 0,
        "5": 0,
        "6": 0,
        "7": 0,
        "8": 0,
        "9": 0
      },
      "class_density": {
        "0": 0.0,
        "1": 1.0,
        "2": 0.0,
        "3": 0.0,
        "4": 0.0,
        "5": 0.0,
        "6": 0.0,
        "7": 0.0,
        "8": 0.0,
        "9": 0.0
      },
      "entropy_nat": -0.0
    },
    "3": {
      "n": 23,
      "class_counts": {
        "0": 10,
        "1": 0,
        "2": 0,
        "3": 1,
        "4": 1,
        "5": 0,
        "6": 0,
        "7": 1,
        "8": 2,
        "9": 8
      },
      "class_density": {
        "0": 0.43478260869565216,
        "1": 0.0,
        "2": 0.0,
        "3": 0.043478260869565216,
        "4": 0.043478260869565216,
        "5": 0.0,
        "6": 0.0,
        "7": 0.043478260869565216,
        "8": 0.08695652173913043,
        "9": 0.34782608695652173
      },
      "entropy_nat": 1.3508
    },
    "4": {
      "n": 4,
      "class_counts": {
        "0": 4,
        "1": 0,
        "2": 0,
        "3": 0,
        "4": 0,
        "5": 0,
        "6": 0,
        "7": 0,
        "8": 0,
        "9": 0
      },
      "class_density": {
        "0": 1.0,
        "1": 0.0,
        "2": 0.0,
        "3": 0.0,
        "4": 0.0,
        "5": 0.0,
        "6": 0.0,
        "7": 0.0,
        "8": 0.0,
        "9": 0.0
      },
      "entropy_nat": -0.0
    },
    "5": {
      "n": 18,
      "class_counts": {
        "0": 0,
        "1": 7,
        "2": 0,
        "3": 0,
        "4": 7,
        "5": 4,
        "6": 0,
        "7": 0,
        "8": 0,
        "9": 0
      },
      "class_density": {
        "0": 0.0,
        "1": 0.3888888888888889,
        "2": 0.0,
        "3": 0.0,
        "4": 0.3888888888888889,
        "5": 0.2222222222222222,
        "6": 0.0,
        "7": 0.0,
        "8": 0.0,
        "9": 0.0
      },
      "entropy_nat": 1.0688
    },
    "6": {
      "n": 2,
      "class_counts": {
        "0": 0,
        "1": 2,
        "2": 0,
        "3": 0,
        "4": 0,
        "5": 0,
        "6": 0,
        "7": 0,
        "8": 0,
        "9": 0
      },
      "class_density": {
        "0": 0.0,
        "1": 1.0,
        "2": 0.0,
        "3": 0.0,
        "4": 0.0,
        "5": 0.0,
        "6": 0.0,
        "7": 0.0,
        "8": 0.0,
        "9": 0.0
      },
      "entropy_nat": -0.0
    },
    "7": {
      "n": 4,
      "class_counts": {
        "0": 0,
        "1": 2,
        "2": 0,
        "3": 0,
        "4": 0,
        "5": 2,
        "6": 0,
        "7": 0,
        "8": 0,
        "9": 0
      },
      "class_density": {
        "0": 0.0,
        "1": 0.5,
        "2": 0.0,
        "3": 0.0,
        "4": 0.0,
        "5": 0.5,
        "6": 0.0,
        "7": 0.0,
        "8": 0.0,
        "9": 0.0
      },
      "entropy_nat": 0.6931
    },
    "8": {
      "n": 4,
      "class_counts": {
        "0": 0,
        "1": 4,
        "2": 0,
        "3": 0,
        "4": 0,
        "5": 0,
        "6": 0,
        "7": 0,
        "8": 0,
        "9": 0
      },
      "class_density": {
        "0": 0.0,
        "1": 1.0,
        "2": 0.0,
        "3": 0.0,
        "4": 0.0,
        "5": 0.0,
        "6": 0.0,
        "7": 0.0,
        "8": 0.0,
        "9": 0.0
      },
      "entropy_nat": -0.0
    },
    "9": {
      "n": 0,
      "class_counts": {
        "0": 0,
        "1": 0,
        "2": 0,
        "3": 0,
        "4": 0,
        "5": 0,
        "6": 0,
        "7": 0,
        "8": 0,
        "9": 0
      },
      "class_density": {
        "0": 0.0,
        "1": 0.0,
        "2": 0.0,
        "3": 0.0,
        "4": 0.0,
        "5": 0.0,
        "6": 0.0,
        "7": 0.0,
        "8": 0.0,
        "9": 0.0
      },
      "entropy_nat": 0.0
    },
    "10": {
      "n": 77,
      "class_counts": {
        "0": 7,
        "1": 0,
        "2": 5,
        "3": 3,
        "4": 11,
        "5": 15,
        "6": 0,
        "7": 0,
        "8": 32,
        "9": 4
      },
      "class_density": {
        "0": 0.09090909090909091,
        "1": 0.0,
        "2": 0.06493506493506493,
        "3": 0.03896103896103896,
        "4": 0.14285714285714285,
        "5": 0.19480519480519481,
        "6": 0.0,
        "7": 0.0,
        "8": 0.4155844155844156,
        "9": 0.05194805194805195
      },
      "entropy_nat": 1.6372
    },
    "11": {
      "n": 108,
      "class_counts": {
        "0": 3,
        "1": 3,
        "2": 3,
        "3": 13,
        "4": 28,
        "5": 24,
        "6": 3,
        "7": 2,
        "8": 19,
        "9": 10
      },
      "class_density": {
        "0": 0.027777777777777776,
        "1": 0.027777777777777776,
        "2": 0.027777777777777776,
        "3": 0.12037037037037036,
        "4": 0.25925925925925924,
        "5": 0.2222222222222222,
        "6": 0.027777777777777776,
        "7": 0.018518518518518517,
        "8": 0.17592592592592593,
        "9": 0.09259259259259259
      },
      "entropy_nat": 1.9371
    },
    "12": {
      "n": 3,
      "class_counts": {
        "0": 0,
        "1": 3,
        "2": 0,
        "3": 0,
        "4": 0,
        "5": 0,
        "6": 0,
        "7": 0,
        "8": 0,
        "9": 0
      },
      "class_density": {
        "0": 0.0,
        "1": 1.0,
        "2": 0.0,
        "3": 0.0,
        "4": 0.0,
        "5": 0.0,
        "6": 0.0,
        "7": 0.0,
        "8": 0.0,
        "9": 0.0
      },
      "entropy_nat": -0.0
    },
    "13": {
      "n": 13,
      "class_counts": {
        "0": 13,
        "1": 0,
        "2": 0,
        "3": 0,
        "4": 0,
        "5": 0,
        "6": 0,
        "7": 0,
        "8": 0,
        "9": 0
      },
      "class_density": {
        "0": 1.0,
        "1": 0.0,
        "2": 0.0,
        "3": 0.0,
        "4": 0.0,
        "5": 0.0,
        "6": 0.0,
        "7": 0.0,
        "8": 0.0,
        "9": 0.0
      },
      "entropy_nat": -0.0
    },
    "14": {
      "n": 404,
      "class_counts": {
        "0": 1,
        "1": 24,
        "2": 8,
        "3": 11,
        "4": 82,
        "5": 14,
        "6": 34,
        "7": 123,
        "8": 6,
        "9": 101
      },
      "class_density": {
        "0": 0.0024752475247524753,
        "1": 0.0594059405940594,
        "2": 0.019801980198019802,
        "3": 0.027227722772277228,
        "4": 0.20297029702970298,
        "5": 0.034653465346534656,
        "6": 0.08415841584158416,
        "7": 0.30445544554455445,
        "8": 0.01485148514851485,
        "9": 0.25
      },
      "entropy_nat": 1.778
    },
    "15": {
      "n": 378,
      "class_counts": {
        "0": 18,
        "1": 92,
        "2": 81,
        "3": 64,
        "4": 6,
        "5": 13,
        "6": 68,
        "7": 8,
        "8": 27,
        "9": 1
      },