{
  "best_epoch": 100,
  "best_macro_auc": 0.9933788268543955,
  "per_digit_best_auc": {
    "0": 0.9994111759013393,
    "1": 0.9999121057058871,
    "2": 0.990738893003438,
    "3": 0.991610536263551,
    "4": 0.9939445743789924,
    "5": 0.9895581097749464,
    "6": 0.9986722346936092,
    "7": 0.995272083906754,
    "8": 0.9848629056298353,
    "9": 0.9898056492856012
  },
  "curvature": 1.0,
  "objective": "soft-boundary",
  "lambda_excl": 0.0001,
  "margin_excl": 0.1,
  "lambda_overlap": 0.02,
  "margin_overlap": 0.05,
  "seed": 42,
  "deterministic": true
}