{
  "n_samples": 2000,
  "per_cluster": {
    "0": {
      "n": 69,
      "class_counts": {
        "0": 0,
        "1": 68,
        "2": 0,
        "3": 0,
        "4": 0,
        "5": 0,
        "6": 1,
        "7": 0,
        "8": 0,
        "9": 0
      },
      "class_density": {
        "0": 0.0,
        "1": 0.9855072463768116,
        "2": 0.0,
        "3": 0.0,
        "4": 0.0,
        "5": 0.0,
        "6": 0.014492753623188406,
        "7": 0.0,
        "8": 0.0,
        "9": 0.0
      },
      "entropy_nat": 0.0758
    },
    "1": {
      "n": 1882,
      "class_counts": {
        "0": 194,
        "1": 152,
        "2": 210,
        "3": 202,
        "4": 174,
        "5": 200,
        "6": 192,
        "7": 218,
        "8": 166,
        "9": 174
      },
      "class_density": {
        "0": 0.1030818278427205,
        "1": 0.08076514346439957,
        "2": 0.11158342189160468,
        "3": 0.1073326248671626,
        "4": 0.0924548352816153,
        "5": 0.10626992561105207,
        "6": 0.10201912858660998,
        "7": 0.11583421891604676,
        "8": 0.08820403825717323,
        "9": 0.0924548352816153
      },
      "entropy_nat": 2.2969
    },
    "2": {
      "n": 20,
      "class_counts": {
        "0": 5,
        "1": 1,
        "2": 0,
        "3": 0,
        "4": 1,
        "5": 2,
        "6": 11,
        "7": 0,
        "8": 0,
        "9": 0
      },
      "class_density": {
        "0": 0.25,
        "1": 0.05,
        "2": 0.0,
        "3": 0.0,
        "4": 0.05,
        "5": 0.1,
        "6": 0.55,
        "7": 0.0,
        "8": 0.0,
        "9": 0.0
      },
      "entropy_nat": 1.2052
    },
    "3": {
      "n": 2,
      "class_counts": {
        "0": 0,
        "1": 0,
        "2": 0,
        "3": 0,
        "4": 0,
        "5": 0,
        "6": 0,
        "7": 0,
        "8": 2,
        "9": 0
      },
      "class_density": {
        "0": 0.0,
        "1": 0.0,
        "2": 0.0,
        "3": 0.0,
        "4": 0.0,
        "5": 0.0,
        "6": 0.0,
        "7": 0.0,
        "8": 1.0,
        "9": 0.0
      },
      "entropy_nat": -0.0
    },
    "4": {
      "n": 21,
      "class_counts": {
        "0": 0,
        "1": 0,
        "2": 0,
        "3": 0,
        "4": 16,
        "5": 0,
        "6": 4,
        "7": 0,
        "8": 0,
        "9": 1
      },
      "class_density": {
        "0": 0.0,
        "1": 0.0,
        "2": 0.0,
        "3": 0.0,
        "4": 0.7619047619047619,
        "5": 0.0,
        "6": 0.19047619047619047,
        "7": 0.0,
        "8": 0.0,
        "9": 0.047619047619047616
      },
      "entropy_nat": 0.668
    },
    "5": {
      "n": 0,
      "class_counts": {
        "0": 0,
        "1": 0,
        "2": 0,
        "3": 0,
        "4": 0,
        "5": 0,
        "6": 0,
        "7": 0,
        "8": 0,
        "9": 0
      },
      "class_density": {
        "0": 0.0,
        "1": 0.0,
        "2": 0.0,
        "3": 0.0,
        "4": 0.0,
        "5": 0.0,
        "6": 0.0,
        "7": 0.0,
        "8": 0.0,
        "9": 0.0
      },
      "entropy_nat": 0.0
    },
    "6": {
      "n": 0,
      "class_counts": {
        "0": 0,
        "1": 0,
        "2": 0,
        "3": 0,
        "4": 0,
        "5": 0,
        "6": 0,
        "7": 0,
        "8": 0,
        "9": 0
      },
      "class_density": {
        "0": 0.0,
        "1": 0.0,
        "2": 0.0,
        "3": 0.0,
        "4": 0.0,
        "5": 0.0,
        "6": 0.0,
        "7": 0.0,
        "8": 0.0,
        "9": 0.0
      },
      "entropy_nat": 0.0
    },
    "7": {
      "n": 0,
      "class_counts": {
        "0": 0,
        "1": 0,
        "2": 0,
        "3": 0,
        "4": 0,
        "5": 0,
        "6": 0,
        "7": 0,
        "8": 0,
        "9": 0
      },
      "class_density": {
        "0": 0.0,
        "1": 0.0,
        "2": 0.0,
        "3": 0.0,
        "4": 0.0,
        "5": 0.0,
        "6": 0.0,
        "7": 0.0,
        "8": 0.0,
        "9": 0.0
      },
      "entropy_nat": 0.0
    },
    "8": {
      "n": 0,
      "class_counts": {
        "0": 0,
        "1": 0,
        "2": 0,
        "3": 0,
        "4": 0,
        "5": 0,
        "6": 0,
        "7": 0,
        "8": 0,
        "9": 0
      },
      "class_density": {
        "0": 0.0,
        "1": 0.0,
        "2": 0.0,
        "3": 0.0,
        "4": 0.0,
        "5": 0.0,
        "6": 0.0,
        "7": 0.0,
        "8": 0.0,
        "9": 0.0
      },
      "entropy_nat": 0.0
    },
    "9": {
      "n": 6,
      "class_counts": {
        "0": 0,
        "1": 0,
        "2": 0,
        "3": 0,
        "4": 0,
        "5": 0,
        "6": 6,
        "7": 0,
        "8": 0,
        "9": 0
      },
      "class_density": {
        "0": 0.0,
        "1": 0.0,
        "2": 0.0,
        "3": 0.0,
        "4": 0.0,
        "5": 0.0,
        "6": 1.0,
        "7": 0.0,
        "8": 0.0,
        "9": 0.0
      },
      "entropy_nat": -0.0
    }
  },
  "pruning": {
    "active_cluster_mask": [
      true,
      true,
      true,
      true,
      true,
      false,
      false,
      false,
      false,
      true
    ],
    "pruned_cluster_ids": [
      5,
      6,
      7,
      8
    ],
    "n_active_spheres": 6,
    "nearest_sphere_assignment": "active_argmin",
    "note": "per_cluster uses nearest active sphere (pruned heads excluded from argmin). Hull/legend grey-out uses active_cluster_mask."
  }
}