{
  "best_epoch": 50,
  "best_macro_auc": 0.9354215462182335,
  "per_digit_best_auc": {
    "0": 0.9815556793525405,
    "1": 0.9981697063489446,
    "2": 0.8664250322029239,
    "3": 0.9015973222313142,
    "4": 0.932083307050911,
    "5": 0.9062238247535948,
    "6": 0.9614847805399341,
    "7": 0.9434613991874351,
    "8": 0.9217321656810592,
    "9": 0.9414822448336779
  },
  "curvature": 1.0,
  "objective": "soft-boundary",
  "lambda_excl": 0.0,
  "margin_excl": 0.1,
  "lambda_overlap": 0.01,
  "margin_overlap": 0.05
}