{
  "best_epoch": 45,
  "best_macro_auc": 0.919851448515478,
  "per_digit_best_auc": {
    "0": 0.9709323446157789,
    "1": 0.9972226383102342,
    "2": 0.8872970727269403,
    "3": 0.8582578042191239,
    "4": 0.9336767182833938,
    "5": 0.8993013042757941,
    "6": 0.9775885487316618,
    "7": 0.9095174368109058,
    "8": 0.821015788838739,
    "9": 0.9437048283422084
  },
  "curvature": 1.0,
  "objective": "soft-boundary",
  "lambda_excl": 0.0,
  "margin_excl": 0.1,
  "lambda_overlap": 0.02,
  "margin_overlap": 0.05,
  "seed": 42,
  "deterministic": true
}