{
  "split": "train",
  "nearest_sphere_assignment": "active_argmin",
  "active_cluster_mask": [
    true,
    true,
    true,
    true,
    true,
    false,
    false,
    false,
    true,
    false
  ],
  "total_samples": 56045,
  "counts_cluster_x_digit": [
    [
      1231,
      2210,
      2654,
      2443,
      746,
      1331,
      1095,
      2003,
      778,
      444
    ],
    [
      0,
      0,
      0,
      0,
      0,
      0,
      0,
      0,
      0,
      0
    ],
    [
      90,
      1872,
      693,
      609,
      1884,
      858,
      126,
      2141,
      2414,
      1868
    ],
    [
      0,
      0,
      0,
      0,
      0,
      0,
      0,
      0,
      0,
      0
    ],
    [
      0,
      0,
      0,
      0,
      0,
      0,
      0,
      0,
      0,
      0
    ],
    [
      0,
      0,
      0,
      0,
      0,
      0,
      0,
      0,
      0,
      0
    ],
    [
      0,
      0,
      0,
      0,
      0,
      0,
      0,
      0,
      0,
      0
    ],
    [
      0,
      0,
      0,
      0,
      0,
      0,
      0,
      0,
      0,
      0
    ],
    [
      4204,
      2215,
      2238,
      2657,
      2843,
      2851,
      4270,
      1720,
      2285,
      3272
    ],
    [
      0,
      0,
      0,
      0,
      0,
      0,
      0,
      0,
      0,
      0
    ]
  ],
  "per_cluster": {
    "0": {
      "n": 14935,
      "entropy_digit_mix_nat": 2.1762,
      "hotspot_digit_argmax_P_d_given_k": 2,
      "top3_digits_by_density": {
        "2": 0.1777,
        "3": 0.16358,
        "1": 0.14797
      }
    },
    "1": {
      "n": 0,
      "entropy_digit_mix_nat": -0.0,
      "hotspot_digit_argmax_P_d_given_k": 0,
      "top3_digits_by_density": {
        "0": 0.0,
        "1": 0.0,
        "2": 0.0
      }
    },
    "2": {
      "n": 12555,
      "entropy_digit_mix_nat": 2.0422,
      "hotspot_digit_argmax_P_d_given_k": 8,
      "top3_digits_by_density": {
        "8": 0.19227,
        "7": 0.17053,
        "4": 0.15006
      }
    },
    "3": {
      "n": 0,
      "entropy_digit_mix_nat": -0.0,
      "hotspot_digit_argmax_P_d_given_k": 0,
      "top3_digits_by_density": {
        "0": 0.0,
        "1": 0.0,
        "2": 0.0
      }
    },
    "4": {
      "n": 0,
      "entropy_digit_mix_nat": -0.0,
      "hotspot_digit_argmax_P_d_given_k": 0,
      "top3_digits_by_density": {
        "0": 0.0,
        "1": 0.0,
        "2": 0.0
      }
    },
    "5": {
      "n": 0,
      "entropy_digit_mix_nat": -0.0,
      "hotspot_digit_argmax_P_d_given_k": 0,
      "top3_digits_by_density": {
        "0": 0.0,
        "1": 0.0,
        "2": 0.0
      }
    },
    "6": {
      "n": 0,
      "entropy_digit_mix_nat": -0.0,
      "hotspot_digit_argmax_P_d_given_k": 0,
      "top3_digits_by_density": {
        "0": 0.0,
        "1": 0.0,
        "2": 0.0
      }
    },
    "7": {
      "n": 0,
      "entropy_digit_mix_nat": -0.0,
      "hotspot_digit_argmax_P_d_given_k": 0,
      "top3_digits_by_density": {
        "0": 0.0,
        "1": 0.0,
        "2": 0.0
      }
    },
    "8": {
      "n": 28555,
      "entropy_digit_mix_nat": 2.2643,
      "hotspot_digit_argmax_P_d_given_k": 6,
      "top3_digits_by_density": {
        "6": 0.14954,
        "0": 0.14722,
        "9": 0.11459
      }
    },
    "9": {
      "n": 0,
      "entropy_digit_mix_nat": -0.0,
      "hotspot_digit_argmax_P_d_given_k": 0,
      "top3_digits_by_density": {
        "0": 0.0,
        "1": 0.0,
        "2": 0.0
      }
    }
  },
  "per_digit": {
    "0": {
      "n": 5525,
      "entropy_cluster_mix_nat": 0.6095,
      "hotspot_cluster_argmax_P_k_given_d": 8,
      "top3_clusters_by_density": {
        "8": 0.7609,
        "0": 0.22281,
        "2": 0.01629
      }
    },
    "1": {
      "n": 6297,
      "entropy_cluster_mix_nat": 1.0956,
      "hotspot_cluster_argmax_P_k_given_d": 8,
      "top3_clusters_by_density": {
        "8": 0.35175,
        "0": 0.35096,
        "2": 0.29728
      }
    },
    "2": {
      "n": 5585,
      "entropy_cluster_mix_nat": 0.9789,
      "hotspot_cluster_argmax_P_k_given_d": 0,
      "top3_clusters_by_density": {
        "0": 0.4752,
        "8": 0.40072,
        "2": 0.12408
      }
    },
    "3": {
      "n": 5709,
      "entropy_cluster_mix_nat": 0.9579,
      "hotspot_cluster_argmax_P_k_given_d": 8,
      "top3_clusters_by_density": {
        "8": 0.46541,
        "0": 0.42792,
        "2": 0.10667
      }
    },
    "4": {
      "n": 5473,
      "entropy_cluster_mix_nat": 0.979,
      "hotspot_cluster_argmax_P_k_given_d": 8,
      "top3_clusters_by_density": {
        "8": 0.51946,
        "2": 0.34424,
        "0": 0.13631
      }
    },
    "5": {
      "n": 5040,
      "entropy_cluster_mix_nat": 0.9753,
      "hotspot_cluster_argmax_P_k_given_d": 8,
      "top3_clusters_by_density": {
        "8": 0.56567,
        "0": 0.26409,
        "2": 0.17024
      }
    },
    "6": {
      "n": 5491,
      "entropy_cluster_mix_nat": 0.6037,
      "hotspot_cluster_argmax_P_k_given_d": 8,
      "top3_clusters_by_density": {
        "8": 0.77764,
        "0": 0.19942,
        "2": 0.02295
      }
    },
    "7": {
      "n": 5864,
      "entropy_cluster_mix_nat": 1.0945,
      "hotspot_cluster_argmax_P_k_given_d": 2,
      "top3_clusters_by_density": {
        "2": 0.36511,
        "0": 0.34158,
        "8": 0.29332
      }
    },
    "8": {
      "n": 5477,
      "entropy_cluster_mix_nat": 1.003,
      "hotspot_cluster_argmax_P_k_given_d": 2,
      "top3_clusters_by_density": {
        "2": 0.44075,
        "8": 0.4172,
        "0": 0.14205
      }
    },
    "9": {
      "n": 5584,
      "entropy_cluster_mix_nat": 0.8808,
      "hotspot_cluster_argmax_P_k_given_d": 8,
      "top3_clusters_by_density": {
        "8": 0.58596,
        "2": 0.33453,
        "0": 0.07951
      }
    }
  }
}