{
  "run_dir": "samplesvdd/hySpUnsup/runs/sensitivity_v3/nspheres_k5",
  "checkpoint": "samplesvdd/hySpUnsup/runs/sensitivity_v3/nspheres_k5/checkpoint_v2.pth",
  "n_spheres": 5,
  "curvature": 1.0,
  "objective": "union-soft",
  "active_cluster_mask": [
    true,
    true,
    true,
    true,
    true
  ],
  "train_macro_auc": 0.49888071785937005,
  "train_per_digit_auc": {
    "0": 0.48805221712291713,
    "1": 0.542907591405355,
    "2": 0.2637798697817146,
    "3": 0.18702578264185535,
    "4": 0.5819836491693441,
    "5": 0.35154114792667385,
    "6": 0.7628432999517053,
    "7": 0.6264510466653688,
    "8": 0.542836894875312,
    "9": 0.6413856790534538
  },
  "test_macro_auc": 0.499695777147536,
  "test_per_digit_auc": {
    "0": 0.48765122087419,
    "1": 0.5417098836465926,
    "2": 0.26871628078433596,
    "3": 0.19016091397415347,
    "4": 0.5730622038848476,
    "5": 0.3596264624304998,
    "6": 0.7650024842829611,
    "7": 0.6263281122640694,
    "8": 0.542690562847309,
    "9": 0.6420096464864012
  }
}