{
  "n_samples": 2000,
  "per_cluster": {
    "0": {
      "n": 83,
      "class_counts": {
        "0": 9,
        "1": 0,
        "2": 2,
        "3": 7,
        "4": 4,
        "5": 15,
        "6": 0,
        "7": 1,
        "8": 43,
        "9": 2
      },
      "class_density": {
        "0": 0.10843373493975904,
        "1": 0.0,
        "2": 0.024096385542168676,
        "3": 0.08433734939759036,
        "4": 0.04819277108433735,
        "5": 0.18072289156626506,
        "6": 0.0,
        "7": 0.012048192771084338,
        "8": 0.5180722891566265,
        "9": 0.024096385542168676
      },
      "entropy_nat": 1.4783
    },
    "1": {
      "n": 0,
      "class_counts": {
        "0": 0,
        "1": 0,
        "2": 0,
        "3": 0,
        "4": 0,
        "5": 0,
        "6": 0,
        "7": 0,
        "8": 0,
        "9": 0
      },
      "class_density": {
        "0": 0.0,
        "1": 0.0,
        "2": 0.0,
        "3": 0.0,
        "4": 0.0,
        "5": 0.0,
        "6": 0.0,
        "7": 0.0,
        "8": 0.0,
        "9": 0.0
      },
      "entropy_nat": 0.0
    },
    "2": {
      "n": 1731,
      "class_counts": {
        "0": 157,
        "1": 181,
        "2": 201,
        "3": 190,
        "4": 160,
        "5": 185,
        "6": 198,
        "7": 208,
        "8": 112,
        "9": 139
      },
      "class_density": {
        "0": 0.09069901790872328,
        "1": 0.10456383593298671,
        "2": 0.11611785095320624,
        "3": 0.1097631426920855,
        "4": 0.09243212016175621,
        "5": 0.10687463893703061,
        "6": 0.11438474870017332,
        "7": 0.12016175621028308,
        "8": 0.06470248411322935,
        "9": 0.0803004043905257
      },
      "entropy_nat": 2.2877
    },
    "3": {
      "n": 186,
      "class_counts": {
        "0": 33,
        "1": 40,
        "2": 7,
        "3": 5,
        "4": 27,
        "5": 2,
        "6": 16,
        "7": 9,
        "8": 13,
        "9": 34
      },
      "class_density": {
        "0": 0.1774193548387097,
        "1": 0.21505376344086022,
        "2": 0.03763440860215054,
        "3": 0.026881720430107527,
        "4": 0.14516129032258066,
        "5": 0.010752688172043012,
        "6": 0.08602150537634409,
        "7": 0.04838709677419355,
        "8": 0.06989247311827956,
        "9": 0.1827956989247312
      },
      "entropy_nat": 2.041
    },
    "4": {
      "n": 0,
      "class_counts": {
        "0": 0,
        "1": 0,
        "2": 0,
        "3": 0,
        "4": 0,
        "5": 0,
        "6": 0,
        "7": 0,
        "8": 0,
        "9": 0
      },
      "class_density": {
        "0": 0.0,
        "1": 0.0,
        "2": 0.0,
        "3": 0.0,
        "4": 0.0,
        "5": 0.0,
        "6": 0.0,
        "7": 0.0,
        "8": 0.0,
        "9": 0.0
      },
      "entropy_nat": 0.0
    }
  },
  "pruning": {
    "active_cluster_mask": [
      true,
      true,
      true,
      true,
      true
    ],
    "pruned_cluster_ids": [],
    "n_active_spheres": 5,
    "nearest_sphere_assignment": "all_heads_argmin",
    "note": "per_cluster uses nearest active sphere (pruned heads excluded from argmin). Hull/legend grey-out uses active_cluster_mask."
  },
  "assignment_diagnostics": {
    "dominant_cluster": 2,
    "dominant_cluster_fraction": 0.8655,
    "collapse_detected_ge_0p9": false
  }
}