{
  "n_samples": 2000,
  "per_cluster": {
    "0": {
      "n": 102,
      "class_counts": {
        "0": 14,
        "1": 0,
        "2": 1,
        "3": 10,
        "4": 6,
        "5": 8,
        "6": 0,
        "7": 0,
        "8": 58,
        "9": 5
      },
      "class_density": {
        "0": 0.13725490196078433,
        "1": 0.0,
        "2": 0.00980392156862745,
        "3": 0.09803921568627451,
        "4": 0.058823529411764705,
        "5": 0.0784313725490196,
        "6": 0.0,
        "7": 0.0,
        "8": 0.5686274509803921,
        "9": 0.049019607843137254
      },
      "entropy_nat": 1.3807
    },
    "1": {
      "n": 0,
      "class_counts": {
        "0": 0,
        "1": 0,
        "2": 0,
        "3": 0,
        "4": 0,
        "5": 0,
        "6": 0,
        "7": 0,
        "8": 0,
        "9": 0
      },
      "class_density": {
        "0": 0.0,
        "1": 0.0,
        "2": 0.0,
        "3": 0.0,
        "4": 0.0,
        "5": 0.0,
        "6": 0.0,
        "7": 0.0,
        "8": 0.0,
        "9": 0.0
      },
      "entropy_nat": 0.0
    },
    "2": {
      "n": 1728,
      "class_counts": {
        "0": 143,
        "1": 208,
        "2": 175,
        "3": 177,
        "4": 164,
        "5": 178,
        "6": 193,
        "7": 194,
        "8": 131,
        "9": 165
      },
      "class_density": {
        "0": 0.08275462962962964,
        "1": 0.12037037037037036,
        "2": 0.10127314814814815,
        "3": 0.10243055555555555,
        "4": 0.09490740740740741,
        "5": 0.10300925925925926,
        "6": 0.11168981481481481,
        "7": 0.11226851851851852,
        "8": 0.07581018518518519,
        "9": 0.0954861111111111
      },
      "entropy_nat": 2.2942
    },
    "3": {
      "n": 170,
      "class_counts": {
        "0": 47,
        "1": 48,
        "2": 4,
        "3": 9,
        "4": 7,
        "5": 4,
        "6": 12,
        "7": 5,
        "8": 12,
        "9": 22
      },
      "class_density": {
        "0": 0.27647058823529413,
        "1": 0.2823529411764706,
        "2": 0.023529411764705882,
        "3": 0.052941176470588235,
        "4": 0.041176470588235294,
        "5": 0.023529411764705882,
        "6": 0.07058823529411765,
        "7": 0.029411764705882353,
        "8": 0.07058823529411765,
        "9": 0.12941176470588237
      },
      "entropy_nat": 1.9185
    },
    "4": {
      "n": 0,
      "class_counts": {
        "0": 0,
        "1": 0,
        "2": 0,
        "3": 0,
        "4": 0,
        "5": 0,
        "6": 0,
        "7": 0,
        "8": 0,
        "9": 0
      },
      "class_density": {
        "0": 0.0,
        "1": 0.0,
        "2": 0.0,
        "3": 0.0,
        "4": 0.0,
        "5": 0.0,
        "6": 0.0,
        "7": 0.0,
        "8": 0.0,
        "9": 0.0
      },
      "entropy_nat": 0.0
    }
  },
  "pruning": {
    "active_cluster_mask": [
      true,
      true,
      true,
      true,
      true
    ],
    "pruned_cluster_ids": [],
    "n_active_spheres": 5,
    "nearest_sphere_assignment": "all_heads_argmin",
    "note": "per_cluster uses nearest active sphere (pruned heads excluded from argmin). Hull/legend grey-out uses active_cluster_mask."
  },
  "assignment_diagnostics": {
    "dominant_cluster": 2,
    "dominant_cluster_fraction": 0.864,
    "collapse_detected_ge_0p9": false
  }
}