{
  "n_samples": 2000,
  "per_cluster": {
    "0": {
      "n": 0,
      "class_counts": {
        "0": 0,
        "1": 0,
        "2": 0,
        "3": 0,
        "4": 0,
        "5": 0,
        "6": 0,
        "7": 0,
        "8": 0,
        "9": 0
      },
      "class_density": {
        "0": 0.0,
        "1": 0.0,
        "2": 0.0,
        "3": 0.0,
        "4": 0.0,
        "5": 0.0,
        "6": 0.0,
        "7": 0.0,
        "8": 0.0,
        "9": 0.0
      },
      "entropy_nat": 0.0
    },
    "1": {
      "n": 0,
      "class_counts": {
        "0": 0,
        "1": 0,
        "2": 0,
        "3": 0,
        "4": 0,
        "5": 0,
        "6": 0,
        "7": 0,
        "8": 0,
        "9": 0
      },
      "class_density": {
        "0": 0.0,
        "1": 0.0,
        "2": 0.0,
        "3": 0.0,
        "4": 0.0,
        "5": 0.0,
        "6": 0.0,
        "7": 0.0,
        "8": 0.0,
        "9": 0.0
      },
      "entropy_nat": 0.0
    },
    "2": {
      "n": 288,
      "class_counts": {
        "0": 8,
        "1": 26,
        "2": 21,
        "3": 18,
        "4": 59,
        "5": 41,
        "6": 12,
        "7": 8,
        "8": 67,
        "9": 28
      },
      "class_density": {
        "0": 0.027777777777777776,
        "1": 0.09027777777777778,
        "2": 0.07291666666666667,
        "3": 0.0625,
        "4": 0.2048611111111111,
        "5": 0.1423611111111111,
        "6": 0.041666666666666664,
        "7": 0.027777777777777776,
        "8": 0.2326388888888889,
        "9": 0.09722222222222222
      },
      "entropy_nat": 2.081
    },
    "3": {
      "n": 0,
      "class_counts": {
        "0": 0,
        "1": 0,
        "2": 0,
        "3": 0,
        "4": 0,
        "5": 0,
        "6": 0,
        "7": 0,
        "8": 0,
        "9": 0
      },
      "class_density": {
        "0": 0.0,
        "1": 0.0,
        "2": 0.0,
        "3": 0.0,
        "4": 0.0,
        "5": 0.0,
        "6": 0.0,
        "7": 0.0,
        "8": 0.0,
        "9": 0.0
      },
      "entropy_nat": 0.0
    },
    "4": {
      "n": 0,
      "class_counts": {
        "0": 0,
        "1": 0,
        "2": 0,
        "3": 0,
        "4": 0,
        "5": 0,
        "6": 0,
        "7": 0,
        "8": 0,
        "9": 0
      },
      "class_density": {
        "0": 0.0,
        "1": 0.0,
        "2": 0.0,
        "3": 0.0,
        "4": 0.0,
        "5": 0.0,
        "6": 0.0,
        "7": 0.0,
        "8": 0.0,
        "9": 0.0
      },
      "entropy_nat": 0.0
    },
    "5": {
      "n": 0,
      "class_counts": {
        "0": 0,
        "1": 0,
        "2": 0,
        "3": 0,
        "4": 0,
        "5": 0,
        "6": 0,
        "7": 0,
        "8": 0,
        "9": 0
      },
      "class_density": {
        "0": 0.0,
        "1": 0.0,
        "2": 0.0,
        "3": 0.0,
        "4": 0.0,
        "5": 0.0,
        "6": 0.0,
        "7": 0.0,
        "8": 0.0,
        "9": 0.0
      },
      "entropy_nat": 0.0
    },
    "6": {
      "n": 86,
      "class_counts": {
        "0": 1,
        "1": 49,
        "2": 11,
        "3": 3,
        "4": 7,
        "5": 0,
        "6": 0,
        "7": 2,
        "8": 7,
        "9": 6
      },
      "class_density": {
        "0": 0.011627906976744186,
        "1": 0.5697674418604651,
        "2": 0.12790697674418605,
        "3": 0.03488372093023256,
        "4": 0.08139534883720931,
        "5": 0.0,
        "6": 0.0,
        "7": 0.023255813953488372,
        "8": 0.08139534883720931,
        "9": 0.06976744186046512
      },
      "entropy_nat": 1.434
    },
    "7": {
      "n": 0,
      "class_counts": {
        "0": 0,
        "1": 0,
        "2": 0,
        "3": 0,
        "4": 0,
        "5": 0,
        "6": 0,
        "7": 0,
        "8": 0,
        "9": 0
      },
      "class_density": {
        "0": 0.0,
        "1": 0.0,
        "2": 0.0,
        "3": 0.0,
        "4": 0.0,
        "5": 0.0,
        "6": 0.0,
        "7": 0.0,
        "8": 0.0,
        "9": 0.0
      },
      "entropy_nat": 0.0
    },
    "8": {
      "n": 9,
      "class_counts": {
        "0": 5,
        "1": 0,
        "2": 0,
        "3": 0,
        "4": 0,
        "5": 1,
        "6": 0,
        "7": 0,
        "8": 3,
        "9": 0
      },
      "class_density": {
        "0": 0.5555555555555556,
        "1": 0.0,
        "2": 0.0,
        "3": 0.0,
        "4": 0.0,
        "5": 0.1111111111111111,
        "6": 0.0,
        "7": 0.0,
        "8": 0.3333333333333333,
        "9": 0.0
      },
      "entropy_nat": 0.9369
    },
    "9": {
      "n": 195,
      "class_counts": {
        "0": 7,
        "1": 1,
        "2": 2,
        "3": 4,
        "4": 62,
        "5": 13,
        "6": 4,
        "7": 9,
        "8": 5,
        "9": 88
      },
      "class_density": {
        "0": 0.035897435897435895,
        "1": 0.005128205128205128,
        "2": 0.010256410256410256,
        "3": 0.020512820512820513,
        "4": 0.31794871794871793,
        "5": 0.06666666666666667,
        "6": 0.020512820512820513,
        "7": 0.046153846153846156,
        "8": 0.02564102564102564,
        "9": 0.4512820512820513
      },
      "entropy_nat": 1.4927
    },
    "10": {
      "n": 0,
      "class_counts": {
        "0": 0,
        "1": 0,
        "2": 0,
        "3": 0,
        "4": 0,
        "5": 0,
        "6": 0,
        "7": 0,
        "8": 0,
        "9": 0
      },
      "class_density": {
        "0": 0.0,
        "1": 0.0,
        "2": 0.0,
        "3": 0.0,
        "4": 0.0,
        "5": 0.0,
        "6": 0.0,
        "7": 0.0,
        "8": 0.0,
        "9": 0.0
      },
      "entropy_nat": 0.0
    },
    "11": {
      "n": 0,
      "class_counts": {
        "0": 0,
        "1": 0,
        "2": 0,
        "3": 0,
        "4": 0,
        "5": 0,
        "6": 0,
        "7": 0,
        "8": 0,
        "9": 0
      },
      "class_density": {
        "0": 0.0,
        "1": 0.0,
        "2": 0.0,
        "3": 0.0,
        "4": 0.0,
        "5": 0.0,
        "6": 0.0,
        "7": 0.0,
        "8": 0.0,
        "9": 0.0
      },
      "entropy_nat": 0.0
    },
    "12": {
      "n": 82,
      "class_counts": {
        "0": 29,
        "1": 14,
        "2": 9,
        "3": 16,
        "4": 0,
        "5": 10,
        "6": 1,
        "7": 1,
        "8": 2,
        "9": 0
      },
      "class_density": {
        "0": 0.35365853658536583,
        "1": 0.17073170731707318,
        "2": 0.10975609756097561,
        "3": 0.1951219512195122,
        "4": 0.0,
        "5": 0.12195121951219512,
        "6": 0.012195121951219513,
        "7": 0.012195121951219513,
        "8": 0.024390243902439025,
        "9": 0.0
      },
      "entropy_nat": 1.6854
    },
    "13": {
      "n": 8,
      "class_counts": {
        "0": 5,
        "1": 0,
        "2": 0,
        "3": 1,
        "4": 0,
        "5": 1,
        "6": 0,
        "7": 0,
        "8": 1,
        "9": 0
      },
      "class_density": {
        "0": 0.625,
        "1": 0.0,
        "2": 0.0,
        "3": 0.125,
        "4": 0.0,
        "5": 0.125,
        "6": 0.0,
        "7": 0.0,
        "8": 0.125,
        "9": 0.0
      },
      "entropy_nat": 1.0735
    },
    "14": {
      "n": 0,
      "class_counts": {
        "0": 0,
        "1": 0,
        "2": 0,
        "3": 0,
        "4": 0,
        "5": 0,
        "6": 0,
        "7": 0,
        "8": 0,
        "9": 0
      },
      "class_density": {
        "0": 0.0,
        "1": 0.0,
        "2": 0.0,
        "3": 0.0,
        "4": 0.0,
        "5": 0.0,
        "6": 0.0,
        "7": 0.0,
        "8": 0.0,
        "9": 0.0
      },
      "entropy_nat": 0.0
    },
    "15": {
      "n": 21,
      "class_counts": {
        "0": 3,
        "1": 0,
        "2": 0,
        "3": 1,
        "4": 4,
        "5": 0,
        "6": 0,
        "7": 5,
        "8": 0,
        "9": 8
      },
      "class_density": {
        "0": 0.14285714285714285,
        "1": 0.0,
        "2": 0.0,
        "3": 0.047619047619047616,