{
  "version": 2,
  "checkpoint_selection": "min_training_loss",
  "best_epoch": 20,
  "best_training_loss": 0.6579689085483551,
  "macro_auc_test_at_best_epoch": 0.5010123422708802,
  "per_digit_auc_at_best_epoch": {
    "0": 0.31728191495684116,
    "1": 0.2900459276307378,
    "2": 0.7118534261530391,
    "3": 0.63419118877132,
    "4": 0.504672273978794,
    "5": 0.32463200684134835,
    "6": 0.6832762379052757,
    "7": 0.4380575177598405,
    "8": 0.6192974782743985,
    "9": 0.48681545043720764
  },
  "macro_auc_test_pruned_active_spheres": 0.5010693700468181,
  "per_digit_auc_test_pruned_active_spheres": {
    "0": 0.33817282059206144,
    "1": 0.27375166858457994,
    "2": 0.6971520891522877,
    "3": 0.6138403661285581,
    "4": 0.4990774902331477,
    "5": 0.335297425339376,
    "6": 0.780073552007674,
    "7": 0.4751539052095644,
    "8": 0.5492893590509158,
    "9": 0.44888502417001586
  },
  "curvature": 1.0,
  "n_spheres": 30,
  "geometry": "hyperbolic",
  "train_normal_digits": [
    2
  ],
  "test_digits": [
    0,
    1,
    2,
    3,
    4,
    5,
    6,
    7,
    8,
    9
  ],
  "objective": "union-soft",
  "unsupervised": true,
  "ae_checkpoint": "samplesvdd/hySpUnsup/runs/my_v3_ae200_stage1/ae_stage1_ep200.pth",
  "prune": {
    "train_argmin_counts": [
      271,
      74,
      77,
      145,
      53,
      33,
      412,
      593,
      95,
      40,
      91,
      35,
      92,
      718,
      37,
      110,
      205,
      571,
      237,
      159,
      95,
      876,
      56,
      116,
      37,
      150,
      50,
      68,
      58,
      31
    ],
    "silhouette_mean_per_cluster_euclidean_z": {
      "0": null,
      "1": null,
      "2": null,
      "3": null,
      "4": null,
      "5": null,
      "6": null,
      "7": null,
      "8": null,
      "9": null,
      "10": null,
      "11": null,
      "12": null,
      "13": null,
      "14": null,
      "15": null,
      "16": null,
      "17": null,
      "18": null,
      "19": null,
      "20": null,
      "21": null,
      "22": null,
      "23": null,
      "24": null,
      "25": null,
      "26": null,
      "27": null,
      "28": null,
      "29": null
    },
    "active_cluster_mask": [
      true,
      true,
      true,
      true,
      true,
      false,
      true,
      true,
      true,
      false,
      true,
      false,
      true,
      true,
      false,
      true,
      true,
      true,
      true,
      true,
      true,
      true,
      true,
      true,
      false,
      true,
      true,
      true,
      true,
      false
    ]
  },
  "split_overloaded": {
    "enabled": true,
    "max_cluster_fraction": 0.2,
    "applied": false,
    "n_train": 5585,
    "cap_count": 1117,
    "counts_before": [
      284,
      75,
      78,
      158,
      53,
      0,
      448,
      593,
      95,
      0,
      91,
      0,
      93,
      732,
      0,
      126,
      212,
      596,
      237,
      162,
      122,
      917,
      57,
      116,
      0,
      150,
      56,
      74,
      60,
      0
    ],
    "overloaded_clusters": [],
    "spare_inactive_clusters": [
      5,
      9,
      11,
      14,
      24,
      29
    ],
    "splits": []
  },
  "hybrid_rebalance": {
    "enabled": true,
    "lb_min_cluster_members": 50,
    "ub_max_cluster_fraction": 0.2,
    "max_iters": 4,
    "hard_cap_enabled": true,
    "chaos_factor": 0.15,
    "iterations": [
      {
        "iter": 1,
        "lb": {
          "enabled": true,
          "counts": [
            271,
            74,
            77,
            145,
            53,
            33,
            412,
            593,
            95,
            40,
            91,
            35,
            92,
            718,
            37,
            110,
            205,
            571,
            237,
            159,
            95,
            876,
            56,
            116,
            37,
            150,
            50,
            68,
            58,
            31
          ],
          "active_before": [
            true,
            true,
            true,
            true,
            true,
            false,
            true,
            true,
            true,
            false,
            true,
            false,
            true,
            true,
            false,
            true,
            true,
            true,
            true,
            true,
            true,
            true,
            true,
            true,
            false,
            true,
            true,
            true,
            true,
            false
          ],
          "active_after": [
            true,
            true,
            true,
            true,
            true,
            false,
            true,
            true,
            true,
            false,
            true,
            false,
            true,
            true,
            false,
            true,
            true,
            true,
            true,
            true,
            true,
            true,
            true,
            true,
            false,
            true,
            true,
            true,
            true,
            false
          ],
          "changed": false
        },
        "ub": {
          "enabled": true,
          "max_cluster_fraction": 0.2,
          "applied": false,
          "n_train": 5585,
          "cap_count": 1117,
          "counts_before": [
            284,
            75,
            78,
            158,
            53,
            0,
            448,
            593,
            95,
            0,
            91,
            0,
            93,
            732,
            0,
            126,
            212,
            596,
            237,
            162,
            122,
            917,
            57,
            116,
            0,
            150,
            56,
            74,
            60,
            0
          ],
          "overloaded_clusters": [],
          "spare_inactive_clusters": [
            5,
            9,
            11,
            14,
            24,
            29
          ],
          "splits": []
        },
        "hard_cap": {
          "enabled": true,
          "max_cluster_fraction": 0.2,
          "chaos_factor": 0.15,
          "applied": false,
          "n_train": 5585,
          "cap_count": 1117,
          "counts_before": [
            284,
            75,
            78,
            158,
            53,
            0,
            448,
            593,
            95,
            0,
            91,
            0,
            93,
            732,
            0,
            126,
            212,
            596,
            237,
            162,
            122,
            917,
            57,
            116,
            0,
            150,
            56,
            74,
            60,
            0
          ],
          "counts_after": [
            284,
            75,
            78,
            158,
            53,
            0,
            448,
            593,
            95,
            0,
            91,
            0,
            93,
            732,
            0,
            126,
            212,
            596,
            237,
            162,
            122,
            917,
            57,
            116,
            0,
            150,
            56,
            74,
            60,
            0
          ],
          "overflow_reassigned": 0
        },
        "changed": false
      }
    ],
    "applied": false,
    "active_cluster_mask_after_hybrid": [
      true,
      true,
      true,
      true,
      true,
      false,
      true,
      true,
      true,
      false,
      true,
      false,
      true,
      true,
      false,
      true,
      true,
      true,
      true,
      true,
      true,
      true,
      true,
      true,
      false,
      true,
      true,
      true,
      true,
      false
    ]
  },