{
  "n_samples": 2000,
  "per_cluster": {
    "0": {
      "n": 11,
      "class_counts": {
        "0": 0,
        "1": 0,
        "2": 10,
        "3": 1,
        "4": 0,
        "5": 0,
        "6": 0,
        "7": 0,
        "8": 0,
        "9": 0
      },
      "class_density": {
        "0": 0.0,
        "1": 0.0,
        "2": 0.9090909090909091,
        "3": 0.09090909090909091,
        "4": 0.0,
        "5": 0.0,
        "6": 0.0,
        "7": 0.0,
        "8": 0.0,
        "9": 0.0
      },
      "entropy_nat": 0.3046
    },
    "1": {
      "n": 2,
      "class_counts": {
        "0": 0,
        "1": 0,
        "2": 1,
        "3": 1,
        "4": 0,
        "5": 0,
        "6": 0,
        "7": 0,
        "8": 0,
        "9": 0
      },
      "class_density": {
        "0": 0.0,
        "1": 0.0,
        "2": 0.5,
        "3": 0.5,
        "4": 0.0,
        "5": 0.0,
        "6": 0.0,
        "7": 0.0,
        "8": 0.0,
        "9": 0.0
      },
      "entropy_nat": 0.6931
    },
    "2": {
      "n": 2,
      "class_counts": {
        "0": 0,
        "1": 0,
        "2": 2,
        "3": 0,
        "4": 0,
        "5": 0,
        "6": 0,
        "7": 0,
        "8": 0,
        "9": 0
      },
      "class_density": {
        "0": 0.0,
        "1": 0.0,
        "2": 1.0,
        "3": 0.0,
        "4": 0.0,
        "5": 0.0,
        "6": 0.0,
        "7": 0.0,
        "8": 0.0,
        "9": 0.0
      },
      "entropy_nat": -0.0
    },
    "3": {
      "n": 19,
      "class_counts": {
        "0": 0,
        "1": 0,
        "2": 7,
        "3": 7,
        "4": 0,
        "5": 0,
        "6": 0,
        "7": 2,
        "8": 3,
        "9": 0
      },
      "class_density": {
        "0": 0.0,
        "1": 0.0,
        "2": 0.3684210526315789,
        "3": 0.3684210526315789,
        "4": 0.0,
        "5": 0.0,
        "6": 0.0,
        "7": 0.10526315789473684,
        "8": 0.15789473684210525,
        "9": 0.0
      },
      "entropy_nat": 1.2642
    },
    "4": {
      "n": 1,
      "class_counts": {
        "0": 0,
        "1": 0,
        "2": 1,
        "3": 0,
        "4": 0,
        "5": 0,
        "6": 0,
        "7": 0,
        "8": 0,
        "9": 0
      },
      "class_density": {
        "0": 0.0,
        "1": 0.0,
        "2": 1.0,
        "3": 0.0,
        "4": 0.0,
        "5": 0.0,
        "6": 0.0,
        "7": 0.0,
        "8": 0.0,
        "9": 0.0
      },
      "entropy_nat": -0.0
    },
    "5": {
      "n": 0,
      "class_counts": {
        "0": 0,
        "1": 0,
        "2": 0,
        "3": 0,
        "4": 0,
        "5": 0,
        "6": 0,
        "7": 0,
        "8": 0,
        "9": 0
      },
      "class_density": {
        "0": 0.0,
        "1": 0.0,
        "2": 0.0,
        "3": 0.0,
        "4": 0.0,
        "5": 0.0,
        "6": 0.0,
        "7": 0.0,
        "8": 0.0,
        "9": 0.0
      },
      "entropy_nat": 0.0
    },
    "6": {
      "n": 26,
      "class_counts": {
        "0": 0,
        "1": 2,
        "2": 15,
        "3": 3,
        "4": 0,
        "5": 1,
        "6": 0,
        "7": 0,
        "8": 5,
        "9": 0
      },
      "class_density": {
        "0": 0.0,
        "1": 0.07692307692307693,
        "2": 0.5769230769230769,
        "3": 0.11538461538461539,
        "4": 0.0,
        "5": 0.038461538461538464,
        "6": 0.0,
        "7": 0.0,
        "8": 0.19230769230769232,
        "9": 0.0
      },
      "entropy_nat": 1.2062
    },
    "7": {
      "n": 228,
      "class_counts": {
        "0": 60,
        "1": 37,
        "2": 37,
        "3": 36,
        "4": 2,
        "5": 25,
        "6": 13,
        "7": 4,
        "8": 10,
        "9": 4
      },
      "class_density": {
        "0": 0.2631578947368421,
        "1": 0.16228070175438597,
        "2": 0.16228070175438597,
        "3": 0.15789473684210525,
        "4": 0.008771929824561403,
        "5": 0.10964912280701754,
        "6": 0.05701754385964912,
        "7": 0.017543859649122806,
        "8": 0.043859649122807015,
        "9": 0.017543859649122806
      },
      "entropy_nat": 1.9592
    },
    "8": {
      "n": 19,
      "class_counts": {
        "0": 0,
        "1": 0,
        "2": 3,
        "3": 4,
        "4": 2,
        "5": 7,
        "6": 1,
        "7": 0,
        "8": 0,
        "9": 2
      },
      "class_density": {
        "0": 0.0,
        "1": 0.0,
        "2": 0.15789473684210525,
        "3": 0.21052631578947367,
        "4": 0.10526315789473684,
        "5": 0.3684210526315789,
        "6": 0.05263157894736842,
        "7": 0.0,
        "8": 0.0,
        "9": 0.10526315789473684
      },
      "entropy_nat": 1.6163
    },
    "9": {
      "n": 0,
      "class_counts": {
        "0": 0,
        "1": 0,
        "2": 0,
        "3": 0,
        "4": 0,
        "5": 0,
        "6": 0,
        "7": 0,
        "8": 0,
        "9": 0
      },
      "class_density": {
        "0": 0.0,
        "1": 0.0,
        "2": 0.0,
        "3": 0.0,
        "4": 0.0,
        "5": 0.0,
        "6": 0.0,
        "7": 0.0,
        "8": 0.0,
        "9": 0.0
      },
      "entropy_nat": 0.0
    },
    "10": {
      "n": 24,
      "class_counts": {
        "0": 0,
        "1": 3,
        "2": 4,
        "3": 3,
        "4": 10,
        "5": 1,
        "6": 0,
        "7": 0,
        "8": 1,
        "9": 2
      },
      "class_density": {
        "0": 0.0,
        "1": 0.125,
        "2": 0.16666666666666666,
        "3": 0.125,
        "4": 0.4166666666666667,
        "5": 0.041666666666666664,
        "6": 0.0,
        "7": 0.0,
        "8": 0.041666666666666664,
        "9": 0.08333333333333333
      },
      "entropy_nat": 1.6552
    },
    "11": {
      "n": 0,
      "class_counts": {
        "0": 0,
        "1": 0,
        "2": 0,
        "3": 0,
        "4": 0,
        "5": 0,
        "6": 0,
        "7": 0,
        "8": 0,
        "9": 0
      },
      "class_density": {
        "0": 0.0,
        "1": 0.0,
        "2": 0.0,
        "3": 0.0,
        "4": 0.0,
        "5": 0.0,
        "6": 0.0,
        "7": 0.0,
        "8": 0.0,
        "9": 0.0
      },
      "entropy_nat": 0.0
    },
    "12": {
      "n": 3,
      "class_counts": {
        "0": 0,
        "1": 0,
        "2": 2,
        "3": 0,
        "4": 0,
        "5": 0,
        "6": 0,
        "7": 1,
        "8": 0,
        "9": 0
      },
      "class_density": {
        "0": 0.0,
        "1": 0.0,
        "2": 0.6666666666666666,
        "3": 0.0,
        "4": 0.0,
        "5": 0.0,
        "6": 0.0,
        "7": 0.3333333333333333,
        "8": 0.0,
        "9": 0.0
      },
      "entropy_nat": 0.6365
    },
    "13": {
      "n": 679,
      "class_counts": {
        "0": 97,
        "1": 89,
        "2": 36,
        "3": 36,
        "4": 86,
        "5": 63,
        "6": 18,
        "7": 83,
        "8": 61,
        "9": 110
      },
      "class_density": {
        "0": 0.14285714285714285,
        "1": 0.13107511045655376,
        "2": 0.053019145802650956,
        "3": 0.053019145802650956,
        "4": 0.12665684830633284,
        "5": 0.09278350515463918,
        "6": 0.026509572901325478,
        "7": 0.12223858615611193,
        "8": 0.0898379970544919,
        "9": 0.16200294550810015
      },
      "entropy_nat": 2.2026
    },
    "14": {
      "n": 0,
      "class_counts": {
        "0": 0,
        "1": 0,
        "2": 0,
        "3": 0,
        "4": 0,
        "5": 0,
        "6": 0,
        "7": 0,
        "8": 0,
        "9": 0
      },
      "class_density": {
        "0": 0.0,
        "1": 0.0,
        "2": 0.0,
        "3": 0.0,
        "4": 0.0,
        "5": 0.0,
        "6": 0.0,
        "7": 0.0,
        "8": 0.0,
        "9": 0.0
      },
      "entropy_nat": 0.0
    },
    "15": {
      "n": 79,
      "class_counts": {
        "0": 0,
        "1": 0,
        "2": 4,
        "3": 4,
        "4": 4,
        "5": 33,
        "6": 0,
        "7": 1,
        "8": 16,
        "9": 17
      },