{
  "best_epoch": 15,
  "best_macro_auc": 0.9622890000006716,
  "per_digit_best_auc": {
    "0": 0.9873838475482639,
    "1": 0.9981450641679928,
    "2": 0.9280163073293833,
    "3": 0.9646940448419401,
    "4": 0.956910462063934,
    "5": 0.9359473463427546,
    "6": 0.9867684079515834,
    "7": 0.971946149315198,
    "8": 0.9256737993484988,
    "9": 0.9674045710971688
  },
  "curvature": 1.0,
  "objective": "soft-boundary",
  "lambda_excl": 0.01,
  "margin_excl": 0.1,
  "lambda_overlap": 0.01,
  "margin_overlap": 0.05,
  "seed": 42,
  "deterministic": true
}