{
  "n_samples": 2000,
  "per_cluster": {
    "0": {
      "n": 30,
      "class_counts": {
        "0": 0,
        "1": 28,
        "2": 1,
        "3": 0,
        "4": 0,
        "5": 0,
        "6": 0,
        "7": 1,
        "8": 0,
        "9": 0
      },
      "class_density": {
        "0": 0.0,
        "1": 0.9333333333333333,
        "2": 0.03333333333333333,
        "3": 0.0,
        "4": 0.0,
        "5": 0.0,
        "6": 0.0,
        "7": 0.03333333333333333,
        "8": 0.0,
        "9": 0.0
      },
      "entropy_nat": 0.2911
    },
    "1": {
      "n": 0,
      "class_counts": {
        "0": 0,
        "1": 0,
        "2": 0,
        "3": 0,
        "4": 0,
        "5": 0,
        "6": 0,
        "7": 0,
        "8": 0,
        "9": 0
      },
      "class_density": {
        "0": 0.0,
        "1": 0.0,
        "2": 0.0,
        "3": 0.0,
        "4": 0.0,
        "5": 0.0,
        "6": 0.0,
        "7": 0.0,
        "8": 0.0,
        "9": 0.0
      },
      "entropy_nat": 0.0
    },
    "2": {
      "n": 0,
      "class_counts": {
        "0": 0,
        "1": 0,
        "2": 0,
        "3": 0,
        "4": 0,
        "5": 0,
        "6": 0,
        "7": 0,
        "8": 0,
        "9": 0
      },
      "class_density": {
        "0": 0.0,
        "1": 0.0,
        "2": 0.0,
        "3": 0.0,
        "4": 0.0,
        "5": 0.0,
        "6": 0.0,
        "7": 0.0,
        "8": 0.0,
        "9": 0.0
      },
      "entropy_nat": 0.0
    },
    "3": {
      "n": 36,
      "class_counts": {
        "0": 0,
        "1": 34,
        "2": 1,
        "3": 0,
        "4": 0,
        "5": 0,
        "6": 0,
        "7": 0,
        "8": 1,
        "9": 0
      },
      "class_density": {
        "0": 0.0,
        "1": 0.9444444444444444,
        "2": 0.027777777777777776,
        "3": 0.0,
        "4": 0.0,
        "5": 0.0,
        "6": 0.0,
        "7": 0.0,
        "8": 0.027777777777777776,
        "9": 0.0
      },
      "entropy_nat": 0.2531
    },
    "4": {
      "n": 0,
      "class_counts": {
        "0": 0,
        "1": 0,
        "2": 0,
        "3": 0,
        "4": 0,
        "5": 0,
        "6": 0,
        "7": 0,
        "8": 0,
        "9": 0
      },
      "class_density": {
        "0": 0.0,
        "1": 0.0,
        "2": 0.0,
        "3": 0.0,
        "4": 0.0,
        "5": 0.0,
        "6": 0.0,
        "7": 0.0,
        "8": 0.0,
        "9": 0.0
      },
      "entropy_nat": 0.0
    },
    "5": {
      "n": 0,
      "class_counts": {
        "0": 0,
        "1": 0,
        "2": 0,
        "3": 0,
        "4": 0,
        "5": 0,
        "6": 0,
        "7": 0,
        "8": 0,
        "9": 0
      },
      "class_density": {
        "0": 0.0,
        "1": 0.0,
        "2": 0.0,
        "3": 0.0,
        "4": 0.0,
        "5": 0.0,
        "6": 0.0,
        "7": 0.0,
        "8": 0.0,
        "9": 0.0
      },
      "entropy_nat": 0.0
    },
    "6": {
      "n": 207,
      "class_counts": {
        "0": 106,
        "1": 1,
        "2": 2,
        "3": 9,
        "4": 4,
        "5": 25,
        "6": 11,
        "7": 35,
        "8": 7,
        "9": 7
      },
      "class_density": {
        "0": 0.5120772946859904,
        "1": 0.004830917874396135,
        "2": 0.00966183574879227,
        "3": 0.043478260869565216,
        "4": 0.01932367149758454,
        "5": 0.12077294685990338,
        "6": 0.05314009661835749,
        "7": 0.16908212560386474,
        "8": 0.033816425120772944,
        "9": 0.033816425120772944
      },
      "entropy_nat": 1.5667
    },
    "7": {
      "n": 404,
      "class_counts": {
        "0": 4,
        "1": 75,
        "2": 20,
        "3": 22,
        "4": 25,
        "5": 8,
        "6": 152,
        "7": 90,
        "8": 3,
        "9": 5
      },
      "class_density": {
        "0": 0.009900990099009901,
        "1": 0.18564356435643564,
        "2": 0.04950495049504951,
        "3": 0.054455445544554455,
        "4": 0.06188118811881188,
        "5": 0.019801980198019802,
        "6": 0.37623762376237624,
        "7": 0.22277227722772278,
        "8": 0.007425742574257425,
        "9": 0.012376237623762377
      },
      "entropy_nat": 1.7085
    },
    "8": {
      "n": 0,
      "class_counts": {
        "0": 0,
        "1": 0,
        "2": 0,
        "3": 0,
        "4": 0,
        "5": 0,
        "6": 0,
        "7": 0,
        "8": 0,
        "9": 0
      },
      "class_density": {
        "0": 0.0,
        "1": 0.0,
        "2": 0.0,
        "3": 0.0,
        "4": 0.0,
        "5": 0.0,
        "6": 0.0,
        "7": 0.0,
        "8": 0.0,
        "9": 0.0
      },
      "entropy_nat": 0.0
    },
    "9": {
      "n": 0,
      "class_counts": {
        "0": 0,
        "1": 0,
        "2": 0,
        "3": 0,
        "4": 0,
        "5": 0,
        "6": 0,
        "7": 0,
        "8": 0,
        "9": 0
      },
      "class_density": {
        "0": 0.0,
        "1": 0.0,
        "2": 0.0,
        "3": 0.0,
        "4": 0.0,
        "5": 0.0,
        "6": 0.0,
        "7": 0.0,
        "8": 0.0,
        "9": 0.0
      },
      "entropy_nat": 0.0
    },
    "10": {
      "n": 18,
      "class_counts": {
        "0": 0,
        "1": 0,
        "2": 5,
        "3": 5,
        "4": 2,
        "5": 1,
        "6": 0,
        "7": 0,
        "8": 2,
        "9": 3
      },
      "class_density": {
        "0": 0.0,
        "1": 0.0,
        "2": 0.2777777777777778,
        "3": 0.2777777777777778,
        "4": 0.1111111111111111,
        "5": 0.05555555555555555,
        "6": 0.0,
        "7": 0.0,
        "8": 0.1111111111111111,
        "9": 0.16666666666666666
      },
      "entropy_nat": 1.6591
    },
    "11": {
      "n": 251,
      "class_counts": {
        "0": 3,
        "1": 14,
        "2": 76,
        "3": 65,
        "4": 7,
        "5": 43,
        "6": 11,
        "7": 5,
        "8": 24,
        "9": 3
      },
      "class_density": {
        "0": 0.01195219123505976,
        "1": 0.055776892430278883,
        "2": 0.30278884462151395,
        "3": 0.2589641434262948,
        "4": 0.027888446215139442,
        "5": 0.17131474103585656,
        "6": 0.043824701195219126,
        "7": 0.0199203187250996,
        "8": 0.09561752988047809,
        "9": 0.01195219123505976
      },
      "entropy_nat": 1.82
    },
    "12": {
      "n": 29,
      "class_counts": {
        "0": 0,
        "1": 23,
        "2": 0,
        "3": 0,
        "4": 1,
        "5": 5,
        "6": 0,
        "7": 0,
        "8": 0,
        "9": 0
      },
      "class_density": {
        "0": 0.0,
        "1": 0.7931034482758621,
        "2": 0.0,
        "3": 0.0,
        "4": 0.034482758620689655,
        "5": 0.1724137931034483,
        "6": 0.0,
        "7": 0.0,
        "8": 0.0,
        "9": 0.0
      },
      "entropy_nat": 0.603
    },
    "13": {
      "n": 1,
      "class_counts": {
        "0": 0,
        "1": 0,
        "2": 0,
        "3": 1,
        "4": 0,
        "5": 0,
        "6": 0,
        "7": 0,
        "8": 0,
        "9": 0
      },
      "class_density": {
        "0": 0.0,
        "1": 0.0,
        "2": 0.0,
        "3": 1.0,
        "4": 0.0,
        "5": 0.0,
        "6": 0.0,
        "7": 0.0,
        "8": 0.0,
        "9": 0.0
      },
      "entropy_nat": -0.0
    },
    "14": {
      "n": 199,
      "class_counts": {
        "0": 3,
        "1": 0,
        "2": 10,
        "3": 9,
        "4": 66,
        "5": 27,
        "6": 0,
        "7": 10,
        "8": 56,
        "9": 18
      },
      "class_density": {
        "0": 0.01507537688442211,
        "1": 0.0,
        "2": 0.05025125628140704,
        "3": 0.04522613065326633,
        "4": 0.3316582914572864,
        "5": 0.135678391959799,
        "6": 0.0,
        "7": 0.05025125628140704,
        "8": 0.2814070351758794,
        "9": 0.09045226130653267
      },
      "entropy_nat": 1.715
    },
    "15": {
      "n": 1,
      "class_counts": {
        "0": 0,
        "1": 1,
        "2": 0,
        "3": 0,