{
  "n_samples": 2000,
  "per_cluster": {
    "0": {
      "n": 13,
      "class_counts": {
        "0": 0,
        "1": 3,
        "2": 0,
        "3": 0,
        "4": 5,
        "5": 2,
        "6": 0,
        "7": 0,
        "8": 3,
        "9": 0
      },
      "class_density": {
        "0": 0.0,
        "1": 0.23076923076923078,
        "2": 0.0,
        "3": 0.0,
        "4": 0.38461538461538464,
        "5": 0.15384615384615385,
        "6": 0.0,
        "7": 0.0,
        "8": 0.23076923076923078,
        "9": 0.0
      },
      "entropy_nat": 1.3322
    },
    "1": {
      "n": 20,
      "class_counts": {
        "0": 0,
        "1": 18,
        "2": 0,
        "3": 0,
        "4": 0,
        "5": 1,
        "6": 0,
        "7": 0,
        "8": 1,
        "9": 0
      },
      "class_density": {
        "0": 0.0,
        "1": 0.9,
        "2": 0.0,
        "3": 0.0,
        "4": 0.0,
        "5": 0.05,
        "6": 0.0,
        "7": 0.0,
        "8": 0.05,
        "9": 0.0
      },
      "entropy_nat": 0.3944
    },
    "2": {
      "n": 0,
      "class_counts": {
        "0": 0,
        "1": 0,
        "2": 0,
        "3": 0,
        "4": 0,
        "5": 0,
        "6": 0,
        "7": 0,
        "8": 0,
        "9": 0
      },
      "class_density": {
        "0": 0.0,
        "1": 0.0,
        "2": 0.0,
        "3": 0.0,
        "4": 0.0,
        "5": 0.0,
        "6": 0.0,
        "7": 0.0,
        "8": 0.0,
        "9": 0.0
      },
      "entropy_nat": 0.0
    },
    "3": {
      "n": 124,
      "class_counts": {
        "0": 0,
        "1": 8,
        "2": 1,
        "3": 0,
        "4": 41,
        "5": 50,
        "6": 15,
        "7": 1,
        "8": 7,
        "9": 1
      },
      "class_density": {
        "0": 0.0,
        "1": 0.06451612903225806,
        "2": 0.008064516129032258,
        "3": 0.0,
        "4": 0.33064516129032256,
        "5": 0.4032258064516129,
        "6": 0.12096774193548387,
        "7": 0.008064516129032258,
        "8": 0.056451612903225805,
        "9": 0.008064516129032258
      },
      "entropy_nat": 1.4434
    },
    "4": {
      "n": 0,
      "class_counts": {
        "0": 0,
        "1": 0,
        "2": 0,
        "3": 0,
        "4": 0,
        "5": 0,
        "6": 0,
        "7": 0,
        "8": 0,
        "9": 0
      },
      "class_density": {
        "0": 0.0,
        "1": 0.0,
        "2": 0.0,
        "3": 0.0,
        "4": 0.0,
        "5": 0.0,
        "6": 0.0,
        "7": 0.0,
        "8": 0.0,
        "9": 0.0
      },
      "entropy_nat": 0.0
    },
    "5": {
      "n": 4,
      "class_counts": {
        "0": 0,
        "1": 4,
        "2": 0,
        "3": 0,
        "4": 0,
        "5": 0,
        "6": 0,
        "7": 0,
        "8": 0,
        "9": 0
      },
      "class_density": {
        "0": 0.0,
        "1": 1.0,
        "2": 0.0,
        "3": 0.0,
        "4": 0.0,
        "5": 0.0,
        "6": 0.0,
        "7": 0.0,
        "8": 0.0,
        "9": 0.0
      },
      "entropy_nat": -0.0
    },
    "6": {
      "n": 6,
      "class_counts": {
        "0": 0,
        "1": 6,
        "2": 0,
        "3": 0,
        "4": 0,
        "5": 0,
        "6": 0,
        "7": 0,
        "8": 0,
        "9": 0
      },
      "class_density": {
        "0": 0.0,
        "1": 1.0,
        "2": 0.0,
        "3": 0.0,
        "4": 0.0,
        "5": 0.0,
        "6": 0.0,
        "7": 0.0,
        "8": 0.0,
        "9": 0.0
      },
      "entropy_nat": -0.0
    },
    "7": {
      "n": 12,
      "class_counts": {
        "0": 0,
        "1": 11,
        "2": 0,
        "3": 1,
        "4": 0,
        "5": 0,
        "6": 0,
        "7": 0,
        "8": 0,
        "9": 0
      },
      "class_density": {
        "0": 0.0,
        "1": 0.9166666666666666,
        "2": 0.0,
        "3": 0.08333333333333333,
        "4": 0.0,
        "5": 0.0,
        "6": 0.0,
        "7": 0.0,
        "8": 0.0,
        "9": 0.0
      },
      "entropy_nat": 0.2868
    },
    "8": {
      "n": 0,
      "class_counts": {
        "0": 0,
        "1": 0,
        "2": 0,
        "3": 0,
        "4": 0,
        "5": 0,
        "6": 0,
        "7": 0,
        "8": 0,
        "9": 0
      },
      "class_density": {
        "0": 0.0,
        "1": 0.0,
        "2": 0.0,
        "3": 0.0,
        "4": 0.0,
        "5": 0.0,
        "6": 0.0,
        "7": 0.0,
        "8": 0.0,
        "9": 0.0
      },
      "entropy_nat": 0.0
    },
    "9": {
      "n": 57,
      "class_counts": {
        "0": 3,
        "1": 29,
        "2": 10,
        "3": 4,
        "4": 0,
        "5": 2,
        "6": 0,
        "7": 1,
        "8": 8,
        "9": 0
      },
      "class_density": {
        "0": 0.05263157894736842,
        "1": 0.5087719298245614,
        "2": 0.17543859649122806,
        "3": 0.07017543859649122,
        "4": 0.0,
        "5": 0.03508771929824561,
        "6": 0.0,
        "7": 0.017543859649122806,
        "8": 0.14035087719298245,
        "9": 0.0
      },
      "entropy_nat": 1.4546
    },
    "10": {
      "n": 5,
      "class_counts": {
        "0": 0,
        "1": 5,
        "2": 0,
        "3": 0,
        "4": 0,
        "5": 0,
        "6": 0,
        "7": 0,
        "8": 0,
        "9": 0
      },
      "class_density": {
        "0": 0.0,
        "1": 1.0,
        "2": 0.0,
        "3": 0.0,
        "4": 0.0,
        "5": 0.0,
        "6": 0.0,
        "7": 0.0,
        "8": 0.0,
        "9": 0.0
      },
      "entropy_nat": -0.0
    },
    "11": {
      "n": 6,
      "class_counts": {
        "0": 0,
        "1": 6,
        "2": 0,
        "3": 0,
        "4": 0,
        "5": 0,
        "6": 0,
        "7": 0,
        "8": 0,
        "9": 0
      },
      "class_density": {
        "0": 0.0,
        "1": 1.0,
        "2": 0.0,
        "3": 0.0,
        "4": 0.0,
        "5": 0.0,
        "6": 0.0,
        "7": 0.0,
        "8": 0.0,
        "9": 0.0
      },
      "entropy_nat": -0.0
    },
    "12": {
      "n": 0,
      "class_counts": {
        "0": 0,
        "1": 0,
        "2": 0,
        "3": 0,
        "4": 0,
        "5": 0,
        "6": 0,
        "7": 0,
        "8": 0,
        "9": 0
      },
      "class_density": {
        "0": 0.0,
        "1": 0.0,
        "2": 0.0,
        "3": 0.0,
        "4": 0.0,
        "5": 0.0,
        "6": 0.0,
        "7": 0.0,
        "8": 0.0,
        "9": 0.0
      },
      "entropy_nat": 0.0
    },
    "13": {
      "n": 0,
      "class_counts": {
        "0": 0,
        "1": 0,
        "2": 0,
        "3": 0,
        "4": 0,
        "5": 0,
        "6": 0,
        "7": 0,
        "8": 0,
        "9": 0
      },
      "class_density": {
        "0": 0.0,
        "1": 0.0,
        "2": 0.0,
        "3": 0.0,
        "4": 0.0,
        "5": 0.0,
        "6": 0.0,
        "7": 0.0,
        "8": 0.0,
        "9": 0.0
      },
      "entropy_nat": 0.0
    },
    "14": {
      "n": 486,
      "class_counts": {
        "0": 27,
        "1": 14,
        "2": 80,
        "3": 96,
        "4": 52,
        "5": 70,
        "6": 11,
        "7": 14,
        "8": 93,
        "9": 29
      },
      "class_density": {
        "0": 0.05555555555555555,
        "1": 0.02880658436213992,
        "2": 0.1646090534979424,
        "3": 0.19753086419753085,
        "4": 0.10699588477366255,
        "5": 0.1440329218106996,
        "6": 0.02263374485596708,
        "7": 0.02880658436213992,
        "8": 0.19135802469135801,
        "9": 0.059670781893004114
      },
      "entropy_nat": 2.0709
    },
    "15": {
      "n": 848,
      "class_counts": {
        "0": 157,
        "1": 22,
        "2": 58,
        "3": 73,
        "4": 66,
        "5": 64,
        "6": 128,
        "7": 119,
        "8": 49,
        "9": 112
      },
      "class_density": {
        "0": 0.18514150943396226,
        "1": 0.025943396226415096,
        "2": 0.06839622641509434,
        "3": 0.08608490566037735,
        "4": 0.07783018867924528,
        "5": 0.07547169811320754,