{
  "n_samples": 2000,
  "per_cluster": {
    "0": {
      "n": 20,
      "class_counts": {
        "0": 0,
        "1": 18,
        "2": 1,
        "3": 0,
        "4": 0,
        "5": 0,
        "6": 0,
        "7": 0,
        "8": 1,
        "9": 0
      },
      "class_density": {
        "0": 0.0,
        "1": 0.9,
        "2": 0.05,
        "3": 0.0,
        "4": 0.0,
        "5": 0.0,
        "6": 0.0,
        "7": 0.0,
        "8": 0.05,
        "9": 0.0
      },
      "entropy_nat": 0.3944
    },
    "1": {
      "n": 52,
      "class_counts": {
        "0": 8,
        "1": 0,
        "2": 3,
        "3": 9,
        "4": 6,
        "5": 6,
        "6": 0,
        "7": 1,
        "8": 14,
        "9": 5
      },
      "class_density": {
        "0": 0.15384615384615385,
        "1": 0.0,
        "2": 0.057692307692307696,
        "3": 0.17307692307692307,
        "4": 0.11538461538461539,
        "5": 0.11538461538461539,
        "6": 0.0,
        "7": 0.019230769230769232,
        "8": 0.2692307692307692,
        "9": 0.09615384615384616
      },
      "entropy_nat": 1.9089
    },
    "2": {
      "n": 4,
      "class_counts": {
        "0": 0,
        "1": 4,
        "2": 0,
        "3": 0,
        "4": 0,
        "5": 0,
        "6": 0,
        "7": 0,
        "8": 0,
        "9": 0
      },
      "class_density": {
        "0": 0.0,
        "1": 1.0,
        "2": 0.0,
        "3": 0.0,
        "4": 0.0,
        "5": 0.0,
        "6": 0.0,
        "7": 0.0,
        "8": 0.0,
        "9": 0.0
      },
      "entropy_nat": -0.0
    },
    "3": {
      "n": 0,
      "class_counts": {
        "0": 0,
        "1": 0,
        "2": 0,
        "3": 0,
        "4": 0,
        "5": 0,
        "6": 0,
        "7": 0,
        "8": 0,
        "9": 0
      },
      "class_density": {
        "0": 0.0,
        "1": 0.0,
        "2": 0.0,
        "3": 0.0,
        "4": 0.0,
        "5": 0.0,
        "6": 0.0,
        "7": 0.0,
        "8": 0.0,
        "9": 0.0
      },
      "entropy_nat": 0.0
    },
    "4": {
      "n": 0,
      "class_counts": {
        "0": 0,
        "1": 0,
        "2": 0,
        "3": 0,
        "4": 0,
        "5": 0,
        "6": 0,
        "7": 0,
        "8": 0,
        "9": 0
      },
      "class_density": {
        "0": 0.0,
        "1": 0.0,
        "2": 0.0,
        "3": 0.0,
        "4": 0.0,
        "5": 0.0,
        "6": 0.0,
        "7": 0.0,
        "8": 0.0,
        "9": 0.0
      },
      "entropy_nat": 0.0
    },
    "5": {
      "n": 0,
      "class_counts": {
        "0": 0,
        "1": 0,
        "2": 0,
        "3": 0,
        "4": 0,
        "5": 0,
        "6": 0,
        "7": 0,
        "8": 0,
        "9": 0
      },
      "class_density": {
        "0": 0.0,
        "1": 0.0,
        "2": 0.0,
        "3": 0.0,
        "4": 0.0,
        "5": 0.0,
        "6": 0.0,
        "7": 0.0,
        "8": 0.0,
        "9": 0.0
      },
      "entropy_nat": 0.0
    },
    "6": {
      "n": 664,
      "class_counts": {
        "0": 16,
        "1": 38,
        "2": 151,
        "3": 127,
        "4": 46,
        "5": 56,
        "6": 115,
        "7": 50,
        "8": 37,
        "9": 28
      },
      "class_density": {
        "0": 0.024096385542168676,
        "1": 0.0572289156626506,
        "2": 0.22740963855421686,
        "3": 0.19126506024096385,
        "4": 0.06927710843373494,
        "5": 0.08433734939759036,
        "6": 0.17319277108433734,
        "7": 0.07530120481927711,
        "8": 0.05572289156626506,
        "9": 0.04216867469879518
      },
      "entropy_nat": 2.093
    },
    "7": {
      "n": 120,
      "class_counts": {
        "0": 33,
        "1": 1,
        "2": 9,
        "3": 9,
        "4": 0,
        "5": 30,
        "6": 8,
        "7": 24,
        "8": 3,
        "9": 3
      },
      "class_density": {
        "0": 0.275,
        "1": 0.008333333333333333,
        "2": 0.075,
        "3": 0.075,
        "4": 0.0,
        "5": 0.25,
        "6": 0.06666666666666667,
        "7": 0.2,
        "8": 0.025,
        "9": 0.025
      },
      "entropy_nat": 1.8169
    },
    "8": {
      "n": 198,
      "class_counts": {
        "0": 3,
        "1": 86,
        "2": 20,
        "3": 9,
        "4": 8,
        "5": 2,
        "6": 30,
        "7": 39,
        "8": 1,
        "9": 0
      },
      "class_density": {
        "0": 0.015151515151515152,
        "1": 0.43434343434343436,
        "2": 0.10101010101010101,
        "3": 0.045454545454545456,
        "4": 0.04040404040404041,
        "5": 0.010101010101010102,
        "6": 0.15151515151515152,
        "7": 0.19696969696969696,
        "8": 0.005050505050505051,
        "9": 0.0
      },
      "entropy_nat": 1.6065
    },
    "9": {
      "n": 0,
      "class_counts": {
        "0": 0,
        "1": 0,
        "2": 0,
        "3": 0,
        "4": 0,
        "5": 0,
        "6": 0,
        "7": 0,
        "8": 0,
        "9": 0
      },
      "class_density": {
        "0": 0.0,
        "1": 0.0,
        "2": 0.0,
        "3": 0.0,
        "4": 0.0,
        "5": 0.0,
        "6": 0.0,
        "7": 0.0,
        "8": 0.0,
        "9": 0.0
      },
      "entropy_nat": 0.0
    },
    "10": {
      "n": 0,
      "class_counts": {
        "0": 0,
        "1": 0,
        "2": 0,
        "3": 0,
        "4": 0,
        "5": 0,
        "6": 0,
        "7": 0,
        "8": 0,
        "9": 0
      },
      "class_density": {
        "0": 0.0,
        "1": 0.0,
        "2": 0.0,
        "3": 0.0,
        "4": 0.0,
        "5": 0.0,
        "6": 0.0,
        "7": 0.0,
        "8": 0.0,
        "9": 0.0
      },
      "entropy_nat": 0.0
    },
    "11": {
      "n": 0,
      "class_counts": {
        "0": 0,
        "1": 0,
        "2": 0,
        "3": 0,
        "4": 0,
        "5": 0,
        "6": 0,
        "7": 0,
        "8": 0,
        "9": 0
      },
      "class_density": {
        "0": 0.0,
        "1": 0.0,
        "2": 0.0,
        "3": 0.0,
        "4": 0.0,
        "5": 0.0,
        "6": 0.0,
        "7": 0.0,
        "8": 0.0,
        "9": 0.0
      },
      "entropy_nat": 0.0
    },
    "12": {
      "n": 0,
      "class_counts": {
        "0": 0,
        "1": 0,
        "2": 0,
        "3": 0,
        "4": 0,
        "5": 0,
        "6": 0,
        "7": 0,
        "8": 0,
        "9": 0
      },
      "class_density": {
        "0": 0.0,
        "1": 0.0,
        "2": 0.0,
        "3": 0.0,
        "4": 0.0,
        "5": 0.0,
        "6": 0.0,
        "7": 0.0,
        "8": 0.0,
        "9": 0.0
      },
      "entropy_nat": 0.0
    },
    "13": {
      "n": 46,
      "class_counts": {
        "0": 24,
        "1": 0,
        "2": 0,
        "3": 1,
        "4": 0,
        "5": 0,
        "6": 10,
        "7": 6,
        "8": 3,
        "9": 2
      },
      "class_density": {
        "0": 0.5217391304347826,
        "1": 0.0,
        "2": 0.0,
        "3": 0.021739130434782608,
        "4": 0.0,
        "5": 0.0,
        "6": 0.21739130434782608,
        "7": 0.13043478260869565,
        "8": 0.06521739130434782,
        "9": 0.043478260869565216
      },
      "entropy_nat": 1.3345
    },
    "14": {
      "n": 0,
      "class_counts": {
        "0": 0,
        "1": 0,
        "2": 0,
        "3": 0,
        "4": 0,
        "5": 0,
        "6": 0,
        "7": 0,
        "8": 0,
        "9": 0
      },
      "class_density": {
        "0": 0.0,
        "1": 0.0,
        "2": 0.0,
        "3": 0.0,
        "4": 0.0,
        "5": 0.0,
        "6": 0.0,
        "7": 0.0,
        "8": 0.0,
        "9": 0.0
      },
      "entropy_nat": 0.0
    },
    "15": {
      "n": 14,
      "class_counts": {
        "0": 0,
        "1": 14,
        "2": 0,
        "3": 0,
        "4": 0,
        "5": 0,
        "6": 0,
        "7": 0,
        "8": 0,
        "9": 0
      },
      "class_density": {
        "0": 0.0,
        "1": 1.0,
        "2": 0.0,
        "3": 0.0,
        "4": 0.0,
        "5": 0.0,
        "6": 0.0,
        "7": 0.0,