{
  "best_epoch": 15,
  "best_macro_auc": 0.9217983035762858,
  "per_digit_best_auc": {
    "0": 0.9801675957668253,
    "1": 0.9980929548651067,
    "2": 0.8071165870326523,
    "3": 0.9500193666000927,
    "4": 0.8607267181755418,
    "5": 0.8430743736475781,
    "6": 0.9805743719646514,
    "7": 0.9667443292479284,
    "8": 0.8729943787999648,
    "9": 0.9584723596625165
  },
  "curvature": 1.0,
  "objective": "soft-boundary",
  "lambda_excl": 0.01,
  "margin_excl": 0.1,
  "lambda_overlap": 0.01,
  "margin_overlap": 0.05
}