{
  "n_samples": 2000,
  "per_cluster": {
    "0": {
      "n": 326,
      "class_counts": {
        "0": 19,
        "1": 3,
        "2": 22,
        "3": 26,
        "4": 35,
        "5": 5,
        "6": 1,
        "7": 100,
        "8": 38,
        "9": 77
      },
      "class_density": {
        "0": 0.05828220858895705,
        "1": 0.009202453987730062,
        "2": 0.06748466257668712,
        "3": 0.07975460122699386,
        "4": 0.10736196319018405,
        "5": 0.015337423312883436,
        "6": 0.003067484662576687,
        "7": 0.3067484662576687,
        "8": 0.1165644171779141,
        "9": 0.2361963190184049
      },
      "entropy_nat": 1.8677
    },
    "1": {
      "n": 0,
      "class_counts": {
        "0": 0,
        "1": 0,
        "2": 0,
        "3": 0,
        "4": 0,
        "5": 0,
        "6": 0,
        "7": 0,
        "8": 0,
        "9": 0
      },
      "class_density": {
        "0": 0.0,
        "1": 0.0,
        "2": 0.0,
        "3": 0.0,
        "4": 0.0,
        "5": 0.0,
        "6": 0.0,
        "7": 0.0,
        "8": 0.0,
        "9": 0.0
      },
      "entropy_nat": 0.0
    },
    "2": {
      "n": 0,
      "class_counts": {
        "0": 0,
        "1": 0,
        "2": 0,
        "3": 0,
        "4": 0,
        "5": 0,
        "6": 0,
        "7": 0,
        "8": 0,
        "9": 0
      },
      "class_density": {
        "0": 0.0,
        "1": 0.0,
        "2": 0.0,
        "3": 0.0,
        "4": 0.0,
        "5": 0.0,
        "6": 0.0,
        "7": 0.0,
        "8": 0.0,
        "9": 0.0
      },
      "entropy_nat": 0.0
    },
    "3": {
      "n": 40,
      "class_counts": {
        "0": 0,
        "1": 31,
        "2": 1,
        "3": 2,
        "4": 0,
        "5": 0,
        "6": 6,
        "7": 0,
        "8": 0,
        "9": 0
      },
      "class_density": {
        "0": 0.0,
        "1": 0.775,
        "2": 0.025,
        "3": 0.05,
        "4": 0.0,
        "5": 0.0,
        "6": 0.15,
        "7": 0.0,
        "8": 0.0,
        "9": 0.0
      },
      "entropy_nat": 0.7241
    },
    "4": {
      "n": 0,
      "class_counts": {
        "0": 0,
        "1": 0,
        "2": 0,
        "3": 0,
        "4": 0,
        "5": 0,
        "6": 0,
        "7": 0,
        "8": 0,
        "9": 0
      },
      "class_density": {
        "0": 0.0,
        "1": 0.0,
        "2": 0.0,
        "3": 0.0,
        "4": 0.0,
        "5": 0.0,
        "6": 0.0,
        "7": 0.0,
        "8": 0.0,
        "9": 0.0
      },
      "entropy_nat": 0.0
    },
    "5": {
      "n": 0,
      "class_counts": {
        "0": 0,
        "1": 0,
        "2": 0,
        "3": 0,
        "4": 0,
        "5": 0,
        "6": 0,
        "7": 0,
        "8": 0,
        "9": 0
      },
      "class_density": {
        "0": 0.0,
        "1": 0.0,
        "2": 0.0,
        "3": 0.0,
        "4": 0.0,
        "5": 0.0,
        "6": 0.0,
        "7": 0.0,
        "8": 0.0,
        "9": 0.0
      },
      "entropy_nat": 0.0
    },
    "6": {
      "n": 0,
      "class_counts": {
        "0": 0,
        "1": 0,
        "2": 0,
        "3": 0,
        "4": 0,
        "5": 0,
        "6": 0,
        "7": 0,
        "8": 0,
        "9": 0
      },
      "class_density": {
        "0": 0.0,
        "1": 0.0,
        "2": 0.0,
        "3": 0.0,
        "4": 0.0,
        "5": 0.0,
        "6": 0.0,
        "7": 0.0,
        "8": 0.0,
        "9": 0.0
      },
      "entropy_nat": 0.0
    },
    "7": {
      "n": 0,
      "class_counts": {
        "0": 0,
        "1": 0,
        "2": 0,
        "3": 0,
        "4": 0,
        "5": 0,
        "6": 0,
        "7": 0,
        "8": 0,
        "9": 0
      },
      "class_density": {
        "0": 0.0,
        "1": 0.0,
        "2": 0.0,
        "3": 0.0,
        "4": 0.0,
        "5": 0.0,
        "6": 0.0,
        "7": 0.0,
        "8": 0.0,
        "9": 0.0
      },
      "entropy_nat": 0.0
    },
    "8": {
      "n": 83,
      "class_counts": {
        "0": 0,
        "1": 62,
        "2": 7,
        "3": 2,
        "4": 1,
        "5": 7,
        "6": 0,
        "7": 2,
        "8": 2,
        "9": 0
      },
      "class_density": {
        "0": 0.0,
        "1": 0.7469879518072289,
        "2": 0.08433734939759036,
        "3": 0.024096385542168676,
        "4": 0.012048192771084338,
        "5": 0.08433734939759036,
        "6": 0.0,
        "7": 0.024096385542168676,
        "8": 0.024096385542168676,
        "9": 0.0
      },
      "entropy_nat": 0.9576
    },
    "9": {
      "n": 0,
      "class_counts": {
        "0": 0,
        "1": 0,
        "2": 0,
        "3": 0,
        "4": 0,
        "5": 0,
        "6": 0,
        "7": 0,
        "8": 0,
        "9": 0
      },
      "class_density": {
        "0": 0.0,
        "1": 0.0,
        "2": 0.0,
        "3": 0.0,
        "4": 0.0,
        "5": 0.0,
        "6": 0.0,
        "7": 0.0,
        "8": 0.0,
        "9": 0.0
      },
      "entropy_nat": 0.0
    },
    "10": {
      "n": 0,
      "class_counts": {
        "0": 0,
        "1": 0,
        "2": 0,
        "3": 0,
        "4": 0,
        "5": 0,
        "6": 0,
        "7": 0,
        "8": 0,
        "9": 0
      },
      "class_density": {
        "0": 0.0,
        "1": 0.0,
        "2": 0.0,
        "3": 0.0,
        "4": 0.0,
        "5": 0.0,
        "6": 0.0,
        "7": 0.0,
        "8": 0.0,
        "9": 0.0
      },
      "entropy_nat": 0.0
    },
    "11": {
      "n": 0,
      "class_counts": {
        "0": 0,
        "1": 0,
        "2": 0,
        "3": 0,
        "4": 0,
        "5": 0,
        "6": 0,
        "7": 0,
        "8": 0,
        "9": 0
      },
      "class_density": {
        "0": 0.0,
        "1": 0.0,
        "2": 0.0,
        "3": 0.0,
        "4": 0.0,
        "5": 0.0,
        "6": 0.0,
        "7": 0.0,
        "8": 0.0,
        "9": 0.0
      },
      "entropy_nat": 0.0
    },
    "12": {
      "n": 212,
      "class_counts": {
        "0": 74,
        "1": 23,
        "2": 59,
        "3": 15,
        "4": 3,
        "5": 6,
        "6": 25,
        "7": 2,
        "8": 5,
        "9": 0
      },
      "class_density": {
        "0": 0.3490566037735849,
        "1": 0.10849056603773585,
        "2": 0.2783018867924528,
        "3": 0.07075471698113207,
        "4": 0.014150943396226415,
        "5": 0.02830188679245283,
        "6": 0.1179245283018868,
        "7": 0.009433962264150943,
        "8": 0.02358490566037736,
        "9": 0.0
      },
      "entropy_nat": 1.6973
    },
    "13": {
      "n": 0,
      "class_counts": {
        "0": 0,
        "1": 0,
        "2": 0,
        "3": 0,
        "4": 0,
        "5": 0,
        "6": 0,
        "7": 0,
        "8": 0,
        "9": 0
      },
      "class_density": {
        "0": 0.0,
        "1": 0.0,
        "2": 0.0,
        "3": 0.0,
        "4": 0.0,
        "5": 0.0,
        "6": 0.0,
        "7": 0.0,
        "8": 0.0,
        "9": 0.0
      },
      "entropy_nat": 0.0
    },
    "14": {
      "n": 748,
      "class_counts": {
        "0": 78,
        "1": 18,
        "2": 57,
        "3": 72,
        "4": 134,
        "5": 155,
        "6": 50,
        "7": 10,
        "8": 100,
        "9": 74
      },
      "class_density": {
        "0": 0.10427807486631016,
        "1": 0.02406417112299465,
        "2": 0.07620320855614973,
        "3": 0.0962566844919786,
        "4": 0.17914438502673796,
        "5": 0.2072192513368984,
        "6": 0.06684491978609626,
        "7": 0.013368983957219251,
        "8": 0.13368983957219252,
        "9": 0.09893048128342247
      },
      "entropy_nat": 2.1175
    },
    "15": {
      "n": 2,
      "class_counts": {
        "0": 0,
        "1": 2,
        "2": 0,
        "3": 0,
        "4": 0,
        "5": 0,
        "6": 0,
        "7": 0,
        "8": 0,
        "9": 0
      },
      "class_density": {
        "0": 0.0,
        "1": 1.0,
        "2": 0.0,
        "3": 0.0,
        "4": 0.0,
        "5": 0.0,
        "6": 0.0,
        "7": 0.0,