{
  "version": 2,
  "best_epoch": 10,
  "best_macro_auc": 0.503183876437251,
  "per_digit_best_auc": {
    "0": 0.5113541513161364,
    "1": 0.3419685717938882,
    "2": 0.4908149324410543,
    "3": 0.5480527561131094,
    "4": 0.49011710356657184,
    "5": 0.6204600529255547,
    "6": 0.3645027556872848,
    "7": 0.44037233904074347,
    "8": 0.6107852686051907,
    "9": 0.6134108328829765
  },
  "macro_auc_test_pruned_active_spheres": 0.5031214629239985,
  "per_digit_auc_test_pruned_active_spheres": {
    "0": 0.5136735070456553,
    "1": 0.3444464135021097,
    "2": 0.49307147211864283,
    "3": 0.5503857817816336,
    "4": 0.4843334544671237,
    "5": 0.6200040373667648,
    "6": 0.3639596023998461,
    "7": 0.4421489096940086,
    "8": 0.6116691271087444,
    "9": 0.6075223237554561
  },
  "curvature": 1.0,
  "objective": "union-soft",
  "unsupervised": true,
  "ae_checkpoint": "/home/josepcec/Downloads/OASPL/svDD/samplesvdd/hySpCheck/runs/ablate_mnist_full_t2_ae150/ae_stage1_ep150.pth",
  "prune": {
    "train_argmin_counts": [
      1139,
      48105,
      2458,
      975,
      892,
      126,
      777,
      22,
      43,
      1508
    ],
    "silhouette_mean_per_cluster_euclidean_z": {
      "0": 0.9594353437423706,
      "1": 0.9672349095344543,
      "2": 0.9494664072990417,
      "3": 0.9585726261138916,
      "4": 0.9348885416984558,
      "5": 0.9082480669021606,
      "6": 0.9579885601997375,
      "7": 0.0,
      "8": null,
      "9": 0.9671347141265869
    },
    "active_cluster_mask": [
      true,
      true,
      true,
      true,
      true,
      false,
      true,
      false,
      false,
      true
    ]
  },
  "union_test_metrics_active_spheres": {
    "union_frac_inside": 0.9439627373701183,
    "union_margin_mean": -8.635973930358887,
    "union_margin_std": 5.134862422943115
  }
}