{
  "n_samples": 2000,
  "per_cluster": {
    "0": {
      "n": 44,
      "class_counts": {
        "0": 0,
        "1": 44,
        "2": 0,
        "3": 0,
        "4": 0,
        "5": 0,
        "6": 0,
        "7": 0,
        "8": 0,
        "9": 0
      },
      "class_density": {
        "0": 0.0,
        "1": 1.0,
        "2": 0.0,
        "3": 0.0,
        "4": 0.0,
        "5": 0.0,
        "6": 0.0,
        "7": 0.0,
        "8": 0.0,
        "9": 0.0
      },
      "entropy_nat": -0.0
    },
    "1": {
      "n": 1718,
      "class_counts": {
        "0": 195,
        "1": 103,
        "2": 194,
        "3": 183,
        "4": 151,
        "5": 191,
        "6": 186,
        "7": 189,
        "8": 160,
        "9": 166
      },
      "class_density": {
        "0": 0.11350407450523865,
        "1": 0.059953434225844,
        "2": 0.11292200232828871,
        "3": 0.10651920838183934,
        "4": 0.08789289871944121,
        "5": 0.11117578579743888,
        "6": 0.10826542491268917,
        "7": 0.110011641443539,
        "8": 0.09313154831199069,
        "9": 0.09662398137369034
      },
      "entropy_nat": 2.2888
    },
    "2": {
      "n": 86,
      "class_counts": {
        "0": 1,
        "1": 36,
        "2": 10,
        "3": 12,
        "4": 2,
        "5": 4,
        "6": 18,
        "7": 3,
        "8": 0,
        "9": 0
      },
      "class_density": {
        "0": 0.011627906976744186,
        "1": 0.4186046511627907,
        "2": 0.11627906976744186,
        "3": 0.13953488372093023,
        "4": 0.023255813953488372,
        "5": 0.046511627906976744,
        "6": 0.20930232558139536,
        "7": 0.03488372093023256,
        "8": 0.0,
        "9": 0.0
      },
      "entropy_nat": 1.6159
    },
    "3": {
      "n": 34,
      "class_counts": {
        "0": 1,
        "1": 0,
        "2": 0,
        "3": 1,
        "4": 5,
        "5": 3,
        "6": 0,
        "7": 19,
        "8": 5,
        "9": 0
      },
      "class_density": {
        "0": 0.029411764705882353,
        "1": 0.0,
        "2": 0.0,
        "3": 0.029411764705882353,
        "4": 0.14705882352941177,
        "5": 0.08823529411764706,
        "6": 0.0,
        "7": 0.5588235294117647,
        "8": 0.14705882352941177,
        "9": 0.0
      },
      "entropy_nat": 1.3106
    },
    "4": {
      "n": 38,
      "class_counts": {
        "0": 2,
        "1": 0,
        "2": 0,
        "3": 1,
        "4": 21,
        "5": 2,
        "6": 9,
        "7": 2,
        "8": 0,
        "9": 1
      },
      "class_density": {
        "0": 0.05263157894736842,
        "1": 0.0,
        "2": 0.0,
        "3": 0.02631578947368421,
        "4": 0.5526315789473685,
        "5": 0.05263157894736842,
        "6": 0.23684210526315788,
        "7": 0.05263157894736842,
        "8": 0.0,
        "9": 0.02631578947368421
      },
      "entropy_nat": 1.3252
    },
    "5": {
      "n": 0,
      "class_counts": {
        "0": 0,
        "1": 0,
        "2": 0,
        "3": 0,
        "4": 0,
        "5": 0,
        "6": 0,
        "7": 0,
        "8": 0,
        "9": 0
      },
      "class_density": {
        "0": 0.0,
        "1": 0.0,
        "2": 0.0,
        "3": 0.0,
        "4": 0.0,
        "5": 0.0,
        "6": 0.0,
        "7": 0.0,
        "8": 0.0,
        "9": 0.0
      },
      "entropy_nat": 0.0
    },
    "6": {
      "n": 25,
      "class_counts": {
        "0": 0,
        "1": 0,
        "2": 0,
        "3": 1,
        "4": 11,
        "5": 1,
        "6": 1,
        "7": 0,
        "8": 3,
        "9": 8
      },
      "class_density": {
        "0": 0.0,
        "1": 0.0,
        "2": 0.0,
        "3": 0.04,
        "4": 0.44,
        "5": 0.04,
        "6": 0.04,
        "7": 0.0,
        "8": 0.12,
        "9": 0.32
      },
      "entropy_nat": 1.3665
    },
    "7": {
      "n": 0,
      "class_counts": {
        "0": 0,
        "1": 0,
        "2": 0,
        "3": 0,
        "4": 0,
        "5": 0,
        "6": 0,
        "7": 0,
        "8": 0,
        "9": 0
      },
      "class_density": {
        "0": 0.0,
        "1": 0.0,
        "2": 0.0,
        "3": 0.0,
        "4": 0.0,
        "5": 0.0,
        "6": 0.0,
        "7": 0.0,
        "8": 0.0,
        "9": 0.0
      },
      "entropy_nat": 0.0
    },
    "8": {
      "n": 0,
      "class_counts": {
        "0": 0,
        "1": 0,
        "2": 0,
        "3": 0,
        "4": 0,
        "5": 0,
        "6": 0,
        "7": 0,
        "8": 0,
        "9": 0
      },
      "class_density": {
        "0": 0.0,
        "1": 0.0,
        "2": 0.0,
        "3": 0.0,
        "4": 0.0,
        "5": 0.0,
        "6": 0.0,
        "7": 0.0,
        "8": 0.0,
        "9": 0.0
      },
      "entropy_nat": 0.0
    },
    "9": {
      "n": 55,
      "class_counts": {
        "0": 0,
        "1": 38,
        "2": 6,
        "3": 4,
        "4": 1,
        "5": 1,
        "6": 0,
        "7": 5,
        "8": 0,
        "9": 0
      },
      "class_density": {
        "0": 0.0,
        "1": 0.6909090909090909,
        "2": 0.10909090909090909,
        "3": 0.07272727272727272,
        "4": 0.01818181818181818,
        "5": 0.01818181818181818,
        "6": 0.0,
        "7": 0.09090909090909091,
        "8": 0.0,
        "9": 0.0
      },
      "entropy_nat": 1.0515
    }
  },
  "pruning": {
    "active_cluster_mask": [
      true,
      true,
      true,
      true,
      true,
      false,
      true,
      false,
      false,
      true
    ],
    "pruned_cluster_ids": [
      5,
      7,
      8
    ],
    "n_active_spheres": 7,
    "nearest_sphere_assignment": "active_argmin",
    "note": "per_cluster uses nearest active sphere (pruned heads excluded from argmin). Hull/legend grey-out uses active_cluster_mask."
  }
}