{
  "version": 2,
  "checkpoint_selection": "min_training_loss",
  "best_epoch": 20,
  "best_training_loss": 0.4165631343017925,
  "macro_auc_test_at_best_epoch": 0.5035185497987638,
  "per_digit_auc_at_best_epoch": {
    "0": 0.9285715233638292,
    "1": 0.27834241145633554,
    "2": 0.4237948986970268,
    "3": 0.4850336275108549,
    "4": 0.3849946241497242,
    "5": 0.49582382165319455,
    "6": 0.5914941885010727,
    "7": 0.3344837280094911,
    "8": 0.6138542209252595,
    "9": 0.49879245372084957
  },
  "macro_auc_test_pruned_active_spheres": 0.5035795363737061,
  "per_digit_auc_test_pruned_active_spheres": {
    "0": 0.9386519244646014,
    "1": 0.25729369645825345,
    "2": 0.4895132636712935,
    "3": 0.5514474595794019,
    "4": 0.3523662550231959,
    "5": 0.5021488540828258,
    "6": 0.5335431331834148,
    "7": 0.3079194435825407,
    "8": 0.6370723285236242,
    "9": 0.4658390051679093
  },
  "curvature": 1.0,
  "n_spheres": 30,
  "train_normal_digits": [
    0
  ],
  "test_digits": [
    0,
    1,
    2,
    3,
    4,
    5,
    6,
    7,
    8,
    9
  ],
  "objective": "union-soft",
  "unsupervised": true,
  "ae_checkpoint": "samplesvdd/hySpUnsup/runs/my_v3_ae200_stage1/ae_stage1_ep200.pth",
  "prune": {
    "train_argmin_counts": [
      47,
      175,
      634,
      309,
      87,
      327,
      1046,
      52,
      120,
      157,
      199,
      80,
      41,
      153,
      47,
      132,
      431,
      29,
      420,
      44,
      33,
      22,
      268,
      34,
      127,
      82,
      213,
      44,
      90,
      82
    ],
    "silhouette_mean_per_cluster_euclidean_z": {
      "0": null,
      "1": null,
      "2": null,
      "3": null,
      "4": null,
      "5": null,
      "6": null,
      "7": null,
      "8": null,
      "9": null,
      "10": null,
      "11": null,
      "12": null,
      "13": null,
      "14": null,
      "15": null,
      "16": null,
      "17": null,
      "18": null,
      "19": null,
      "20": null,
      "21": null,
      "22": null,
      "23": null,
      "24": null,
      "25": null,
      "26": null,
      "27": null,
      "28": null,
      "29": null
    },
    "active_cluster_mask": [
      true,
      true,
      true,
      true,
      true,
      true,
      true,
      true,
      true,
      true,
      true,
      true,
      true,
      true,
      true,
      true,
      true,
      true,
      true,
      true,
      true,
      true,
      true,
      true,
      true,
      true,
      true,
      true,
      true,
      true
    ]
  },
  "split_overloaded": {
    "enabled": true,
    "max_cluster_fraction": 0.2,
    "applied": false,
    "n_train": 5525,
    "cap_count": 1105,
    "counts_before": [
      47,
      175,
      634,
      309,
      87,
      327,
      1046,
      52,
      120,
      157,
      199,
      80,
      41,
      153,
      47,
      132,
      431,
      29,
      420,
      44,
      33,
      22,
      268,
      34,
      127,
      82,
      213,
      44,
      90,
      82
    ],
    "overloaded_clusters": [],
    "spare_inactive_clusters": [],
    "splits": []
  },
  "hybrid_rebalance": {
    "enabled": true,
    "lb_min_cluster_members": 20,
    "ub_max_cluster_fraction": 0.2,
    "max_iters": 4,
    "hard_cap_enabled": true,
    "chaos_factor": 0.15,
    "iterations": [
      {
        "iter": 1,
        "lb": {
          "enabled": true,
          "counts": [
            47,
            175,
            634,
            309,
            87,
            327,
            1046,
            52,
            120,
            157,
            199,
            80,
            41,
            153,
            47,
            132,
            431,
            29,
            420,
            44,
            33,
            22,
            268,
            34,
            127,
            82,
            213,
            44,
            90,
            82
          ],
          "active_before": [
            true,
            true,
            true,
            true,
            true,
            true,
            true,
            true,
            true,
            true,
            true,
            true,
            true,
            true,
            true,
            true,
            true,
            true,
            true,
            true,
            true,
            true,
            true,
            true,
            true,
            true,
            true,
            true,
            true,
            true
          ],
          "active_after": [
            true,
            true,
            true,
            true,
            true,
            true,
            true,
            true,
            true,
            true,
            true,
            true,
            true,
            true,
            true,
            true,
            true,
            true,
            true,
            true,
            true,
            true,
            true,
            true,
            true,
            true,
            true,
            true,
            true,
            true
          ],
          "changed": false
        },
        "ub": {
          "enabled": true,
          "max_cluster_fraction": 0.2,
          "applied": false,
          "n_train": 5525,
          "cap_count": 1105,
          "counts_before": [
            47,
            175,
            634,
            309,
            87,
            327,
            1046,
            52,
            120,
            157,
            199,
            80,
            41,
            153,
            47,
            132,
            431,
            29,
            420,
            44,
            33,
            22,
            268,
            34,
            127,
            82,
            213,
            44,
            90,
            82
          ],
          "overloaded_clusters": [],
          "spare_inactive_clusters": [],
          "splits": []
        },
        "hard_cap": {
          "enabled": true,
          "max_cluster_fraction": 0.2,
          "chaos_factor": 0.15,
          "applied": false,
          "n_train": 5525,
          "cap_count": 1105,
          "counts_before": [
            47,
            175,
            634,
            309,
            87,
            327,
            1046,
            52,
            120,
            157,
            199,
            80,
            41,
            153,
            47,
            132,
            431,
            29,
            420,
            44,
            33,
            22,
            268,
            34,
            127,
            82,
            213,
            44,
            90,
            82
          ],
          "counts_after": [
            47,
            175,
            634,
            309,
            87,
            327,
            1046,
            52,
            120,
            157,
            199,
            80,
            41,
            153,
            47,
            132,
            431,
            29,
            420,
            44,
            33,
            22,
            268,
            34,
            127,
            82,
            213,
            44,
            90,
            82
          ],
          "overflow_reassigned": 0
        },
        "changed": false
      }
    ],
    "applied": false,
    "active_cluster_mask_after_hybrid": [
      true,
      true,
      true,
      true,
      true,
      true,
      true,
      true,
      true,
      true,
      true,
      true,
      true,
      true,
      true,
      true,
      true,
      true,
      true,
      true,
      true,
      true,
      true,
      true,
      true,
      true,
      true,
      true,
      true,
      true
    ]
  },
  "union_test_metrics_active_spheres": {
    "union_frac_inside": 0.07323539949838767,
    "union_margin_mean": 31.10238265991211,
    "union_margin_std": 19.14957618713379
  }
}