{
  "n_samples": 2000,
  "per_cluster": {
    "0": {
      "n": 14,
      "class_counts": {
        "0": 1,
        "1": 0,
        "2": 0,
        "3": 1,
        "4": 1,
        "5": 0,
        "6": 0,
        "7": 1,
        "8": 3,
        "9": 7
      },
      "class_density": {
        "0": 0.07142857142857142,
        "1": 0.0,
        "2": 0.0,
        "3": 0.07142857142857142,
        "4": 0.07142857142857142,
        "5": 0.0,
        "6": 0.0,
        "7": 0.07142857142857142,
        "8": 0.21428571428571427,
        "9": 0.5
      },
      "entropy_nat": 1.4307
    },
    "1": {
      "n": 23,
      "class_counts": {
        "0": 3,
        "1": 0,
        "2": 3,
        "3": 4,
        "4": 3,
        "5": 1,
        "6": 0,
        "7": 0,
        "8": 9,
        "9": 0
      },
      "class_density": {
        "0": 0.13043478260869565,
        "1": 0.0,
        "2": 0.13043478260869565,
        "3": 0.17391304347826086,
        "4": 0.13043478260869565,
        "5": 0.043478260869565216,
        "6": 0.0,
        "7": 0.0,
        "8": 0.391304347826087,
        "9": 0.0
      },
      "entropy_nat": 1.6047
    },
    "2": {
      "n": 57,
      "class_counts": {
        "0": 21,
        "1": 0,
        "2": 10,
        "3": 8,
        "4": 0,
        "5": 15,
        "6": 2,
        "7": 0,
        "8": 1,
        "9": 0
      },
      "class_density": {
        "0": 0.3684210526315789,
        "1": 0.0,
        "2": 0.17543859649122806,
        "3": 0.14035087719298245,
        "4": 0.0,
        "5": 0.2631578947368421,
        "6": 0.03508771929824561,
        "7": 0.0,
        "8": 0.017543859649122806,
        "9": 0.0
      },
      "entropy_nat": 1.4886
    },
    "3": {
      "n": 16,
      "class_counts": {
        "0": 11,
        "1": 0,
        "2": 0,
        "3": 0,
        "4": 0,
        "5": 3,
        "6": 1,
        "7": 0,
        "8": 1,
        "9": 0
      },
      "class_density": {
        "0": 0.6875,
        "1": 0.0,
        "2": 0.0,
        "3": 0.0,
        "4": 0.0,
        "5": 0.1875,
        "6": 0.0625,
        "7": 0.0,
        "8": 0.0625,
        "9": 0.0
      },
      "entropy_nat": 0.918
    },
    "4": {
      "n": 2,
      "class_counts": {
        "0": 1,
        "1": 0,
        "2": 0,
        "3": 0,
        "4": 0,
        "5": 0,
        "6": 0,
        "7": 0,
        "8": 1,
        "9": 0
      },
      "class_density": {
        "0": 0.5,
        "1": 0.0,
        "2": 0.0,
        "3": 0.0,
        "4": 0.0,
        "5": 0.0,
        "6": 0.0,
        "7": 0.0,
        "8": 0.5,
        "9": 0.0
      },
      "entropy_nat": 0.6931
    },
    "5": {
      "n": 15,
      "class_counts": {
        "0": 3,
        "1": 0,
        "2": 1,
        "3": 7,
        "4": 0,
        "5": 0,
        "6": 0,
        "7": 0,
        "8": 4,
        "9": 0
      },
      "class_density": {
        "0": 0.2,
        "1": 0.0,
        "2": 0.06666666666666667,
        "3": 0.4666666666666667,
        "4": 0.0,
        "5": 0.0,
        "6": 0.0,
        "7": 0.0,
        "8": 0.26666666666666666,
        "9": 0.0
      },
      "entropy_nat": 1.2106
    },
    "6": {
      "n": 1046,
      "class_counts": {
        "0": 49,
        "1": 147,
        "2": 109,
        "3": 84,
        "4": 118,
        "5": 59,
        "6": 117,
        "7": 183,
        "8": 61,
        "9": 119
      },
      "class_density": {
        "0": 0.04684512428298279,
        "1": 0.14053537284894838,
        "2": 0.10420650095602295,
        "3": 0.08030592734225621,
        "4": 0.11281070745697896,
        "5": 0.05640535372848948,
        "6": 0.1118546845124283,
        "7": 0.17495219885277247,
        "8": 0.058317399617590825,
        "9": 0.11376673040152964
      },
      "entropy_nat": 2.2287
    },
    "7": {
      "n": 8,
      "class_counts": {
        "0": 2,
        "1": 0,
        "2": 0,
        "3": 1,
        "4": 1,
        "5": 0,
        "6": 0,
        "7": 0,
        "8": 4,
        "9": 0
      },
      "class_density": {
        "0": 0.25,
        "1": 0.0,
        "2": 0.0,
        "3": 0.125,
        "4": 0.125,
        "5": 0.0,
        "6": 0.0,
        "7": 0.0,
        "8": 0.5,
        "9": 0.0
      },
      "entropy_nat": 1.213
    },
    "8": {
      "n": 131,
      "class_counts": {
        "0": 10,
        "1": 21,
        "2": 42,
        "3": 18,
        "4": 1,
        "5": 6,
        "6": 29,
        "7": 0,
        "8": 4,
        "9": 0
      },
      "class_density": {
        "0": 0.07633587786259542,
        "1": 0.16030534351145037,
        "2": 0.32061068702290074,
        "3": 0.13740458015267176,
        "4": 0.007633587786259542,
        "5": 0.04580152671755725,
        "6": 0.22137404580152673,
        "7": 0.0,
        "8": 0.030534351145038167,
        "9": 0.0
      },
      "entropy_nat": 1.7461
    },
    "9": {
      "n": 2,
      "class_counts": {
        "0": 1,
        "1": 0,
        "2": 0,
        "3": 0,
        "4": 0,
        "5": 1,
        "6": 0,
        "7": 0,
        "8": 0,
        "9": 0
      },
      "class_density": {
        "0": 0.5,
        "1": 0.0,
        "2": 0.0,
        "3": 0.0,
        "4": 0.0,
        "5": 0.5,
        "6": 0.0,
        "7": 0.0,
        "8": 0.0,
        "9": 0.0
      },
      "entropy_nat": 0.6931
    },
    "10": {
      "n": 2,
      "class_counts": {
        "0": 2,
        "1": 0,
        "2": 0,
        "3": 0,
        "4": 0,
        "5": 0,
        "6": 0,
        "7": 0,
        "8": 0,
        "9": 0
      },
      "class_density": {
        "0": 1.0,
        "1": 0.0,
        "2": 0.0,
        "3": 0.0,
        "4": 0.0,
        "5": 0.0,
        "6": 0.0,
        "7": 0.0,
        "8": 0.0,
        "9": 0.0
      },
      "entropy_nat": -0.0
    },
    "11": {
      "n": 1,
      "class_counts": {
        "0": 1,
        "1": 0,
        "2": 0,
        "3": 0,
        "4": 0,
        "5": 0,
        "6": 0,
        "7": 0,
        "8": 0,
        "9": 0
      },
      "class_density": {
        "0": 1.0,
        "1": 0.0,
        "2": 0.0,
        "3": 0.0,
        "4": 0.0,
        "5": 0.0,
        "6": 0.0,
        "7": 0.0,
        "8": 0.0,
        "9": 0.0
      },
      "entropy_nat": -0.0
    },
    "12": {
      "n": 8,
      "class_counts": {
        "0": 1,
        "1": 3,
        "2": 2,
        "3": 1,
        "4": 0,
        "5": 0,
        "6": 0,
        "7": 0,
        "8": 1,
        "9": 0
      },
      "class_density": {
        "0": 0.125,
        "1": 0.375,
        "2": 0.25,
        "3": 0.125,
        "4": 0.0,
        "5": 0.0,
        "6": 0.0,
        "7": 0.0,
        "8": 0.125,
        "9": 0.0
      },
      "entropy_nat": 1.4942
    },
    "13": {
      "n": 18,
      "class_counts": {
        "0": 12,
        "1": 0,
        "2": 0,
        "3": 1,
        "4": 0,
        "5": 4,
        "6": 0,
        "7": 0,
        "8": 1,
        "9": 0
      },
      "class_density": {
        "0": 0.6666666666666666,
        "1": 0.0,
        "2": 0.0,
        "3": 0.05555555555555555,
        "4": 0.0,
        "5": 0.2222222222222222,
        "6": 0.0,
        "7": 0.0,
        "8": 0.05555555555555555,
        "9": 0.0
      },
      "entropy_nat": 0.9257
    },
    "14": {
      "n": 24,
      "class_counts": {
        "0": 1,
        "1": 0,
        "2": 0,
        "3": 0,
        "4": 5,
        "5": 0,
        "6": 0,
        "7": 2,
        "8": 1,
        "9": 15
      },
      "class_density": {
        "0": 0.041666666666666664,
        "1": 0.0,
        "2": 0.0,
        "3": 0.0,
        "4": 0.20833333333333334,
        "5": 0.0,
        "6": 0.0,
        "7": 0.08333333333333333,
        "8": 0.041666666666666664,
        "9": 0.625
      },
      "entropy_nat": 1.0925
    },
    "15": {
      "n": 19,
      "class_counts": {
        "0": 2,
        "1": 0,
        "2": 2,
        "3": 0,
        "4": 0,
        "5": 0,
        "6": 0,
        "7": 1,