{
  "n_samples": 2000,
  "per_cluster": {
    "0": {
      "n": 0,
      "class_counts": {
        "0": 0,
        "1": 0,
        "2": 0,
        "3": 0,
        "4": 0,
        "5": 0,
        "6": 0,
        "7": 0,
        "8": 0,
        "9": 0
      },
      "class_density": {
        "0": 0.0,
        "1": 0.0,
        "2": 0.0,
        "3": 0.0,
        "4": 0.0,
        "5": 0.0,
        "6": 0.0,
        "7": 0.0,
        "8": 0.0,
        "9": 0.0
      },
      "entropy_nat": 0.0
    },
    "1": {
      "n": 0,
      "class_counts": {
        "0": 0,
        "1": 0,
        "2": 0,
        "3": 0,
        "4": 0,
        "5": 0,
        "6": 0,
        "7": 0,
        "8": 0,
        "9": 0
      },
      "class_density": {
        "0": 0.0,
        "1": 0.0,
        "2": 0.0,
        "3": 0.0,
        "4": 0.0,
        "5": 0.0,
        "6": 0.0,
        "7": 0.0,
        "8": 0.0,
        "9": 0.0
      },
      "entropy_nat": 0.0
    },
    "2": {
      "n": 1,
      "class_counts": {
        "0": 0,
        "1": 1,
        "2": 0,
        "3": 0,
        "4": 0,
        "5": 0,
        "6": 0,
        "7": 0,
        "8": 0,
        "9": 0
      },
      "class_density": {
        "0": 0.0,
        "1": 1.0,
        "2": 0.0,
        "3": 0.0,
        "4": 0.0,
        "5": 0.0,
        "6": 0.0,
        "7": 0.0,
        "8": 0.0,
        "9": 0.0
      },
      "entropy_nat": -0.0
    },
    "3": {
      "n": 761,
      "class_counts": {
        "0": 113,
        "1": 13,
        "2": 156,
        "3": 157,
        "4": 40,
        "5": 118,
        "6": 46,
        "7": 25,
        "8": 77,
        "9": 16
      },
      "class_density": {
        "0": 0.14848883048620237,
        "1": 0.017082785808147174,
        "2": 0.2049934296977661,
        "3": 0.20630749014454666,
        "4": 0.052562417871222074,
        "5": 0.15505913272010513,
        "6": 0.06044678055190539,
        "7": 0.0328515111695138,
        "8": 0.1011826544021025,
        "9": 0.02102496714848883
      },
      "entropy_nat": 2.0419
    },
    "4": {
      "n": 0,
      "class_counts": {
        "0": 0,
        "1": 0,
        "2": 0,
        "3": 0,
        "4": 0,
        "5": 0,
        "6": 0,
        "7": 0,
        "8": 0,
        "9": 0
      },
      "class_density": {
        "0": 0.0,
        "1": 0.0,
        "2": 0.0,
        "3": 0.0,
        "4": 0.0,
        "5": 0.0,
        "6": 0.0,
        "7": 0.0,
        "8": 0.0,
        "9": 0.0
      },
      "entropy_nat": 0.0
    },
    "5": {
      "n": 0,
      "class_counts": {
        "0": 0,
        "1": 0,
        "2": 0,
        "3": 0,
        "4": 0,
        "5": 0,
        "6": 0,
        "7": 0,
        "8": 0,
        "9": 0
      },
      "class_density": {
        "0": 0.0,
        "1": 0.0,
        "2": 0.0,
        "3": 0.0,
        "4": 0.0,
        "5": 0.0,
        "6": 0.0,
        "7": 0.0,
        "8": 0.0,
        "9": 0.0
      },
      "entropy_nat": 0.0
    },
    "6": {
      "n": 1,
      "class_counts": {
        "0": 0,
        "1": 1,
        "2": 0,
        "3": 0,
        "4": 0,
        "5": 0,
        "6": 0,
        "7": 0,
        "8": 0,
        "9": 0
      },
      "class_density": {
        "0": 0.0,
        "1": 1.0,
        "2": 0.0,
        "3": 0.0,
        "4": 0.0,
        "5": 0.0,
        "6": 0.0,
        "7": 0.0,
        "8": 0.0,
        "9": 0.0
      },
      "entropy_nat": -0.0
    },
    "7": {
      "n": 321,
      "class_counts": {
        "0": 2,
        "1": 10,
        "2": 5,
        "3": 12,
        "4": 42,
        "5": 14,
        "6": 0,
        "7": 124,
        "8": 52,
        "9": 60
      },
      "class_density": {
        "0": 0.006230529595015576,
        "1": 0.03115264797507788,
        "2": 0.01557632398753894,
        "3": 0.037383177570093455,
        "4": 0.1308411214953271,
        "5": 0.04361370716510903,
        "6": 0.0,
        "7": 0.3862928348909657,
        "8": 0.16199376947040497,
        "9": 0.18691588785046728
      },
      "entropy_nat": 1.7059
    },
    "8": {
      "n": 91,
      "class_counts": {
        "0": 0,
        "1": 49,
        "2": 13,
        "3": 1,
        "4": 8,
        "5": 0,
        "6": 9,
        "7": 5,
        "8": 5,
        "9": 1
      },
      "class_density": {
        "0": 0.0,
        "1": 0.5384615384615384,
        "2": 0.14285714285714285,
        "3": 0.01098901098901099,
        "4": 0.08791208791208792,
        "5": 0.0,
        "6": 0.0989010989010989,
        "7": 0.054945054945054944,
        "8": 0.054945054945054944,
        "9": 0.01098901098901099
      },
      "entropy_nat": 1.4719
    },
    "9": {
      "n": 6,
      "class_counts": {
        "0": 0,
        "1": 6,
        "2": 0,
        "3": 0,
        "4": 0,
        "5": 0,
        "6": 0,
        "7": 0,
        "8": 0,
        "9": 0
      },
      "class_density": {
        "0": 0.0,
        "1": 1.0,
        "2": 0.0,
        "3": 0.0,
        "4": 0.0,
        "5": 0.0,
        "6": 0.0,
        "7": 0.0,
        "8": 0.0,
        "9": 0.0
      },
      "entropy_nat": -0.0
    },
    "10": {
      "n": 206,
      "class_counts": {
        "0": 1,
        "1": 9,
        "2": 13,
        "3": 16,
        "4": 27,
        "5": 0,
        "6": 29,
        "7": 56,
        "8": 1,
        "9": 54
      },
      "class_density": {
        "0": 0.0048543689320388345,
        "1": 0.043689320388349516,
        "2": 0.06310679611650485,
        "3": 0.07766990291262135,
        "4": 0.13106796116504854,
        "5": 0.0,
        "6": 0.1407766990291262,
        "7": 0.27184466019417475,
        "8": 0.0048543689320388345,
        "9": 0.2621359223300971
      },
      "entropy_nat": 1.8087
    },
    "11": {
      "n": 0,
      "class_counts": {
        "0": 0,
        "1": 0,
        "2": 0,
        "3": 0,
        "4": 0,
        "5": 0,
        "6": 0,
        "7": 0,
        "8": 0,
        "9": 0
      },
      "class_density": {
        "0": 0.0,
        "1": 0.0,
        "2": 0.0,
        "3": 0.0,
        "4": 0.0,
        "5": 0.0,
        "6": 0.0,
        "7": 0.0,
        "8": 0.0,
        "9": 0.0
      },
      "entropy_nat": 0.0
    },
    "12": {
      "n": 87,
      "class_counts": {
        "0": 58,
        "1": 1,
        "2": 1,
        "3": 6,
        "4": 1,
        "5": 3,
        "6": 9,
        "7": 3,
        "8": 5,
        "9": 0
      },
      "class_density": {
        "0": 0.6666666666666666,
        "1": 0.011494252873563218,
        "2": 0.011494252873563218,
        "3": 0.06896551724137931,
        "4": 0.011494252873563218,
        "5": 0.034482758620689655,
        "6": 0.10344827586206896,
        "7": 0.034482758620689655,
        "8": 0.05747126436781609,
        "9": 0.0
      },
      "entropy_nat": 1.2398
    },
    "13": {
      "n": 4,
      "class_counts": {
        "0": 0,
        "1": 4,
        "2": 0,
        "3": 0,
        "4": 0,
        "5": 0,
        "6": 0,
        "7": 0,
        "8": 0,
        "9": 0
      },
      "class_density": {
        "0": 0.0,
        "1": 1.0,
        "2": 0.0,
        "3": 0.0,
        "4": 0.0,
        "5": 0.0,
        "6": 0.0,
        "7": 0.0,
        "8": 0.0,
        "9": 0.0
      },
      "entropy_nat": -0.0
    },
    "14": {
      "n": 0,
      "class_counts": {
        "0": 0,
        "1": 0,
        "2": 0,
        "3": 0,
        "4": 0,
        "5": 0,
        "6": 0,
        "7": 0,
        "8": 0,
        "9": 0
      },
      "class_density": {
        "0": 0.0,
        "1": 0.0,
        "2": 0.0,
        "3": 0.0,
        "4": 0.0,
        "5": 0.0,
        "6": 0.0,
        "7": 0.0,
        "8": 0.0,
        "9": 0.0
      },
      "entropy_nat": 0.0
    },
    "15": {
      "n": 310,
      "class_counts": {
        "0": 19,
        "1": 37,
        "2": 19,
        "3": 6,
        "4": 38,
        "5": 26,
        "6": 118,
        "7": 4,
        "8": 14,
        "9": 29
      },