{
  "version": 2,
  "checkpoint_selection": "min_training_loss",
  "best_epoch": 20,
  "best_training_loss": 0.4168150248852643,
  "macro_auc_test_at_best_epoch": 0.5024542052631384,
  "per_digit_auc_at_best_epoch": {
    "0": 0.9270841687772262,
    "1": 0.34272154455951925,
    "2": 0.430863053125576,
    "3": 0.5309124228179926,
    "4": 0.31530865273463643,
    "5": 0.5157036099559309,
    "6": 0.6308278262667689,
    "7": 0.33209192200028004,
    "8": 0.5886243724048554,
    "9": 0.41040447998859675
  },
  "macro_auc_test_pruned_active_spheres": 0.5020476276685408,
  "per_digit_auc_test_pruned_active_spheres": {
    "0": 0.9361225417466145,
    "1": 0.342630788901675,
    "2": 0.4688796982886957,
    "3": 0.5430789191463127,
    "4": 0.30167452391953864,
    "5": 0.49525293501945533,
    "6": 0.6034165927125785,
    "7": 0.35683206502203896,
    "8": 0.5531273662434723,
    "9": 0.4194608456850265
  },
  "curvature": 1.0,
  "n_spheres": 30,
  "train_normal_digits": [
    0
  ],
  "test_digits": [
    0,
    1,
    2,
    3,
    4,
    5,
    6,
    7,
    8,
    9
  ],
  "objective": "union-soft",
  "unsupervised": true,
  "ae_checkpoint": "samplesvdd/hySpUnsup/runs/my_v3_ae200_stage1/ae_stage1_ep200.pth",
  "prune": {
    "train_argmin_counts": [
      109,
      101,
      186,
      289,
      343,
      122,
      52,
      778,
      155,
      415,
      107,
      159,
      104,
      87,
      64,
      28,
      279,
      151,
      136,
      31,
      44,
      178,
      94,
      68,
      48,
      137,
      42,
      948,
      133,
      137
    ],
    "silhouette_mean_per_cluster_euclidean_z": {
      "0": null,
      "1": null,
      "2": null,
      "3": null,
      "4": null,
      "5": null,
      "6": null,
      "7": null,
      "8": null,
      "9": null,
      "10": null,
      "11": null,
      "12": null,
      "13": null,
      "14": null,
      "15": null,
      "16": null,
      "17": null,
      "18": null,
      "19": null,
      "20": null,
      "21": null,
      "22": null,
      "23": null,
      "24": null,
      "25": null,
      "26": null,
      "27": null,
      "28": null,
      "29": null
    },
    "active_cluster_mask": [
      true,
      true,
      true,
      true,
      true,
      true,
      true,
      true,
      true,
      true,
      true,
      true,
      true,
      true,
      true,
      true,
      true,
      true,
      true,
      true,
      true,
      true,
      true,
      true,
      true,
      true,
      true,
      true,
      true,
      true
    ]
  },
  "split_overloaded": {
    "enabled": true,
    "max_cluster_fraction": 0.3,
    "applied": false,
    "n_train": 5525,
    "cap_count": 1658,
    "counts_before": [
      109,
      101,
      186,
      289,
      343,
      122,
      52,
      778,
      155,
      415,
      107,
      159,
      104,
      87,
      64,
      28,
      279,
      151,
      136,
      31,
      44,
      178,
      94,
      68,
      48,
      137,
      42,
      948,
      133,
      137
    ],
    "overloaded_clusters": [],
    "spare_inactive_clusters": [],
    "splits": []
  },
  "hybrid_rebalance": {
    "enabled": true,
    "lb_min_cluster_members": 20,
    "ub_max_cluster_fraction": 0.3,
    "max_iters": 4,
    "hard_cap_enabled": true,
    "chaos_factor": 0.15,
    "iterations": [
      {
        "iter": 1,
        "lb": {
          "enabled": true,
          "counts": [
            109,
            101,
            186,
            289,
            343,
            122,
            52,
            778,
            155,
            415,
            107,
            159,
            104,
            87,
            64,
            28,
            279,
            151,
            136,
            31,
            44,
            178,
            94,
            68,
            48,
            137,
            42,
            948,
            133,
            137
          ],
          "active_before": [
            true,
            true,
            true,
            true,
            true,
            true,
            true,
            true,
            true,
            true,
            true,
            true,
            true,
            true,
            true,
            true,
            true,
            true,
            true,
            true,
            true,
            true,
            true,
            true,
            true,
            true,
            true,
            true,
            true,
            true
          ],
          "active_after": [
            true,
            true,
            true,
            true,
            true,
            true,
            true,
            true,
            true,
            true,
            true,
            true,
            true,
            true,
            true,
            true,
            true,
            true,
            true,
            true,
            true,
            true,
            true,
            true,
            true,
            true,
            true,
            true,
            true,
            true
          ],
          "changed": false
        },
        "ub": {
          "enabled": true,
          "max_cluster_fraction": 0.3,
          "applied": false,
          "n_train": 5525,
          "cap_count": 1658,
          "counts_before": [
            109,
            101,
            186,
            289,
            343,
            122,
            52,
            778,
            155,
            415,
            107,
            159,
            104,
            87,
            64,
            28,
            279,
            151,
            136,
            31,
            44,
            178,
            94,
            68,
            48,
            137,
            42,
            948,
            133,
            137
          ],
          "overloaded_clusters": [],
          "spare_inactive_clusters": [],
          "splits": []
        },
        "hard_cap": {
          "enabled": true,
          "max_cluster_fraction": 0.3,
          "chaos_factor": 0.15,
          "applied": false,
          "n_train": 5525,
          "cap_count": 1658,
          "counts_before": [
            109,
            101,
            186,
            289,
            343,
            122,
            52,
            778,
            155,
            415,
            107,
            159,
            104,
            87,
            64,
            28,
            279,
            151,
            136,
            31,
            44,
            178,
            94,
            68,
            48,
            137,
            42,
            948,
            133,
            137
          ],
          "counts_after": [
            109,
            101,
            186,
            289,
            343,
            122,
            52,
            778,
            155,
            415,
            107,
            159,
            104,
            87,
            64,
            28,
            279,
            151,
            136,
            31,
            44,
            178,
            94,
            68,
            48,
            137,
            42,
            948,
            133,
            137
          ],
          "overflow_reassigned": 0
        },
        "changed": false
      }
    ],
    "applied": false,
    "active_cluster_mask_after_hybrid": [
      true,
      true,
      true,
      true,
      true,
      true,
      true,
      true,
      true,
      true,
      true,
      true,
      true,
      true,
      true,
      true,
      true,
      true,
      true,
      true,
      true,
      true,
      true,
      true,
      true,
      true,
      true,
      true,
      true,
      true
    ]
  },
  "union_test_metrics_active_spheres": {
    "union_frac_inside": 0.07423862414905052,
    "union_margin_mean": 30.835493087768555,
    "union_margin_std": 19.310787200927734
  }
}