{
  "n_samples": 2000,
  "per_cluster": {
    "0": {
      "n": 49,
      "class_counts": {
        "0": 1,
        "1": 0,
        "2": 1,
        "3": 2,
        "4": 7,
        "5": 2,
        "6": 0,
        "7": 2,
        "8": 30,
        "9": 4
      },
      "class_density": {
        "0": 0.02040816326530612,
        "1": 0.0,
        "2": 0.02040816326530612,
        "3": 0.04081632653061224,
        "4": 0.14285714285714285,
        "5": 0.04081632653061224,
        "6": 0.0,
        "7": 0.04081632653061224,
        "8": 0.6122448979591837,
        "9": 0.08163265306122448
      },
      "entropy_nat": 1.3334
    },
    "1": {
      "n": 70,
      "class_counts": {
        "0": 3,
        "1": 12,
        "2": 1,
        "3": 1,
        "4": 22,
        "5": 2,
        "6": 0,
        "7": 1,
        "8": 11,
        "9": 17
      },
      "class_density": {
        "0": 0.04285714285714286,
        "1": 0.17142857142857143,
        "2": 0.014285714285714285,
        "3": 0.014285714285714285,
        "4": 0.3142857142857143,
        "5": 0.02857142857142857,
        "6": 0.0,
        "7": 0.014285714285714285,
        "8": 0.15714285714285714,
        "9": 0.24285714285714285
      },
      "entropy_nat": 1.7193
    },
    "2": {
      "n": 12,
      "class_counts": {
        "0": 7,
        "1": 0,
        "2": 0,
        "3": 0,
        "4": 0,
        "5": 3,
        "6": 0,
        "7": 0,
        "8": 2,
        "9": 0
      },
      "class_density": {
        "0": 0.5833333333333334,
        "1": 0.0,
        "2": 0.0,
        "3": 0.0,
        "4": 0.0,
        "5": 0.25,
        "6": 0.0,
        "7": 0.0,
        "8": 0.16666666666666666,
        "9": 0.0
      },
      "entropy_nat": 0.9596
    },
    "3": {
      "n": 10,
      "class_counts": {
        "0": 9,
        "1": 0,
        "2": 0,
        "3": 0,
        "4": 0,
        "5": 1,
        "6": 0,
        "7": 0,
        "8": 0,
        "9": 0
      },
      "class_density": {
        "0": 0.9,
        "1": 0.0,
        "2": 0.0,
        "3": 0.0,
        "4": 0.0,
        "5": 0.1,
        "6": 0.0,
        "7": 0.0,
        "8": 0.0,
        "9": 0.0
      },
      "entropy_nat": 0.3251
    },
    "4": {
      "n": 173,
      "class_counts": {
        "0": 22,
        "1": 38,
        "2": 65,
        "3": 27,
        "4": 0,
        "5": 7,
        "6": 11,
        "7": 0,
        "8": 3,
        "9": 0
      },
      "class_density": {
        "0": 0.12716763005780346,
        "1": 0.21965317919075145,
        "2": 0.37572254335260113,
        "3": 0.15606936416184972,
        "4": 0.0,
        "5": 0.04046242774566474,
        "6": 0.06358381502890173,
        "7": 0.0,
        "8": 0.017341040462427744,
        "9": 0.0
      },
      "entropy_nat": 1.6282
    },
    "5": {
      "n": 262,
      "class_counts": {
        "0": 5,
        "1": 54,
        "2": 17,
        "3": 18,
        "4": 58,
        "5": 27,
        "6": 3,
        "7": 6,
        "8": 15,
        "9": 59
      },
      "class_density": {
        "0": 0.019083969465648856,
        "1": 0.20610687022900764,
        "2": 0.0648854961832061,
        "3": 0.06870229007633588,
        "4": 0.22137404580152673,
        "5": 0.10305343511450382,
        "6": 0.011450381679389313,
        "7": 0.022900763358778626,
        "8": 0.05725190839694656,
        "9": 0.22519083969465647
      },
      "entropy_nat": 1.9677
    },
    "6": {
      "n": 2,
      "class_counts": {
        "0": 2,
        "1": 0,
        "2": 0,
        "3": 0,
        "4": 0,
        "5": 0,
        "6": 0,
        "7": 0,
        "8": 0,
        "9": 0
      },
      "class_density": {
        "0": 1.0,
        "1": 0.0,
        "2": 0.0,
        "3": 0.0,
        "4": 0.0,
        "5": 0.0,
        "6": 0.0,
        "7": 0.0,
        "8": 0.0,
        "9": 0.0
      },
      "entropy_nat": -0.0
    },
    "7": {
      "n": 51,
      "class_counts": {
        "0": 22,
        "1": 0,
        "2": 3,
        "3": 1,
        "4": 1,
        "5": 1,
        "6": 5,
        "7": 4,
        "8": 7,
        "9": 7
      },
      "class_density": {
        "0": 0.43137254901960786,
        "1": 0.0,
        "2": 0.058823529411764705,
        "3": 0.0196078431372549,
        "4": 0.0196078431372549,
        "5": 0.0196078431372549,
        "6": 0.09803921568627451,
        "7": 0.0784313725490196,
        "8": 0.13725490196078433,
        "9": 0.13725490196078433
      },
      "entropy_nat": 1.7331
    },
    "8": {
      "n": 124,
      "class_counts": {
        "0": 4,
        "1": 0,
        "2": 3,
        "3": 12,
        "4": 20,
        "5": 41,
        "6": 1,
        "7": 1,
        "8": 31,
        "9": 11
      },
      "class_density": {
        "0": 0.03225806451612903,
        "1": 0.0,
        "2": 0.024193548387096774,
        "3": 0.0967741935483871,
        "4": 0.16129032258064516,
        "5": 0.33064516129032256,
        "6": 0.008064516129032258,
        "7": 0.008064516129032258,
        "8": 0.25,
        "9": 0.08870967741935484
      },
      "entropy_nat": 1.7262
    },
    "9": {
      "n": 72,
      "class_counts": {
        "0": 12,
        "1": 4,
        "2": 3,
        "3": 1,
        "4": 10,
        "5": 3,
        "6": 35,
        "7": 3,
        "8": 1,
        "9": 0
      },
      "class_density": {
        "0": 0.16666666666666666,
        "1": 0.05555555555555555,
        "2": 0.041666666666666664,
        "3": 0.013888888888888888,
        "4": 0.1388888888888889,
        "5": 0.041666666666666664,
        "6": 0.4861111111111111,
        "7": 0.041666666666666664,
        "8": 0.013888888888888888,
        "9": 0.0
      },
      "entropy_nat": 1.6001
    },
    "10": {
      "n": 4,
      "class_counts": {
        "0": 2,
        "1": 0,
        "2": 0,
        "3": 0,
        "4": 0,
        "5": 0,
        "6": 0,
        "7": 0,
        "8": 0,
        "9": 2
      },
      "class_density": {
        "0": 0.5,
        "1": 0.0,
        "2": 0.0,
        "3": 0.0,
        "4": 0.0,
        "5": 0.0,
        "6": 0.0,
        "7": 0.0,
        "8": 0.0,
        "9": 0.5
      },
      "entropy_nat": 0.6931
    },
    "11": {
      "n": 3,
      "class_counts": {
        "0": 3,
        "1": 0,
        "2": 0,
        "3": 0,
        "4": 0,
        "5": 0,
        "6": 0,
        "7": 0,
        "8": 0,
        "9": 0
      },
      "class_density": {
        "0": 1.0,
        "1": 0.0,
        "2": 0.0,
        "3": 0.0,
        "4": 0.0,
        "5": 0.0,
        "6": 0.0,
        "7": 0.0,
        "8": 0.0,
        "9": 0.0
      },
      "entropy_nat": -0.0
    },
    "12": {
      "n": 29,
      "class_counts": {
        "0": 5,
        "1": 0,
        "2": 2,
        "3": 4,
        "4": 4,
        "5": 4,
        "6": 0,
        "7": 5,
        "8": 1,
        "9": 4
      },
      "class_density": {
        "0": 0.1724137931034483,
        "1": 0.0,
        "2": 0.06896551724137931,
        "3": 0.13793103448275862,
        "4": 0.13793103448275862,
        "5": 0.13793103448275862,
        "6": 0.0,
        "7": 0.1724137931034483,
        "8": 0.034482758620689655,
        "9": 0.13793103448275862
      },
      "entropy_nat": 1.9997
    },
    "13": {
      "n": 3,
      "class_counts": {
        "0": 3,
        "1": 0,
        "2": 0,
        "3": 0,
        "4": 0,
        "5": 0,
        "6": 0,
        "7": 0,
        "8": 0,
        "9": 0
      },
      "class_density": {
        "0": 1.0,
        "1": 0.0,
        "2": 0.0,
        "3": 0.0,
        "4": 0.0,
        "5": 0.0,
        "6": 0.0,
        "7": 0.0,
        "8": 0.0,
        "9": 0.0
      },
      "entropy_nat": -0.0
    },
    "14": {
      "n": 83,
      "class_counts": {
        "0": 3,
        "1": 0,
        "2": 0,
        "3": 0,
        "4": 17,
        "5": 1,
        "6": 1,
        "7": 18,
        "8": 4,
        "9": 39
      },
      "class_density": {
        "0": 0.03614457831325301,