{
  "n_samples": 2000,
  "per_cluster": {
    "0": {
      "n": 132,
      "class_counts": {
        "0": 16,
        "1": 7,
        "2": 9,
        "3": 25,
        "4": 2,
        "5": 12,
        "6": 0,
        "7": 12,
        "8": 44,
        "9": 5
      },
      "class_density": {
        "0": 0.12121212121212122,
        "1": 0.05303030303030303,
        "2": 0.06818181818181818,
        "3": 0.1893939393939394,
        "4": 0.015151515151515152,
        "5": 0.09090909090909091,
        "6": 0.0,
        "7": 0.09090909090909091,
        "8": 0.3333333333333333,
        "9": 0.03787878787878788
      },
      "entropy_nat": 1.8994
    },
    "1": {
      "n": 3,
      "class_counts": {
        "0": 3,
        "1": 0,
        "2": 0,
        "3": 0,
        "4": 0,
        "5": 0,
        "6": 0,
        "7": 0,
        "8": 0,
        "9": 0
      },
      "class_density": {
        "0": 1.0,
        "1": 0.0,
        "2": 0.0,
        "3": 0.0,
        "4": 0.0,
        "5": 0.0,
        "6": 0.0,
        "7": 0.0,
        "8": 0.0,
        "9": 0.0
      },
      "entropy_nat": -0.0
    },
    "2": {
      "n": 0,
      "class_counts": {
        "0": 0,
        "1": 0,
        "2": 0,
        "3": 0,
        "4": 0,
        "5": 0,
        "6": 0,
        "7": 0,
        "8": 0,
        "9": 0
      },
      "class_density": {
        "0": 0.0,
        "1": 0.0,
        "2": 0.0,
        "3": 0.0,
        "4": 0.0,
        "5": 0.0,
        "6": 0.0,
        "7": 0.0,
        "8": 0.0,
        "9": 0.0
      },
      "entropy_nat": 0.0
    },
    "3": {
      "n": 0,
      "class_counts": {
        "0": 0,
        "1": 0,
        "2": 0,
        "3": 0,
        "4": 0,
        "5": 0,
        "6": 0,
        "7": 0,
        "8": 0,
        "9": 0
      },
      "class_density": {
        "0": 0.0,
        "1": 0.0,
        "2": 0.0,
        "3": 0.0,
        "4": 0.0,
        "5": 0.0,
        "6": 0.0,
        "7": 0.0,
        "8": 0.0,
        "9": 0.0
      },
      "entropy_nat": 0.0
    },
    "4": {
      "n": 138,
      "class_counts": {
        "0": 7,
        "1": 68,
        "2": 14,
        "3": 8,
        "4": 10,
        "5": 4,
        "6": 1,
        "7": 3,
        "8": 12,
        "9": 11
      },
      "class_density": {
        "0": 0.050724637681159424,
        "1": 0.4927536231884058,
        "2": 0.10144927536231885,
        "3": 0.057971014492753624,
        "4": 0.07246376811594203,
        "5": 0.028985507246376812,
        "6": 0.007246376811594203,
        "7": 0.021739130434782608,
        "8": 0.08695652173913043,
        "9": 0.07971014492753623
      },
      "entropy_nat": 1.723
    },
    "5": {
      "n": 0,
      "class_counts": {
        "0": 0,
        "1": 0,
        "2": 0,
        "3": 0,
        "4": 0,
        "5": 0,
        "6": 0,
        "7": 0,
        "8": 0,
        "9": 0
      },
      "class_density": {
        "0": 0.0,
        "1": 0.0,
        "2": 0.0,
        "3": 0.0,
        "4": 0.0,
        "5": 0.0,
        "6": 0.0,
        "7": 0.0,
        "8": 0.0,
        "9": 0.0
      },
      "entropy_nat": 0.0
    },
    "6": {
      "n": 0,
      "class_counts": {
        "0": 0,
        "1": 0,
        "2": 0,
        "3": 0,
        "4": 0,
        "5": 0,
        "6": 0,
        "7": 0,
        "8": 0,
        "9": 0
      },
      "class_density": {
        "0": 0.0,
        "1": 0.0,
        "2": 0.0,
        "3": 0.0,
        "4": 0.0,
        "5": 0.0,
        "6": 0.0,
        "7": 0.0,
        "8": 0.0,
        "9": 0.0
      },
      "entropy_nat": 0.0
    },
    "7": {
      "n": 0,
      "class_counts": {
        "0": 0,
        "1": 0,
        "2": 0,
        "3": 0,
        "4": 0,
        "5": 0,
        "6": 0,
        "7": 0,
        "8": 0,
        "9": 0
      },
      "class_density": {
        "0": 0.0,
        "1": 0.0,
        "2": 0.0,
        "3": 0.0,
        "4": 0.0,
        "5": 0.0,
        "6": 0.0,
        "7": 0.0,
        "8": 0.0,
        "9": 0.0
      },
      "entropy_nat": 0.0
    },
    "8": {
      "n": 0,
      "class_counts": {
        "0": 0,
        "1": 0,
        "2": 0,
        "3": 0,
        "4": 0,
        "5": 0,
        "6": 0,
        "7": 0,
        "8": 0,
        "9": 0
      },
      "class_density": {
        "0": 0.0,
        "1": 0.0,
        "2": 0.0,
        "3": 0.0,
        "4": 0.0,
        "5": 0.0,
        "6": 0.0,
        "7": 0.0,
        "8": 0.0,
        "9": 0.0
      },
      "entropy_nat": 0.0
    },
    "9": {
      "n": 0,
      "class_counts": {
        "0": 0,
        "1": 0,
        "2": 0,
        "3": 0,
        "4": 0,
        "5": 0,
        "6": 0,
        "7": 0,
        "8": 0,
        "9": 0
      },
      "class_density": {
        "0": 0.0,
        "1": 0.0,
        "2": 0.0,
        "3": 0.0,
        "4": 0.0,
        "5": 0.0,
        "6": 0.0,
        "7": 0.0,
        "8": 0.0,
        "9": 0.0
      },
      "entropy_nat": 0.0
    },
    "10": {
      "n": 543,
      "class_counts": {
        "0": 14,
        "1": 26,
        "2": 42,
        "3": 52,
        "4": 114,
        "5": 94,
        "6": 62,
        "7": 11,
        "8": 71,
        "9": 57
      },
      "class_density": {
        "0": 0.02578268876611418,
        "1": 0.04788213627992634,
        "2": 0.07734806629834254,
        "3": 0.09576427255985268,
        "4": 0.20994475138121546,
        "5": 0.1731123388581952,
        "6": 0.1141804788213628,
        "7": 0.020257826887661142,
        "8": 0.13075506445672191,
        "9": 0.10497237569060773
      },
      "entropy_nat": 2.1231
    },
    "11": {
      "n": 4,
      "class_counts": {
        "0": 4,
        "1": 0,
        "2": 0,
        "3": 0,
        "4": 0,
        "5": 0,
        "6": 0,
        "7": 0,
        "8": 0,
        "9": 0
      },
      "class_density": {
        "0": 1.0,
        "1": 0.0,
        "2": 0.0,
        "3": 0.0,
        "4": 0.0,
        "5": 0.0,
        "6": 0.0,
        "7": 0.0,
        "8": 0.0,
        "9": 0.0
      },
      "entropy_nat": -0.0
    },
    "12": {
      "n": 17,
      "class_counts": {
        "0": 4,
        "1": 0,
        "2": 1,
        "3": 3,
        "4": 1,
        "5": 2,
        "6": 0,
        "7": 0,
        "8": 6,
        "9": 0
      },
      "class_density": {
        "0": 0.23529411764705882,
        "1": 0.0,
        "2": 0.058823529411764705,
        "3": 0.17647058823529413,
        "4": 0.058823529411764705,
        "5": 0.11764705882352941,
        "6": 0.0,
        "7": 0.0,
        "8": 0.35294117647058826,
        "9": 0.0
      },
      "entropy_nat": 1.5992
    },
    "13": {
      "n": 25,
      "class_counts": {
        "0": 16,
        "1": 0,
        "2": 1,
        "3": 0,
        "4": 0,
        "5": 6,
        "6": 0,
        "7": 1,
        "8": 1,
        "9": 0
      },
      "class_density": {
        "0": 0.64,
        "1": 0.0,
        "2": 0.04,
        "3": 0.0,
        "4": 0.0,
        "5": 0.24,
        "6": 0.0,
        "7": 0.04,
        "8": 0.04,
        "9": 0.0
      },
      "entropy_nat": 1.0144
    },
    "14": {
      "n": 0,
      "class_counts": {
        "0": 0,
        "1": 0,
        "2": 0,
        "3": 0,
        "4": 0,
        "5": 0,
        "6": 0,
        "7": 0,
        "8": 0,
        "9": 0
      },
      "class_density": {
        "0": 0.0,
        "1": 0.0,
        "2": 0.0,
        "3": 0.0,
        "4": 0.0,
        "5": 0.0,
        "6": 0.0,
        "7": 0.0,
        "8": 0.0,
        "9": 0.0
      },
      "entropy_nat": 0.0
    },
    "15": {
      "n": 17,
      "class_counts": {
        "0": 13,
        "1": 0,
        "2": 0,
        "3": 0,
        "4": 0,
        "5": 0,
        "6": 3,
        "7": 0,
        "8": 1,
        "9": 0
      },
      "class_density": {
        "0": 0.7647058823529411,
        "1": 0.0,
        "2": 0.0,
        "3": 0.0,
        "4": 0.0,
        "5": 0.0,
        "6": 0.17647058823529413,