{
  "n_samples": 2000,
  "per_cluster": {
    "0": {
      "n": 4,
      "class_counts": {
        "0": 0,
        "1": 0,
        "2": 1,
        "3": 3,
        "4": 0,
        "5": 0,
        "6": 0,
        "7": 0,
        "8": 0,
        "9": 0
      },
      "class_density": {
        "0": 0.0,
        "1": 0.0,
        "2": 0.25,
        "3": 0.75,
        "4": 0.0,
        "5": 0.0,
        "6": 0.0,
        "7": 0.0,
        "8": 0.0,
        "9": 0.0
      },
      "entropy_nat": 0.5623
    },
    "1": {
      "n": 30,
      "class_counts": {
        "0": 15,
        "1": 0,
        "2": 2,
        "3": 1,
        "4": 3,
        "5": 0,
        "6": 0,
        "7": 0,
        "8": 7,
        "9": 2
      },
      "class_density": {
        "0": 0.5,
        "1": 0.0,
        "2": 0.06666666666666667,
        "3": 0.03333333333333333,
        "4": 0.1,
        "5": 0.0,
        "6": 0.0,
        "7": 0.0,
        "8": 0.23333333333333334,
        "9": 0.06666666666666667
      },
      "entropy_nat": 1.3908
    },
    "2": {
      "n": 0,
      "class_counts": {
        "0": 0,
        "1": 0,
        "2": 0,
        "3": 0,
        "4": 0,
        "5": 0,
        "6": 0,
        "7": 0,
        "8": 0,
        "9": 0
      },
      "class_density": {
        "0": 0.0,
        "1": 0.0,
        "2": 0.0,
        "3": 0.0,
        "4": 0.0,
        "5": 0.0,
        "6": 0.0,
        "7": 0.0,
        "8": 0.0,
        "9": 0.0
      },
      "entropy_nat": 0.0
    },
    "3": {
      "n": 0,
      "class_counts": {
        "0": 0,
        "1": 0,
        "2": 0,
        "3": 0,
        "4": 0,
        "5": 0,
        "6": 0,
        "7": 0,
        "8": 0,
        "9": 0
      },
      "class_density": {
        "0": 0.0,
        "1": 0.0,
        "2": 0.0,
        "3": 0.0,
        "4": 0.0,
        "5": 0.0,
        "6": 0.0,
        "7": 0.0,
        "8": 0.0,
        "9": 0.0
      },
      "entropy_nat": 0.0
    },
    "4": {
      "n": 0,
      "class_counts": {
        "0": 0,
        "1": 0,
        "2": 0,
        "3": 0,
        "4": 0,
        "5": 0,
        "6": 0,
        "7": 0,
        "8": 0,
        "9": 0
      },
      "class_density": {
        "0": 0.0,
        "1": 0.0,
        "2": 0.0,
        "3": 0.0,
        "4": 0.0,
        "5": 0.0,
        "6": 0.0,
        "7": 0.0,
        "8": 0.0,
        "9": 0.0
      },
      "entropy_nat": 0.0
    },
    "5": {
      "n": 3,
      "class_counts": {
        "0": 1,
        "1": 0,
        "2": 0,
        "3": 2,
        "4": 0,
        "5": 0,
        "6": 0,
        "7": 0,
        "8": 0,
        "9": 0
      },
      "class_density": {
        "0": 0.3333333333333333,
        "1": 0.0,
        "2": 0.0,
        "3": 0.6666666666666666,
        "4": 0.0,
        "5": 0.0,
        "6": 0.0,
        "7": 0.0,
        "8": 0.0,
        "9": 0.0
      },
      "entropy_nat": 0.6365
    },
    "6": {
      "n": 1,
      "class_counts": {
        "0": 1,
        "1": 0,
        "2": 0,
        "3": 0,
        "4": 0,
        "5": 0,
        "6": 0,
        "7": 0,
        "8": 0,
        "9": 0
      },
      "class_density": {
        "0": 1.0,
        "1": 0.0,
        "2": 0.0,
        "3": 0.0,
        "4": 0.0,
        "5": 0.0,
        "6": 0.0,
        "7": 0.0,
        "8": 0.0,
        "9": 0.0
      },
      "entropy_nat": -0.0
    },
    "7": {
      "n": 8,
      "class_counts": {
        "0": 0,
        "1": 8,
        "2": 0,
        "3": 0,
        "4": 0,
        "5": 0,
        "6": 0,
        "7": 0,
        "8": 0,
        "9": 0
      },
      "class_density": {
        "0": 0.0,
        "1": 1.0,
        "2": 0.0,
        "3": 0.0,
        "4": 0.0,
        "5": 0.0,
        "6": 0.0,
        "7": 0.0,
        "8": 0.0,
        "9": 0.0
      },
      "entropy_nat": -0.0
    },
    "8": {
      "n": 38,
      "class_counts": {
        "0": 0,
        "1": 37,
        "2": 0,
        "3": 0,
        "4": 0,
        "5": 0,
        "6": 0,
        "7": 0,
        "8": 1,
        "9": 0
      },
      "class_density": {
        "0": 0.0,
        "1": 0.9736842105263158,
        "2": 0.0,
        "3": 0.0,
        "4": 0.0,
        "5": 0.0,
        "6": 0.0,
        "7": 0.0,
        "8": 0.02631578947368421,
        "9": 0.0
      },
      "entropy_nat": 0.1217
    },
    "9": {
      "n": 3,
      "class_counts": {
        "0": 0,
        "1": 0,
        "2": 3,
        "3": 0,
        "4": 0,
        "5": 0,
        "6": 0,
        "7": 0,
        "8": 0,
        "9": 0
      },
      "class_density": {
        "0": 0.0,
        "1": 0.0,
        "2": 1.0,
        "3": 0.0,
        "4": 0.0,
        "5": 0.0,
        "6": 0.0,
        "7": 0.0,
        "8": 0.0,
        "9": 0.0
      },
      "entropy_nat": -0.0
    },
    "10": {
      "n": 77,
      "class_counts": {
        "0": 0,
        "1": 0,
        "2": 59,
        "3": 16,
        "4": 0,
        "5": 1,
        "6": 0,
        "7": 0,
        "8": 1,
        "9": 0
      },
      "class_density": {
        "0": 0.0,
        "1": 0.0,
        "2": 0.7662337662337663,
        "3": 0.2077922077922078,
        "4": 0.0,
        "5": 0.012987012987012988,
        "6": 0.0,
        "7": 0.0,
        "8": 0.012987012987012988,
        "9": 0.0
      },
      "entropy_nat": 0.6433
    },
    "11": {
      "n": 0,
      "class_counts": {
        "0": 0,
        "1": 0,
        "2": 0,
        "3": 0,
        "4": 0,
        "5": 0,
        "6": 0,
        "7": 0,
        "8": 0,
        "9": 0
      },
      "class_density": {
        "0": 0.0,
        "1": 0.0,
        "2": 0.0,
        "3": 0.0,
        "4": 0.0,
        "5": 0.0,
        "6": 0.0,
        "7": 0.0,
        "8": 0.0,
        "9": 0.0
      },
      "entropy_nat": 0.0
    },
    "12": {
      "n": 6,
      "class_counts": {
        "0": 0,
        "1": 0,
        "2": 6,
        "3": 0,
        "4": 0,
        "5": 0,
        "6": 0,
        "7": 0,
        "8": 0,
        "9": 0
      },
      "class_density": {
        "0": 0.0,
        "1": 0.0,
        "2": 1.0,
        "3": 0.0,
        "4": 0.0,
        "5": 0.0,
        "6": 0.0,
        "7": 0.0,
        "8": 0.0,
        "9": 0.0
      },
      "entropy_nat": -0.0
    },
    "13": {
      "n": 2,
      "class_counts": {
        "0": 2,
        "1": 0,
        "2": 0,
        "3": 0,
        "4": 0,
        "5": 0,
        "6": 0,
        "7": 0,
        "8": 0,
        "9": 0
      },
      "class_density": {
        "0": 1.0,
        "1": 0.0,
        "2": 0.0,
        "3": 0.0,
        "4": 0.0,
        "5": 0.0,
        "6": 0.0,
        "7": 0.0,
        "8": 0.0,
        "9": 0.0
      },
      "entropy_nat": -0.0
    },
    "14": {
      "n": 23,
      "class_counts": {
        "0": 0,
        "1": 0,
        "2": 7,
        "3": 9,
        "4": 0,
        "5": 3,
        "6": 0,
        "7": 0,
        "8": 4,
        "9": 0
      },
      "class_density": {
        "0": 0.0,
        "1": 0.0,
        "2": 0.30434782608695654,
        "3": 0.391304347826087,
        "4": 0.0,
        "5": 0.13043478260869565,
        "6": 0.0,
        "7": 0.0,
        "8": 0.17391304347826086,
        "9": 0.0
      },
      "entropy_nat": 1.2991
    },
    "15": {
      "n": 113,
      "class_counts": {
        "0": 43,
        "1": 0,
        "2": 0,
        "3": 0,
        "4": 4,
        "5": 1,
        "6": 12,
        "7": 31,
        "8": 5,
        "9": 17
      },
      "class_density": {
        "0": 0.3805309734513274,
        "1": 0.0,
        "2": 0.0,
        "3": 0.0,
        "4": 0.035398230088495575,
        "5": 0.008849557522123894,
        "6": 0.10619469026548672,
        "7": 0.2743362831858407,
        "8": 0.04424778761061947,
        "9": 0.1504424778761062
      },
      "entropy_nat": 1.5437
    },
    "16": {
      "n": 1,
      "class_counts": {
        "0": 0,
        "1": 0,
        "2": 0,
        "3": 1,
        "4": 0,
        "5": 0,