{
  "best_epoch": 15,
  "best_macro_auc": 0.9598815841706138,
  "per_digit_best_auc": {
    "0": 0.9826009064342637,
    "1": 0.9970203619951129,
    "2": 0.9299587765546161,
    "3": 0.9649857338162189,
    "4": 0.9473462524008421,
    "5": 0.9171724221982513,
    "6": 0.9943495298151719,
    "7": 0.9805298782744337,
    "8": 0.9285153612993816,
    "9": 0.9563366189178456
  },
  "curvature": 1.0,
  "objective": "soft-boundary",
  "lambda_excl": 0.01,
  "margin_excl": 0.1,
  "lambda_overlap": 0.0,
  "margin_overlap": 0.05
}