{
  "run_dir": "samplesvdd/hySpUnsup/runs/sensitivity_v3/grid_lb50_ub0p20",
  "checkpoint": "samplesvdd/hySpUnsup/runs/sensitivity_v3/grid_lb50_ub0p20/checkpoint_v2.pth",
  "n_spheres": 30,
  "curvature": 1.0,
  "objective": "union-soft",
  "active_cluster_mask": [
    true,
    true,
    false,
    false,
    true,
    true,
    true,
    false,
    false,
    false,
    false,
    true,
    false,
    false,
    false,
    true,
    true,
    false,
    true,
    false,
    true,
    true,
    false,
    false,
    false,
    true,
    true,
    false,
    false,
    true
  ],
  "train_macro_auc": 0.49888594270406034,
  "train_per_digit_auc": {
    "0": 0.5894594515679468,
    "1": 0.5900448216131743,
    "2": 0.4399905790629521,
    "3": 0.42127314152868894,
    "4": 0.4740364221972298,
    "5": 0.38269626343822505,
    "6": 0.5387294913318363,
    "7": 0.3684497810286925,
    "8": 0.5497522112649127,
    "9": 0.6344272640069448
  },
  "test_macro_auc": 0.49889950711874054,
  "test_per_digit_auc": {
    "0": 0.5902818319846408,
    "1": 0.5899964966116865,
    "2": 0.4437595100026938,
    "3": 0.42530383758688484,
    "4": 0.4775932927899242,
    "5": 0.3849016915439404,
    "6": 0.5409766822042051,
    "7": 0.3683881543185136,
    "8": 0.5395077483918665,
    "9": 0.6282858257530504
  }
}