{
  "n_samples": 2000,
  "per_cluster": {
    "0": {
      "n": 0,
      "class_counts": {
        "0": 0,
        "1": 0,
        "2": 0,
        "3": 0,
        "4": 0,
        "5": 0,
        "6": 0,
        "7": 0,
        "8": 0,
        "9": 0
      },
      "class_density": {
        "0": 0.0,
        "1": 0.0,
        "2": 0.0,
        "3": 0.0,
        "4": 0.0,
        "5": 0.0,
        "6": 0.0,
        "7": 0.0,
        "8": 0.0,
        "9": 0.0
      },
      "entropy_nat": 0.0
    },
    "1": {
      "n": 2,
      "class_counts": {
        "0": 0,
        "1": 0,
        "2": 2,
        "3": 0,
        "4": 0,
        "5": 0,
        "6": 0,
        "7": 0,
        "8": 0,
        "9": 0
      },
      "class_density": {
        "0": 0.0,
        "1": 0.0,
        "2": 1.0,
        "3": 0.0,
        "4": 0.0,
        "5": 0.0,
        "6": 0.0,
        "7": 0.0,
        "8": 0.0,
        "9": 0.0
      },
      "entropy_nat": -0.0
    },
    "2": {
      "n": 0,
      "class_counts": {
        "0": 0,
        "1": 0,
        "2": 0,
        "3": 0,
        "4": 0,
        "5": 0,
        "6": 0,
        "7": 0,
        "8": 0,
        "9": 0
      },
      "class_density": {
        "0": 0.0,
        "1": 0.0,
        "2": 0.0,
        "3": 0.0,
        "4": 0.0,
        "5": 0.0,
        "6": 0.0,
        "7": 0.0,
        "8": 0.0,
        "9": 0.0
      },
      "entropy_nat": 0.0
    },
    "3": {
      "n": 11,
      "class_counts": {
        "0": 0,
        "1": 0,
        "2": 6,
        "3": 2,
        "4": 0,
        "5": 0,
        "6": 0,
        "7": 1,
        "8": 2,
        "9": 0
      },
      "class_density": {
        "0": 0.0,
        "1": 0.0,
        "2": 0.5454545454545454,
        "3": 0.18181818181818182,
        "4": 0.0,
        "5": 0.0,
        "6": 0.0,
        "7": 0.09090909090909091,
        "8": 0.18181818181818182,
        "9": 0.0
      },
      "entropy_nat": 1.1685
    },
    "4": {
      "n": 0,
      "class_counts": {
        "0": 0,
        "1": 0,
        "2": 0,
        "3": 0,
        "4": 0,
        "5": 0,
        "6": 0,
        "7": 0,
        "8": 0,
        "9": 0
      },
      "class_density": {
        "0": 0.0,
        "1": 0.0,
        "2": 0.0,
        "3": 0.0,
        "4": 0.0,
        "5": 0.0,
        "6": 0.0,
        "7": 0.0,
        "8": 0.0,
        "9": 0.0
      },
      "entropy_nat": 0.0
    },
    "5": {
      "n": 431,
      "class_counts": {
        "0": 16,
        "1": 103,
        "2": 34,
        "3": 41,
        "4": 63,
        "5": 44,
        "6": 10,
        "7": 8,
        "8": 24,
        "9": 88
      },
      "class_density": {
        "0": 0.037122969837587005,
        "1": 0.23897911832946636,
        "2": 0.07888631090487239,
        "3": 0.0951276102088167,
        "4": 0.14617169373549885,
        "5": 0.10208816705336426,
        "6": 0.02320185614849188,
        "7": 0.018561484918793503,
        "8": 0.05568445475638051,
        "9": 0.20417633410672853
      },
      "entropy_nat": 2.049
    },
    "6": {
      "n": 4,
      "class_counts": {
        "0": 0,
        "1": 0,
        "2": 4,
        "3": 0,
        "4": 0,
        "5": 0,
        "6": 0,
        "7": 0,
        "8": 0,
        "9": 0
      },
      "class_density": {
        "0": 0.0,
        "1": 0.0,
        "2": 1.0,
        "3": 0.0,
        "4": 0.0,
        "5": 0.0,
        "6": 0.0,
        "7": 0.0,
        "8": 0.0,
        "9": 0.0
      },
      "entropy_nat": -0.0
    },
    "7": {
      "n": 8,
      "class_counts": {
        "0": 0,
        "1": 0,
        "2": 1,
        "3": 4,
        "4": 0,
        "5": 1,
        "6": 0,
        "7": 0,
        "8": 2,
        "9": 0
      },
      "class_density": {
        "0": 0.0,
        "1": 0.0,
        "2": 0.125,
        "3": 0.5,
        "4": 0.0,
        "5": 0.125,
        "6": 0.0,
        "7": 0.0,
        "8": 0.25,
        "9": 0.0
      },
      "entropy_nat": 1.213
    },
    "8": {
      "n": 8,
      "class_counts": {
        "0": 0,
        "1": 0,
        "2": 2,
        "3": 6,
        "4": 0,
        "5": 0,
        "6": 0,
        "7": 0,
        "8": 0,
        "9": 0
      },
      "class_density": {
        "0": 0.0,
        "1": 0.0,
        "2": 0.25,
        "3": 0.75,
        "4": 0.0,
        "5": 0.0,
        "6": 0.0,
        "7": 0.0,
        "8": 0.0,
        "9": 0.0
      },
      "entropy_nat": 0.5623
    },
    "9": {
      "n": 723,
      "class_counts": {
        "0": 122,
        "1": 92,
        "2": 33,
        "3": 49,
        "4": 37,
        "5": 91,
        "6": 182,
        "7": 74,
        "8": 24,
        "9": 19
      },
      "class_density": {
        "0": 0.16874135546334718,
        "1": 0.1272475795297372,
        "2": 0.04564315352697095,
        "3": 0.0677731673582296,
        "4": 0.051175656984785614,
        "5": 0.12586445366528354,
        "6": 0.2517289073305671,
        "7": 0.10235131396957123,
        "8": 0.03319502074688797,
        "9": 0.02627939142461964
      },
      "entropy_nat": 2.0881
    },
    "10": {
      "n": 0,
      "class_counts": {
        "0": 0,
        "1": 0,
        "2": 0,
        "3": 0,
        "4": 0,
        "5": 0,
        "6": 0,
        "7": 0,
        "8": 0,
        "9": 0
      },
      "class_density": {
        "0": 0.0,
        "1": 0.0,
        "2": 0.0,
        "3": 0.0,
        "4": 0.0,
        "5": 0.0,
        "6": 0.0,
        "7": 0.0,
        "8": 0.0,
        "9": 0.0
      },
      "entropy_nat": 0.0
    },
    "11": {
      "n": 20,
      "class_counts": {
        "0": 0,
        "1": 3,
        "2": 5,
        "3": 8,
        "4": 0,
        "5": 1,
        "6": 0,
        "7": 1,
        "8": 2,
        "9": 0
      },
      "class_density": {
        "0": 0.0,
        "1": 0.15,
        "2": 0.25,
        "3": 0.4,
        "4": 0.0,
        "5": 0.05,
        "6": 0.0,
        "7": 0.05,
        "8": 0.1,
        "9": 0.0
      },
      "entropy_nat": 1.5275
    },
    "12": {
      "n": 55,
      "class_counts": {
        "0": 0,
        "1": 0,
        "2": 3,
        "3": 8,
        "4": 3,
        "5": 6,
        "6": 0,
        "7": 4,
        "8": 29,
        "9": 2
      },
      "class_density": {
        "0": 0.0,
        "1": 0.0,
        "2": 0.05454545454545454,
        "3": 0.14545454545454545,
        "4": 0.05454545454545454,
        "5": 0.10909090909090909,
        "6": 0.0,
        "7": 0.07272727272727272,
        "8": 0.5272727272727272,
        "9": 0.03636363636363636
      },
      "entropy_nat": 1.488
    },
    "13": {
      "n": 11,
      "class_counts": {
        "0": 0,
        "1": 1,
        "2": 8,
        "3": 2,
        "4": 0,
        "5": 0,
        "6": 0,
        "7": 0,
        "8": 0,
        "9": 0
      },
      "class_density": {
        "0": 0.0,
        "1": 0.09090909090909091,
        "2": 0.7272727272727273,
        "3": 0.18181818181818182,
        "4": 0.0,
        "5": 0.0,
        "6": 0.0,
        "7": 0.0,
        "8": 0.0,
        "9": 0.0
      },
      "entropy_nat": 0.7595
    },
    "14": {
      "n": 0,
      "class_counts": {
        "0": 0,
        "1": 0,
        "2": 0,
        "3": 0,
        "4": 0,
        "5": 0,
        "6": 0,
        "7": 0,
        "8": 0,
        "9": 0
      },
      "class_density": {
        "0": 0.0,
        "1": 0.0,
        "2": 0.0,
        "3": 0.0,
        "4": 0.0,
        "5": 0.0,
        "6": 0.0,
        "7": 0.0,
        "8": 0.0,
        "9": 0.0
      },
      "entropy_nat": 0.0
    },
    "15": {
      "n": 8,
      "class_counts": {
        "0": 0,
        "1": 0,
        "2": 3,
        "3": 3,
        "4": 0,
        "5": 0,
        "6": 0,
        "7": 0,
        "8": 2,
        "9": 0
      },
      "class_density": {
        "0": 0.0,
        "1": 0.0,
        "2": 0.375,
        "3": 0.375,
        "4": 0.0,
        "5": 0.0,
        "6": 0.0,
        "7": 0.0,
        "8": 0.25,