{
  "version": 2,
  "checkpoint_selection": "min_training_loss",
  "best_epoch": 20,
  "best_training_loss": 0.6591760407794606,
  "macro_auc_test_at_best_epoch": 0.5013632725268715,
  "per_digit_auc_at_best_epoch": {
    "0": 0.35017202595148866,
    "1": 0.2966744150364404,
    "2": 0.7016948575803548,
    "3": 0.610357556620957,
    "4": 0.4710088745574643,
    "5": 0.3764155405543519,
    "6": 0.5685158635109093,
    "7": 0.461653225252287,
    "8": 0.647095609358373,
    "9": 0.5300447568460886
  },
  "macro_auc_test_pruned_active_spheres": 0.5012371430369796,
  "per_digit_auc_test_pruned_active_spheres": {
    "0": 0.3578207299638004,
    "1": 0.3031040531901291,
    "2": 0.718477435453914,
    "3": 0.6528595206049917,
    "4": 0.4324056712695158,
    "5": 0.3944091389928238,
    "6": 0.5373722604677345,
    "7": 0.44576054375129265,
    "8": 0.6547832453309463,
    "9": 0.515378831344648
  },
  "curvature": 1.0,
  "n_spheres": 30,
  "geometry": "hyperbolic",
  "train_normal_digits": [
    2
  ],
  "test_digits": [
    0,
    1,
    2,
    3,
    4,
    5,
    6,
    7,
    8,
    9
  ],
  "objective": "union-soft",
  "unsupervised": true,
  "ae_checkpoint": "samplesvdd/hySpUnsup/runs/my_v3_ae200_stage1/ae_stage1_ep200.pth",
  "prune": {
    "train_argmin_counts": [
      342,
      74,
      315,
      57,
      73,
      234,
      78,
      30,
      140,
      112,
      38,
      264,
      36,
      200,
      744,
      732,
      98,
      45,
      56,
      62,
      399,
      87,
      105,
      57,
      205,
      38,
      82,
      406,
      43,
      433
    ],
    "silhouette_mean_per_cluster_euclidean_z": {
      "0": null,
      "1": null,
      "2": null,
      "3": null,
      "4": null,
      "5": null,
      "6": null,
      "7": null,
      "8": null,
      "9": null,
      "10": null,
      "11": null,
      "12": null,
      "13": null,
      "14": null,
      "15": null,
      "16": null,
      "17": null,
      "18": null,
      "19": null,
      "20": null,
      "21": null,
      "22": null,
      "23": null,
      "24": null,
      "25": null,
      "26": null,
      "27": null,
      "28": null,
      "29": null
    },
    "active_cluster_mask": [
      true,
      true,
      true,
      true,
      true,
      true,
      true,
      false,
      true,
      true,
      false,
      true,
      false,
      true,
      true,
      true,
      true,
      false,
      true,
      true,
      true,
      true,
      true,
      true,
      true,
      false,
      true,
      true,
      false,
      true
    ]
  },
  "split_overloaded": {
    "enabled": true,
    "max_cluster_fraction": 0.2,
    "applied": false,
    "n_train": 5585,
    "cap_count": 1117,
    "counts_before": [
      345,
      82,
      356,
      57,
      73,
      237,
      78,
      0,
      156,
      112,
      0,
      290,
      0,
      213,
      803,
      744,
      98,
      0,
      56,
      63,
      401,
      87,
      143,
      57,
      205,
      0,
      82,
      412,
      0,
      435
    ],
    "overloaded_clusters": [],
    "spare_inactive_clusters": [
      7,
      10,
      12,
      17,
      25,
      28
    ],
    "splits": []
  },
  "hybrid_rebalance": {
    "enabled": true,
    "lb_min_cluster_members": 50,
    "ub_max_cluster_fraction": 0.2,
    "max_iters": 4,
    "hard_cap_enabled": true,
    "chaos_factor": 0.15,
    "iterations": [
      {
        "iter": 1,
        "lb": {
          "enabled": true,
          "counts": [
            342,
            74,
            315,
            57,
            73,
            234,
            78,
            30,
            140,
            112,
            38,
            264,
            36,
            200,
            744,
            732,
            98,
            45,
            56,
            62,
            399,
            87,
            105,
            57,
            205,
            38,
            82,
            406,
            43,
            433
          ],
          "active_before": [
            true,
            true,
            true,
            true,
            true,
            true,
            true,
            false,
            true,
            true,
            false,
            true,
            false,
            true,
            true,
            true,
            true,
            false,
            true,
            true,
            true,
            true,
            true,
            true,
            true,
            false,
            true,
            true,
            false,
            true
          ],
          "active_after": [
            true,
            true,
            true,
            true,
            true,
            true,
            true,
            false,
            true,
            true,
            false,
            true,
            false,
            true,
            true,
            true,
            true,
            false,
            true,
            true,
            true,
            true,
            true,
            true,
            true,
            false,
            true,
            true,
            false,
            true
          ],
          "changed": false
        },
        "ub": {
          "enabled": true,
          "max_cluster_fraction": 0.2,
          "applied": false,
          "n_train": 5585,
          "cap_count": 1117,
          "counts_before": [
            345,
            82,
            356,
            57,
            73,
            237,
            78,
            0,
            156,
            112,
            0,
            290,
            0,
            213,
            803,
            744,
            98,
            0,
            56,
            63,
            401,
            87,
            143,
            57,
            205,
            0,
            82,
            412,
            0,
            435
          ],
          "overloaded_clusters": [],
          "spare_inactive_clusters": [
            7,
            10,
            12,
            17,
            25,
            28
          ],
          "splits": []
        },
        "hard_cap": {
          "enabled": true,
          "max_cluster_fraction": 0.2,
          "chaos_factor": 0.15,
          "applied": false,
          "n_train": 5585,
          "cap_count": 1117,
          "counts_before": [
            345,
            82,
            356,
            57,
            73,
            237,
            78,
            0,
            156,
            112,
            0,
            290,
            0,
            213,
            803,
            744,
            98,
            0,
            56,
            63,
            401,
            87,
            143,
            57,
            205,
            0,
            82,
            412,
            0,
            435
          ],
          "counts_after": [
            345,
            82,
            356,
            57,
            73,
            237,
            78,
            0,
            156,
            112,
            0,
            290,
            0,
            213,
            803,
            744,
            98,
            0,
            56,
            63,
            401,
            87,
            143,
            57,
            205,
            0,
            82,
            412,
            0,
            435
          ],
          "overflow_reassigned": 0
        },
        "changed": false
      }
    ],
    "applied": false,
    "active_cluster_mask_after_hybrid": [
      true,
      true,
      true,
      true,
      true,
      true,
      true,
      false,
      true,
      true,
      false,
      true,
      false,
      true,
      true,
      true,
      true,
      false,
      true,
      true,
      true,
      true,
      true,
      true,
      true,
      false,
      true,
      true,
      false,
      true
    ]
  },