{
  "n_samples": 2000,
  "per_cluster": {
    "0": {
      "n": 188,
      "class_counts": {
        "0": 14,
        "1": 26,
        "2": 12,
        "3": 21,
        "4": 12,
        "5": 3,
        "6": 0,
        "7": 41,
        "8": 48,
        "9": 11
      },
      "class_density": {
        "0": 0.07446808510638298,
        "1": 0.13829787234042554,
        "2": 0.06382978723404255,
        "3": 0.11170212765957446,
        "4": 0.06382978723404255,
        "5": 0.015957446808510637,
        "6": 0.0,
        "7": 0.21808510638297873,
        "8": 0.2553191489361702,
        "9": 0.05851063829787234
      },
      "entropy_nat": 1.9759
    },
    "1": {
      "n": 19,
      "class_counts": {
        "0": 0,
        "1": 0,
        "2": 2,
        "3": 4,
        "4": 2,
        "5": 4,
        "6": 0,
        "7": 1,
        "8": 6,
        "9": 0
      },
      "class_density": {
        "0": 0.0,
        "1": 0.0,
        "2": 0.10526315789473684,
        "3": 0.21052631578947367,
        "4": 0.10526315789473684,
        "5": 0.21052631578947367,
        "6": 0.0,
        "7": 0.05263157894736842,
        "8": 0.3157894736842105,
        "9": 0.0
      },
      "entropy_nat": 1.649
    },
    "2": {
      "n": 9,
      "class_counts": {
        "0": 0,
        "1": 0,
        "2": 8,
        "3": 1,
        "4": 0,
        "5": 0,
        "6": 0,
        "7": 0,
        "8": 0,
        "9": 0
      },
      "class_density": {
        "0": 0.0,
        "1": 0.0,
        "2": 0.8888888888888888,
        "3": 0.1111111111111111,
        "4": 0.0,
        "5": 0.0,
        "6": 0.0,
        "7": 0.0,
        "8": 0.0,
        "9": 0.0
      },
      "entropy_nat": 0.3488
    },
    "3": {
      "n": 5,
      "class_counts": {
        "0": 0,
        "1": 4,
        "2": 0,
        "3": 0,
        "4": 0,
        "5": 0,
        "6": 0,
        "7": 0,
        "8": 1,
        "9": 0
      },
      "class_density": {
        "0": 0.0,
        "1": 0.8,
        "2": 0.0,
        "3": 0.0,
        "4": 0.0,
        "5": 0.0,
        "6": 0.0,
        "7": 0.0,
        "8": 0.2,
        "9": 0.0
      },
      "entropy_nat": 0.5004
    },
    "4": {
      "n": 6,
      "class_counts": {
        "0": 0,
        "1": 0,
        "2": 1,
        "3": 4,
        "4": 0,
        "5": 1,
        "6": 0,
        "7": 0,
        "8": 0,
        "9": 0
      },
      "class_density": {
        "0": 0.0,
        "1": 0.0,
        "2": 0.16666666666666666,
        "3": 0.6666666666666666,
        "4": 0.0,
        "5": 0.16666666666666666,
        "6": 0.0,
        "7": 0.0,
        "8": 0.0,
        "9": 0.0
      },
      "entropy_nat": 0.8676
    },
    "5": {
      "n": 5,
      "class_counts": {
        "0": 0,
        "1": 0,
        "2": 5,
        "3": 0,
        "4": 0,
        "5": 0,
        "6": 0,
        "7": 0,
        "8": 0,
        "9": 0
      },
      "class_density": {
        "0": 0.0,
        "1": 0.0,
        "2": 1.0,
        "3": 0.0,
        "4": 0.0,
        "5": 0.0,
        "6": 0.0,
        "7": 0.0,
        "8": 0.0,
        "9": 0.0
      },
      "entropy_nat": -0.0
    },
    "6": {
      "n": 2,
      "class_counts": {
        "0": 0,
        "1": 0,
        "2": 2,
        "3": 0,
        "4": 0,
        "5": 0,
        "6": 0,
        "7": 0,
        "8": 0,
        "9": 0
      },
      "class_density": {
        "0": 0.0,
        "1": 0.0,
        "2": 1.0,
        "3": 0.0,
        "4": 0.0,
        "5": 0.0,
        "6": 0.0,
        "7": 0.0,
        "8": 0.0,
        "9": 0.0
      },
      "entropy_nat": -0.0
    },
    "7": {
      "n": 0,
      "class_counts": {
        "0": 0,
        "1": 0,
        "2": 0,
        "3": 0,
        "4": 0,
        "5": 0,
        "6": 0,
        "7": 0,
        "8": 0,
        "9": 0
      },
      "class_density": {
        "0": 0.0,
        "1": 0.0,
        "2": 0.0,
        "3": 0.0,
        "4": 0.0,
        "5": 0.0,
        "6": 0.0,
        "7": 0.0,
        "8": 0.0,
        "9": 0.0
      },
      "entropy_nat": 0.0
    },
    "8": {
      "n": 28,
      "class_counts": {
        "0": 0,
        "1": 0,
        "2": 9,
        "3": 6,
        "4": 6,
        "5": 2,
        "6": 4,
        "7": 1,
        "8": 0,
        "9": 0
      },
      "class_density": {
        "0": 0.0,
        "1": 0.0,
        "2": 0.32142857142857145,
        "3": 0.21428571428571427,
        "4": 0.21428571428571427,
        "5": 0.07142857142857142,
        "6": 0.14285714285714285,
        "7": 0.03571428571428571,
        "8": 0.0,
        "9": 0.0
      },
      "entropy_nat": 1.6105
    },
    "9": {
      "n": 23,
      "class_counts": {
        "0": 0,
        "1": 4,
        "2": 6,
        "3": 3,
        "4": 0,
        "5": 5,
        "6": 0,
        "7": 1,
        "8": 4,
        "9": 0
      },
      "class_density": {
        "0": 0.0,
        "1": 0.17391304347826086,
        "2": 0.2608695652173913,
        "3": 0.13043478260869565,
        "4": 0.0,
        "5": 0.21739130434782608,
        "6": 0.0,
        "7": 0.043478260869565216,
        "8": 0.17391304347826086,
        "9": 0.0
      },
      "entropy_nat": 1.6927
    },
    "10": {
      "n": 0,
      "class_counts": {
        "0": 0,
        "1": 0,
        "2": 0,
        "3": 0,
        "4": 0,
        "5": 0,
        "6": 0,
        "7": 0,
        "8": 0,
        "9": 0
      },
      "class_density": {
        "0": 0.0,
        "1": 0.0,
        "2": 0.0,
        "3": 0.0,
        "4": 0.0,
        "5": 0.0,
        "6": 0.0,
        "7": 0.0,
        "8": 0.0,
        "9": 0.0
      },
      "entropy_nat": 0.0
    },
    "11": {
      "n": 86,
      "class_counts": {
        "0": 0,
        "1": 17,
        "2": 8,
        "3": 6,
        "4": 22,
        "5": 9,
        "6": 0,
        "7": 0,
        "8": 6,
        "9": 18
      },
      "class_density": {
        "0": 0.0,
        "1": 0.19767441860465115,
        "2": 0.09302325581395349,
        "3": 0.06976744186046512,
        "4": 0.2558139534883721,
        "5": 0.10465116279069768,
        "6": 0.0,
        "7": 0.0,
        "8": 0.06976744186046512,
        "9": 0.20930232558139536
      },
      "entropy_nat": 1.8252
    },
    "12": {
      "n": 0,
      "class_counts": {
        "0": 0,
        "1": 0,
        "2": 0,
        "3": 0,
        "4": 0,
        "5": 0,
        "6": 0,
        "7": 0,
        "8": 0,
        "9": 0
      },
      "class_density": {
        "0": 0.0,
        "1": 0.0,
        "2": 0.0,
        "3": 0.0,
        "4": 0.0,
        "5": 0.0,
        "6": 0.0,
        "7": 0.0,
        "8": 0.0,
        "9": 0.0
      },
      "entropy_nat": 0.0
    },
    "13": {
      "n": 25,
      "class_counts": {
        "0": 1,
        "1": 0,
        "2": 5,
        "3": 10,
        "4": 0,
        "5": 3,
        "6": 0,
        "7": 0,
        "8": 6,
        "9": 0
      },
      "class_density": {
        "0": 0.04,
        "1": 0.0,
        "2": 0.2,
        "3": 0.4,
        "4": 0.0,
        "5": 0.12,
        "6": 0.0,
        "7": 0.0,
        "8": 0.24,
        "9": 0.0
      },
      "entropy_nat": 1.4141
    },
    "14": {
      "n": 56,
      "class_counts": {
        "0": 0,
        "1": 9,
        "2": 27,
        "3": 14,
        "4": 0,
        "5": 2,
        "6": 2,
        "7": 0,
        "8": 2,
        "9": 0
      },
      "class_density": {
        "0": 0.0,
        "1": 0.16071428571428573,
        "2": 0.48214285714285715,
        "3": 0.25,
        "4": 0.0,
        "5": 0.03571428571428571,
        "6": 0.03571428571428571,
        "7": 0.0,
        "8": 0.03571428571428571,
        "9": 0.0
      },
      "entropy_nat": 1.3491
    },
    "15": {
      "n": 793,
      "class_counts": {
        "0": 81,
        "1": 101,
        "2": 35,
        "3": 51,
        "4": 109,
        "5": 123,
        "6": 109,
        "7": 36,
        "8": 66,
        "9": 82
      },