{
  "version": 2,
  "checkpoint_selection": "min_training_loss",
  "best_epoch": 20,
  "best_training_loss": 0.6290359573277164,
  "macro_auc_test_at_best_epoch": 0.5014591363411528,
  "per_digit_auc_at_best_epoch": {
    "0": 0.5621548330498931,
    "1": 0.39357857051527934,
    "2": 0.4606147084260821,
    "3": 0.5342046611887759,
    "4": 0.5244905979585159,
    "5": 0.49340285722674404,
    "6": 0.5633051876997838,
    "7": 0.48767442655595467,
    "8": 0.5813580557549043,
    "9": 0.41380746503559407
  },
  "macro_auc_test_pruned_active_spheres": 0.5008324047550288,
  "per_digit_auc_test_pruned_active_spheres": {
    "0": 0.3727766421831359,
    "1": 0.4782882240122746,
    "2": 0.5296061873502431,
    "3": 0.472285101558384,
    "4": 0.6712024497997533,
    "5": 0.4320840332240969,
    "6": 0.5345051681701604,
    "7": 0.3240174921816924,
    "8": 0.5375933640088322,
    "9": 0.6559653850617142
  },
  "curvature": 1.0,
  "n_spheres": 10,
  "train_normal_digits": [
    0,
    1,
    2,
    3,
    4,
    5,
    6,
    7,
    8,
    9
  ],
  "test_digits": [
    0,
    1,
    2,
    3,
    4,
    5,
    6,
    7,
    8,
    9
  ],
  "objective": "union-soft",
  "unsupervised": true,
  "ae_checkpoint": "samplesvdd/hySpUnsup/runs/my_v3_ae200_stage1/ae_stage1_ep200.pth",
  "prune": {
    "train_argmin_counts": [
      55922,
      19,
      26,
      13,
      8,
      13,
      19,
      15,
      6,
      4
    ],
    "silhouette_mean_per_cluster_euclidean_z": {
      "0": null,
      "1": null,
      "2": null,
      "3": null,
      "4": null,
      "5": null,
      "6": null,
      "7": null,
      "8": null,
      "9": null
    },
    "active_cluster_mask": [
      true,
      false,
      false,
      false,
      false,
      false,
      false,
      false,
      false,
      false
    ]
  },
  "split_overloaded": {
    "enabled": true,
    "max_cluster_fraction": 0.2,
    "applied": true,
    "n_train": 56045,
    "cap_count": 11209,
    "counts_before": [
      56045,
      0,
      0,
      0,
      0,
      0,
      0,
      0,
      0,
      0
    ],
    "overloaded_clusters": [
      0
    ],
    "spare_inactive_clusters": [
      1,
      2,
      3,
      4,
      5,
      6,
      7,
      8,
      9
    ],
    "splits": [
      {
        "source_cluster": 0,
        "source_count": 56045,
        "groups_after_split": [
          16573,
          10828,
          10687,
          9726,
          8231
        ],
        "new_clusters_activated": [
          1,
          2,
          3,
          4
        ]
      }
    ],
    "active_cluster_mask_after_split": [
      true,
      true,
      true,
      true,
      true,
      false,
      false,
      false,
      false,
      false
    ]
  },
  "hybrid_rebalance": {
    "enabled": true,
    "lb_min_cluster_members": 50,
    "ub_max_cluster_fraction": 0.2,
    "max_iters": 4,
    "hard_cap_enabled": true,
    "chaos_factor": 0.15,
    "iterations": [
      {
        "iter": 1,
        "lb": {
          "enabled": true,
          "counts": [
            16310,
            0,
            0,
            0,
            0,
            14994,
            5831,
            7118,
            7402,
            4390
          ],
          "active_before": [
            true,
            true,
            true,
            true,
            true,
            false,
            false,
            false,
            false,
            false
          ],
          "active_after": [
            true,
            false,
            false,
            false,
            false,
            true,
            true,
            true,
            true,
            true
          ],
          "changed": true
        },
        "ub": {
          "enabled": true,
          "max_cluster_fraction": 0.2,
          "applied": true,
          "n_train": 56045,
          "cap_count": 11209,
          "counts_before": [
            16310,
            0,
            0,
            0,
            0,
            14994,
            5831,
            7118,
            7402,
            4390
          ],
          "overloaded_clusters": [
            0,
            5
          ],
          "spare_inactive_clusters": [
            1,
            2,
            3,
            4
          ],
          "splits": [
            {
              "source_cluster": 0,
              "source_count": 16310,
              "groups_after_split": [
                8417,
                7893
              ],
              "new_clusters_activated": [
                1
              ]
            },
            {
              "source_cluster": 5,
              "source_count": 14994,
              "groups_after_split": [
                9973,
                5021
              ],
              "new_clusters_activated": [
                2
              ]
            }
          ],
          "active_cluster_mask_after_split": [
            true,
            true,
            true,
            false,
            false,
            true,
            true,
            true,
            true,
            true
          ]
        },
        "hard_cap": {
          "enabled": true,
          "max_cluster_fraction": 0.2,
          "chaos_factor": 0.15,
          "applied": true,
          "n_train": 56045,
          "cap_count": 11209,
          "counts_before": [
            11776,
            0,
            0,
            0,
            0,
            10248,
            8074,
            8437,
            12386,
            5124
          ],
          "counts_after": [
            11209,
            0,
            0,
            0,
            0,
            10316,
            8610,
            8806,
            11209,
            5895
          ],
          "overflow_reassigned": 1744
        },
        "changed": true
      },
      {
        "iter": 2,
        "lb": {
          "enabled": true,
          "counts": [
            45,
            0,
            0,
            0,
            0,
            1054,
            17705,
            16502,
            685,
            20054
          ],
          "active_before": [
            true,
            true,
            true,
            false,
            false,
            true,
            true,
            true,
            true,
            true
          ],
          "active_after": [
            false,
            false,
            false,
            false,
            false,
            true,
            true,
            true,
            true,
            true
          ],
          "changed": true
        },
        "ub": {
          "enabled": true,
          "max_cluster_fraction": 0.2,
          "applied": true,
          "n_train": 56045,
          "cap_count": 11209,
          "counts_before": [
            0,
            0,
            0,
            0,
            0,
            1054,
            17709,
            16516,
            686,
            20080
          ],
          "overloaded_clusters": [
            6,
            7,
            9
          ],
          "spare_inactive_clusters": [
            0,
            1,
            2,
            3,
            4
          ],
          "splits": [
            {
              "source_cluster": 6,
              "source_count": 17709,
              "groups_after_split": [
                10415,
                7294
              ],
              "new_clusters_activated": [
                0
              ]
            },
            {
              "source_cluster": 7,
              "source_count": 16516,
              "groups_after_split": [
                8329,
                8187
              ],
              "new_clusters_activated": [
                1
              ]
            },
            {
              "source_cluster": 9,
              "source_count": 20080,
              "groups_after_split": [
                12533,
                7547
              ],