{
  "n_samples": 2000,
  "per_cluster": {
    "0": {
      "n": 47,
      "class_counts": {
        "0": 0,
        "1": 10,
        "2": 0,
        "3": 0,
        "4": 14,
        "5": 18,
        "6": 1,
        "7": 0,
        "8": 4,
        "9": 0
      },
      "class_density": {
        "0": 0.0,
        "1": 0.2127659574468085,
        "2": 0.0,
        "3": 0.0,
        "4": 0.2978723404255319,
        "5": 0.3829787234042553,
        "6": 0.02127659574468085,
        "7": 0.0,
        "8": 0.0851063829787234,
        "9": 0.0
      },
      "entropy_nat": 1.3492
    },
    "1": {
      "n": 11,
      "class_counts": {
        "0": 1,
        "1": 2,
        "2": 1,
        "3": 0,
        "4": 3,
        "5": 0,
        "6": 0,
        "7": 0,
        "8": 3,
        "9": 1
      },
      "class_density": {
        "0": 0.09090909090909091,
        "1": 0.18181818181818182,
        "2": 0.09090909090909091,
        "3": 0.0,
        "4": 0.2727272727272727,
        "5": 0.0,
        "6": 0.0,
        "7": 0.0,
        "8": 0.2727272727272727,
        "9": 0.09090909090909091
      },
      "entropy_nat": 1.6726
    },
    "2": {
      "n": 0,
      "class_counts": {
        "0": 0,
        "1": 0,
        "2": 0,
        "3": 0,
        "4": 0,
        "5": 0,
        "6": 0,
        "7": 0,
        "8": 0,
        "9": 0
      },
      "class_density": {
        "0": 0.0,
        "1": 0.0,
        "2": 0.0,
        "3": 0.0,
        "4": 0.0,
        "5": 0.0,
        "6": 0.0,
        "7": 0.0,
        "8": 0.0,
        "9": 0.0
      },
      "entropy_nat": 0.0
    },
    "3": {
      "n": 0,
      "class_counts": {
        "0": 0,
        "1": 0,
        "2": 0,
        "3": 0,
        "4": 0,
        "5": 0,
        "6": 0,
        "7": 0,
        "8": 0,
        "9": 0
      },
      "class_density": {
        "0": 0.0,
        "1": 0.0,
        "2": 0.0,
        "3": 0.0,
        "4": 0.0,
        "5": 0.0,
        "6": 0.0,
        "7": 0.0,
        "8": 0.0,
        "9": 0.0
      },
      "entropy_nat": 0.0
    },
    "4": {
      "n": 6,
      "class_counts": {
        "0": 0,
        "1": 5,
        "2": 1,
        "3": 0,
        "4": 0,
        "5": 0,
        "6": 0,
        "7": 0,
        "8": 0,
        "9": 0
      },
      "class_density": {
        "0": 0.0,
        "1": 0.8333333333333334,
        "2": 0.16666666666666666,
        "3": 0.0,
        "4": 0.0,
        "5": 0.0,
        "6": 0.0,
        "7": 0.0,
        "8": 0.0,
        "9": 0.0
      },
      "entropy_nat": 0.4506
    },
    "5": {
      "n": 0,
      "class_counts": {
        "0": 0,
        "1": 0,
        "2": 0,
        "3": 0,
        "4": 0,
        "5": 0,
        "6": 0,
        "7": 0,
        "8": 0,
        "9": 0
      },
      "class_density": {
        "0": 0.0,
        "1": 0.0,
        "2": 0.0,
        "3": 0.0,
        "4": 0.0,
        "5": 0.0,
        "6": 0.0,
        "7": 0.0,
        "8": 0.0,
        "9": 0.0
      },
      "entropy_nat": 0.0
    },
    "6": {
      "n": 2,
      "class_counts": {
        "0": 2,
        "1": 0,
        "2": 0,
        "3": 0,
        "4": 0,
        "5": 0,
        "6": 0,
        "7": 0,
        "8": 0,
        "9": 0
      },
      "class_density": {
        "0": 1.0,
        "1": 0.0,
        "2": 0.0,
        "3": 0.0,
        "4": 0.0,
        "5": 0.0,
        "6": 0.0,
        "7": 0.0,
        "8": 0.0,
        "9": 0.0
      },
      "entropy_nat": -0.0
    },
    "7": {
      "n": 14,
      "class_counts": {
        "0": 0,
        "1": 14,
        "2": 0,
        "3": 0,
        "4": 0,
        "5": 0,
        "6": 0,
        "7": 0,
        "8": 0,
        "9": 0
      },
      "class_density": {
        "0": 0.0,
        "1": 1.0,
        "2": 0.0,
        "3": 0.0,
        "4": 0.0,
        "5": 0.0,
        "6": 0.0,
        "7": 0.0,
        "8": 0.0,
        "9": 0.0
      },
      "entropy_nat": -0.0
    },
    "8": {
      "n": 14,
      "class_counts": {
        "0": 6,
        "1": 0,
        "2": 1,
        "3": 0,
        "4": 0,
        "5": 4,
        "6": 1,
        "7": 0,
        "8": 1,
        "9": 1
      },
      "class_density": {
        "0": 0.42857142857142855,
        "1": 0.0,
        "2": 0.07142857142857142,
        "3": 0.0,
        "4": 0.0,
        "5": 0.2857142857142857,
        "6": 0.07142857142857142,
        "7": 0.0,
        "8": 0.07142857142857142,
        "9": 0.07142857142857142
      },
      "entropy_nat": 1.4751
    },
    "9": {
      "n": 400,
      "class_counts": {
        "0": 58,
        "1": 4,
        "2": 111,
        "3": 80,
        "4": 12,
        "5": 39,
        "6": 65,
        "7": 12,
        "8": 16,
        "9": 3
      },
      "class_density": {
        "0": 0.145,
        "1": 0.01,
        "2": 0.2775,
        "3": 0.2,
        "4": 0.03,
        "5": 0.0975,
        "6": 0.1625,
        "7": 0.03,
        "8": 0.04,
        "9": 0.0075
      },
      "entropy_nat": 1.9018
    },
    "10": {
      "n": 37,
      "class_counts": {
        "0": 3,
        "1": 0,
        "2": 5,
        "3": 4,
        "4": 3,
        "5": 3,
        "6": 0,
        "7": 0,
        "8": 15,
        "9": 4
      },
      "class_density": {
        "0": 0.08108108108108109,
        "1": 0.0,
        "2": 0.13513513513513514,
        "3": 0.10810810810810811,
        "4": 0.08108108108108109,
        "5": 0.08108108108108109,
        "6": 0.0,
        "7": 0.0,
        "8": 0.40540540540540543,
        "9": 0.10810810810810811
      },
      "entropy_nat": 1.7286
    },
    "11": {
      "n": 69,
      "class_counts": {
        "0": 28,
        "1": 0,
        "2": 0,
        "3": 3,
        "4": 3,
        "5": 11,
        "6": 1,
        "7": 8,
        "8": 12,
        "9": 3
      },
      "class_density": {
        "0": 0.4057971014492754,
        "1": 0.0,
        "2": 0.0,
        "3": 0.043478260869565216,
        "4": 0.043478260869565216,
        "5": 0.15942028985507245,
        "6": 0.014492753623188406,
        "7": 0.11594202898550725,
        "8": 0.17391304347826086,
        "9": 0.043478260869565216
      },
      "entropy_nat": 1.6831
    },
    "12": {
      "n": 10,
      "class_counts": {
        "0": 0,
        "1": 10,
        "2": 0,
        "3": 0,
        "4": 0,
        "5": 0,
        "6": 0,
        "7": 0,
        "8": 0,
        "9": 0
      },
      "class_density": {
        "0": 0.0,
        "1": 1.0,
        "2": 0.0,
        "3": 0.0,
        "4": 0.0,
        "5": 0.0,
        "6": 0.0,
        "7": 0.0,
        "8": 0.0,
        "9": 0.0
      },
      "entropy_nat": -0.0
    },
    "13": {
      "n": 19,
      "class_counts": {
        "0": 16,
        "1": 0,
        "2": 0,
        "3": 1,
        "4": 0,
        "5": 0,
        "6": 0,
        "7": 0,
        "8": 2,
        "9": 0
      },
      "class_density": {
        "0": 0.8421052631578947,
        "1": 0.0,
        "2": 0.0,
        "3": 0.05263157894736842,
        "4": 0.0,
        "5": 0.0,
        "6": 0.0,
        "7": 0.0,
        "8": 0.10526315789473684,
        "9": 0.0
      },
      "entropy_nat": 0.5367
    },
    "14": {
      "n": 3,
      "class_counts": {
        "0": 0,
        "1": 3,
        "2": 0,
        "3": 0,
        "4": 0,
        "5": 0,
        "6": 0,
        "7": 0,
        "8": 0,
        "9": 0
      },
      "class_density": {
        "0": 0.0,
        "1": 1.0,
        "2": 0.0,
        "3": 0.0,
        "4": 0.0,
        "5": 0.0,
        "6": 0.0,
        "7": 0.0,
        "8": 0.0,
        "9": 0.0
      },
      "entropy_nat": -0.0
    },
    "15": {
      "n": 249,
      "class_counts": {
        "0": 4,
        "1": 51,
        "2": 27,
        "3": 26,
        "4": 13,
        "5": 5,
        "6": 83,
        "7": 37,
        "8": 3,
        "9": 0
      },
      "class_density": {
        "0": 0.01606425702811245,
        "1": 0.20481927710843373,
        "2": 0.10843373493975904,