{
  "run_dir": "samplesvdd/hySpUnsup/runs/sensitivity_v3/nspheres_k10",
  "checkpoint": "samplesvdd/hySpUnsup/runs/sensitivity_v3/nspheres_k10/checkpoint_v2.pth",
  "n_spheres": 10,
  "curvature": 1.0,
  "objective": "union-soft",
  "active_cluster_mask": [
    true,
    true,
    true,
    true,
    true,
    false,
    false,
    false,
    true,
    false
  ],
  "train_macro_auc": 0.5024407672984339,
  "train_per_digit_auc": {
    "0": 0.5890870655589113,
    "1": 0.3851668722893158,
    "2": 0.30686343296107327,
    "3": 0.2905627815690575,
    "4": 0.6384739016854927,
    "5": 0.48284109050933377,
    "6": 0.6399305204795985,
    "7": 0.43546980836602056,
    "8": 0.5387471863541073,
    "9": 0.7172650132114285
  },
  "test_macro_auc": 0.5030497411277736,
  "test_per_digit_auc": {
    "0": 0.5920434333504163,
    "1": 0.3768232451093211,
    "2": 0.30641777374487816,
    "3": 0.29550434463157627,
    "4": 0.62863175272921,
    "5": 0.489269201928174,
    "6": 0.6398185468237079,
    "7": 0.44092829950791224,
    "8": 0.5441127215133413,
    "9": 0.7169480919391976
  }
}