{
  "version": 2,
  "checkpoint_selection": "min_training_loss",
  "best_epoch": 20,
  "best_training_loss": 0.6280383712624851,
  "macro_auc_test_at_best_epoch": 0.5011192419930162,
  "per_digit_auc_at_best_epoch": {
    "0": 0.6018325085542723,
    "1": 0.49682424242424245,
    "2": 0.3663081765464831,
    "3": 0.42584008552754554,
    "4": 0.5225581635992098,
    "5": 0.5342253861544954,
    "6": 0.5313708646740707,
    "7": 0.4457048722841235,
    "8": 0.5760603183338162,
    "9": 0.5104678018319022
  },
  "macro_auc_test_pruned_active_spheres": 0.5030497411277736,
  "per_digit_auc_test_pruned_active_spheres": {
    "0": 0.5920434333504163,
    "1": 0.3768232451093211,
    "2": 0.30641777374487816,
    "3": 0.29550434463157627,
    "4": 0.62863175272921,
    "5": 0.489269201928174,
    "6": 0.6398185468237079,
    "7": 0.44092829950791224,
    "8": 0.5441127215133413,
    "9": 0.7169480919391976
  },
  "curvature": 1.0,
  "n_spheres": 10,
  "train_normal_digits": [
    0,
    1,
    2,
    3,
    4,
    5,
    6,
    7,
    8,
    9
  ],
  "test_digits": [
    0,
    1,
    2,
    3,
    4,
    5,
    6,
    7,
    8,
    9
  ],
  "objective": "union-soft",
  "unsupervised": true,
  "ae_checkpoint": "samplesvdd/hySpUnsup/runs/my_v3_ae200_stage1/ae_stage1_ep200.pth",
  "prune": {
    "train_argmin_counts": [
      18,
      0,
      70,
      14,
      75,
      0,
      156,
      4,
      55688,
      20
    ],
    "silhouette_mean_per_cluster_euclidean_z": {
      "0": null,
      "1": null,
      "2": null,
      "3": null,
      "4": null,
      "5": null,
      "6": null,
      "7": null,
      "8": null,
      "9": null
    },
    "active_cluster_mask": [
      false,
      false,
      true,
      false,
      true,
      false,
      true,
      false,
      true,
      false
    ]
  },
  "split_overloaded": {
    "enabled": true,
    "max_cluster_fraction": 0.2,
    "applied": true,
    "n_train": 56045,
    "cap_count": 11209,
    "counts_before": [
      0,
      0,
      70,
      0,
      75,
      0,
      156,
      0,
      55744,
      0
    ],
    "overloaded_clusters": [
      8
    ],
    "spare_inactive_clusters": [
      0,
      1,
      3,
      5,
      7,
      9
    ],
    "splits": [
      {
        "source_cluster": 8,
        "source_count": 55744,
        "groups_after_split": [
          15229,
          13987,
          10816,
          8078,
          7634
        ],
        "new_clusters_activated": [
          0,
          1,
          3,
          5
        ]
      }
    ],
    "active_cluster_mask_after_split": [
      true,
      true,
      true,
      true,
      true,
      true,
      true,
      false,
      true,
      false
    ]
  },
  "hybrid_rebalance": {
    "enabled": true,
    "lb_min_cluster_members": 50,
    "ub_max_cluster_fraction": 0.2,
    "max_iters": 4,
    "hard_cap_enabled": true,
    "chaos_factor": 0.15,
    "iterations": [
      {
        "iter": 1,
        "lb": {
          "enabled": true,
          "counts": [
            0,
            0,
            8526,
            0,
            24449,
            0,
            6112,
            11097,
            42,
            5819
          ],
          "active_before": [
            true,
            true,
            true,
            true,
            true,
            true,
            true,
            false,
            true,
            false
          ],
          "active_after": [
            false,
            false,
            true,
            false,
            true,
            false,
            true,
            true,
            false,
            true
          ],
          "changed": true
        },
        "ub": {
          "enabled": true,
          "max_cluster_fraction": 0.2,
          "applied": true,
          "n_train": 56045,
          "cap_count": 11209,
          "counts_before": [
            0,
            0,
            8526,
            0,
            24476,
            0,
            6117,
            11099,
            0,
            5827
          ],
          "overloaded_clusters": [
            4
          ],
          "spare_inactive_clusters": [
            0,
            1,
            3,
            5,
            8
          ],
          "splits": [
            {
              "source_cluster": 4,
              "source_count": 24476,
              "groups_after_split": [
                11640,
                6951,
                5885
              ],
              "new_clusters_activated": [
                0,
                1
              ]
            }
          ],
          "active_cluster_mask_after_split": [
            true,
            true,
            true,
            false,
            true,
            false,
            true,
            true,
            false,
            true
          ]
        },
        "hard_cap": {
          "enabled": true,
          "max_cluster_fraction": 0.2,
          "chaos_factor": 0.15,
          "applied": true,
          "n_train": 56045,
          "cap_count": 11209,
          "counts_before": [
            0,
            0,
            9398,
            0,
            270,
            0,
            10458,
            20136,
            0,
            15783
          ],
          "counts_after": [
            0,
            0,
            11209,
            0,
            11209,
            0,
            11209,
            11209,
            0,
            11209
          ],
          "overflow_reassigned": 13501
        },
        "changed": true
      },
      {
        "iter": 2,
        "lb": {
          "enabled": true,
          "counts": [
            0,
            0,
            4381,
            0,
            0,
            0,
            51497,
            56,
            61,
            50
          ],
          "active_before": [
            true,
            true,
            true,
            false,
            true,
            false,
            true,
            true,
            false,
            true
          ],
          "active_after": [
            false,
            false,
            true,
            false,
            false,
            false,
            true,
            true,
            true,
            true
          ],
          "changed": true
        },
        "ub": {
          "enabled": true,
          "max_cluster_fraction": 0.2,
          "applied": true,
          "n_train": 56045,
          "cap_count": 11209,
          "counts_before": [
            0,
            0,
            4381,
            0,
            0,
            0,
            51497,
            56,
            61,
            50
          ],
          "overloaded_clusters": [
            6
          ],
          "spare_inactive_clusters": [
            0,
            1,
            3,
            4,
            5
          ],
          "splits": [
            {
              "source_cluster": 6,
              "source_count": 51497,
              "groups_after_split": [
                15997,
                10337,
                9861,
                8691,
                6611
              ],
              "new_clusters_activated": [
                0,
                1,
                3,
                4
              ]
            }
          ],
          "active_cluster_mask_after_split": [
            true,
            true,
            true,
            true,
            true,
            false,
            true,
            true,
            true,
            true
          ]
        },
        "hard_cap": {
          "enabled": true,
          "max_cluster_fraction": 0.2,
          "chaos_factor": 0.15,
          "applied": true,
          "n_train": 56045,
          "cap_count": 11209,
          "counts_before": [
            0,
            0,
            50523,
            0,
            0,
            0,
            1250,
            1122,
            2655,
            495
          ],