{
  "n_samples": 2000,
  "per_cluster": {
    "0": {
      "n": 538,
      "class_counts": {
        "0": 54,
        "1": 72,
        "2": 94,
        "3": 78,
        "4": 25,
        "5": 55,
        "6": 46,
        "7": 77,
        "8": 20,
        "9": 17
      },
      "class_density": {
        "0": 0.10037174721189591,
        "1": 0.13382899628252787,
        "2": 0.17472118959107807,
        "3": 0.1449814126394052,
        "4": 0.046468401486988845,
        "5": 0.10223048327137546,
        "6": 0.08550185873605948,
        "7": 0.14312267657992564,
        "8": 0.03717472118959108,
        "9": 0.031598513011152414
      },
      "entropy_nat": 2.1805
    },
    "1": {
      "n": 0,
      "class_counts": {
        "0": 0,
        "1": 0,
        "2": 0,
        "3": 0,
        "4": 0,
        "5": 0,
        "6": 0,
        "7": 0,
        "8": 0,
        "9": 0
      },
      "class_density": {
        "0": 0.0,
        "1": 0.0,
        "2": 0.0,
        "3": 0.0,
        "4": 0.0,
        "5": 0.0,
        "6": 0.0,
        "7": 0.0,
        "8": 0.0,
        "9": 0.0
      },
      "entropy_nat": 0.0
    },
    "2": {
      "n": 438,
      "class_counts": {
        "0": 1,
        "1": 66,
        "2": 27,
        "3": 32,
        "4": 64,
        "5": 29,
        "6": 8,
        "7": 67,
        "8": 80,
        "9": 64
      },
      "class_density": {
        "0": 0.00228310502283105,
        "1": 0.1506849315068493,
        "2": 0.06164383561643835,
        "3": 0.0730593607305936,
        "4": 0.1461187214611872,
        "5": 0.06621004566210045,
        "6": 0.0182648401826484,
        "7": 0.15296803652968036,
        "8": 0.182648401826484,
        "9": 0.1461187214611872
      },
      "entropy_nat": 2.0747
    },
    "3": {
      "n": 0,
      "class_counts": {
        "0": 0,
        "1": 0,
        "2": 0,
        "3": 0,
        "4": 0,
        "5": 0,
        "6": 0,
        "7": 0,
        "8": 0,
        "9": 0
      },
      "class_density": {
        "0": 0.0,
        "1": 0.0,
        "2": 0.0,
        "3": 0.0,
        "4": 0.0,
        "5": 0.0,
        "6": 0.0,
        "7": 0.0,
        "8": 0.0,
        "9": 0.0
      },
      "entropy_nat": 0.0
    },
    "4": {
      "n": 0,
      "class_counts": {
        "0": 0,
        "1": 0,
        "2": 0,
        "3": 0,
        "4": 0,
        "5": 0,
        "6": 0,
        "7": 0,
        "8": 0,
        "9": 0
      },
      "class_density": {
        "0": 0.0,
        "1": 0.0,
        "2": 0.0,
        "3": 0.0,
        "4": 0.0,
        "5": 0.0,
        "6": 0.0,
        "7": 0.0,
        "8": 0.0,
        "9": 0.0
      },
      "entropy_nat": 0.0
    },
    "5": {
      "n": 0,
      "class_counts": {
        "0": 0,
        "1": 0,
        "2": 0,
        "3": 0,
        "4": 0,
        "5": 0,
        "6": 0,
        "7": 0,
        "8": 0,
        "9": 0
      },
      "class_density": {
        "0": 0.0,
        "1": 0.0,
        "2": 0.0,
        "3": 0.0,
        "4": 0.0,
        "5": 0.0,
        "6": 0.0,
        "7": 0.0,
        "8": 0.0,
        "9": 0.0
      },
      "entropy_nat": 0.0
    },
    "6": {
      "n": 0,
      "class_counts": {
        "0": 0,
        "1": 0,
        "2": 0,
        "3": 0,
        "4": 0,
        "5": 0,
        "6": 0,
        "7": 0,
        "8": 0,
        "9": 0
      },
      "class_density": {
        "0": 0.0,
        "1": 0.0,
        "2": 0.0,
        "3": 0.0,
        "4": 0.0,
        "5": 0.0,
        "6": 0.0,
        "7": 0.0,
        "8": 0.0,
        "9": 0.0
      },
      "entropy_nat": 0.0
    },
    "7": {
      "n": 0,
      "class_counts": {
        "0": 0,
        "1": 0,
        "2": 0,
        "3": 0,
        "4": 0,
        "5": 0,
        "6": 0,
        "7": 0,
        "8": 0,
        "9": 0
      },
      "class_density": {
        "0": 0.0,
        "1": 0.0,
        "2": 0.0,
        "3": 0.0,
        "4": 0.0,
        "5": 0.0,
        "6": 0.0,
        "7": 0.0,
        "8": 0.0,
        "9": 0.0
      },
      "entropy_nat": 0.0
    },
    "8": {
      "n": 1024,
      "class_counts": {
        "0": 144,
        "1": 83,
        "2": 89,
        "3": 92,
        "4": 102,
        "5": 118,
        "6": 160,
        "7": 74,
        "8": 68,
        "9": 94
      },
      "class_density": {
        "0": 0.140625,
        "1": 0.0810546875,
        "2": 0.0869140625,
        "3": 0.08984375,
        "4": 0.099609375,
        "5": 0.115234375,
        "6": 0.15625,
        "7": 0.072265625,
        "8": 0.06640625,
        "9": 0.091796875
      },
      "entropy_nat": 2.2663
    },
    "9": {
      "n": 0,
      "class_counts": {
        "0": 0,
        "1": 0,
        "2": 0,
        "3": 0,
        "4": 0,
        "5": 0,
        "6": 0,
        "7": 0,
        "8": 0,
        "9": 0
      },
      "class_density": {
        "0": 0.0,
        "1": 0.0,
        "2": 0.0,
        "3": 0.0,
        "4": 0.0,
        "5": 0.0,
        "6": 0.0,
        "7": 0.0,
        "8": 0.0,
        "9": 0.0
      },
      "entropy_nat": 0.0
    }
  },
  "pruning": {
    "active_cluster_mask": [
      true,
      true,
      true,
      true,
      true,
      false,
      false,
      false,
      true,
      false
    ],
    "pruned_cluster_ids": [
      5,
      6,
      7,
      9
    ],
    "n_active_spheres": 6,
    "nearest_sphere_assignment": "active_argmin",
    "note": "per_cluster uses nearest active sphere (pruned heads excluded from argmin). Hull/legend grey-out uses active_cluster_mask."
  },
  "assignment_diagnostics": {
    "dominant_cluster": 8,
    "dominant_cluster_fraction": 0.512,
    "collapse_detected_ge_0p9": false
  }
}