{
  "n_samples": 2000,
  "per_cluster": {
    "0": {
      "n": 532,
      "class_counts": {
        "0": 48,
        "1": 86,
        "2": 96,
        "3": 83,
        "4": 21,
        "5": 41,
        "6": 35,
        "7": 77,
        "8": 25,
        "9": 20
      },
      "class_density": {
        "0": 0.09022556390977443,
        "1": 0.16165413533834586,
        "2": 0.18045112781954886,
        "3": 0.15601503759398497,
        "4": 0.039473684210526314,
        "5": 0.07706766917293233,
        "6": 0.06578947368421052,
        "7": 0.14473684210526316,
        "8": 0.046992481203007516,
        "9": 0.03759398496240601
      },
      "entropy_nat": 2.1614
    },
    "1": {
      "n": 0,
      "class_counts": {
        "0": 0,
        "1": 0,
        "2": 0,
        "3": 0,
        "4": 0,
        "5": 0,
        "6": 0,
        "7": 0,
        "8": 0,
        "9": 0
      },
      "class_density": {
        "0": 0.0,
        "1": 0.0,
        "2": 0.0,
        "3": 0.0,
        "4": 0.0,
        "5": 0.0,
        "6": 0.0,
        "7": 0.0,
        "8": 0.0,
        "9": 0.0
      },
      "entropy_nat": 0.0
    },
    "2": {
      "n": 459,
      "class_counts": {
        "0": 2,
        "1": 80,
        "2": 21,
        "3": 24,
        "4": 65,
        "5": 34,
        "6": 6,
        "7": 76,
        "8": 96,
        "9": 55
      },
      "class_density": {
        "0": 0.004357298474945534,
        "1": 0.17429193899782136,
        "2": 0.0457516339869281,
        "3": 0.05228758169934641,
        "4": 0.14161220043572983,
        "5": 0.07407407407407407,
        "6": 0.013071895424836602,
        "7": 0.1655773420479303,
        "8": 0.20915032679738563,
        "9": 0.11982570806100218
      },
      "entropy_nat": 2.0291
    },
    "3": {
      "n": 0,
      "class_counts": {
        "0": 0,
        "1": 0,
        "2": 0,
        "3": 0,
        "4": 0,
        "5": 0,
        "6": 0,
        "7": 0,
        "8": 0,
        "9": 0
      },
      "class_density": {
        "0": 0.0,
        "1": 0.0,
        "2": 0.0,
        "3": 0.0,
        "4": 0.0,
        "5": 0.0,
        "6": 0.0,
        "7": 0.0,
        "8": 0.0,
        "9": 0.0
      },
      "entropy_nat": 0.0
    },
    "4": {
      "n": 0,
      "class_counts": {
        "0": 0,
        "1": 0,
        "2": 0,
        "3": 0,
        "4": 0,
        "5": 0,
        "6": 0,
        "7": 0,
        "8": 0,
        "9": 0
      },
      "class_density": {
        "0": 0.0,
        "1": 0.0,
        "2": 0.0,
        "3": 0.0,
        "4": 0.0,
        "5": 0.0,
        "6": 0.0,
        "7": 0.0,
        "8": 0.0,
        "9": 0.0
      },
      "entropy_nat": 0.0
    },
    "5": {
      "n": 0,
      "class_counts": {
        "0": 0,
        "1": 0,
        "2": 0,
        "3": 0,
        "4": 0,
        "5": 0,
        "6": 0,
        "7": 0,
        "8": 0,
        "9": 0
      },
      "class_density": {
        "0": 0.0,
        "1": 0.0,
        "2": 0.0,
        "3": 0.0,
        "4": 0.0,
        "5": 0.0,
        "6": 0.0,
        "7": 0.0,
        "8": 0.0,
        "9": 0.0
      },
      "entropy_nat": 0.0
    },
    "6": {
      "n": 0,
      "class_counts": {
        "0": 0,
        "1": 0,
        "2": 0,
        "3": 0,
        "4": 0,
        "5": 0,
        "6": 0,
        "7": 0,
        "8": 0,
        "9": 0
      },
      "class_density": {
        "0": 0.0,
        "1": 0.0,
        "2": 0.0,
        "3": 0.0,
        "4": 0.0,
        "5": 0.0,
        "6": 0.0,
        "7": 0.0,
        "8": 0.0,
        "9": 0.0
      },
      "entropy_nat": 0.0
    },
    "7": {
      "n": 0,
      "class_counts": {
        "0": 0,
        "1": 0,
        "2": 0,
        "3": 0,
        "4": 0,
        "5": 0,
        "6": 0,
        "7": 0,
        "8": 0,
        "9": 0
      },
      "class_density": {
        "0": 0.0,
        "1": 0.0,
        "2": 0.0,
        "3": 0.0,
        "4": 0.0,
        "5": 0.0,
        "6": 0.0,
        "7": 0.0,
        "8": 0.0,
        "9": 0.0
      },
      "entropy_nat": 0.0
    },
    "8": {
      "n": 1009,
      "class_counts": {
        "0": 154,
        "1": 90,
        "2": 63,
        "3": 89,
        "4": 91,
        "5": 115,
        "6": 164,
        "7": 46,
        "8": 80,
        "9": 117
      },
      "class_density": {
        "0": 0.15262636273538158,
        "1": 0.08919722497522299,
        "2": 0.062438057482656094,
        "3": 0.08820614469772052,
        "4": 0.09018830525272548,
        "5": 0.11397423191278494,
        "6": 0.16253716551040634,
        "7": 0.04558969276511397,
        "8": 0.07928642220019821,
        "9": 0.1159563924677899
      },
      "entropy_nat": 2.2412
    },
    "9": {
      "n": 0,
      "class_counts": {
        "0": 0,
        "1": 0,
        "2": 0,
        "3": 0,
        "4": 0,
        "5": 0,
        "6": 0,
        "7": 0,
        "8": 0,
        "9": 0
      },
      "class_density": {
        "0": 0.0,
        "1": 0.0,
        "2": 0.0,
        "3": 0.0,
        "4": 0.0,
        "5": 0.0,
        "6": 0.0,
        "7": 0.0,
        "8": 0.0,
        "9": 0.0
      },
      "entropy_nat": 0.0
    }
  },
  "pruning": {
    "active_cluster_mask": [
      true,
      true,
      true,
      true,
      true,
      false,
      false,
      false,
      true,
      false
    ],
    "pruned_cluster_ids": [
      5,
      6,
      7,
      9
    ],
    "n_active_spheres": 6,
    "nearest_sphere_assignment": "active_argmin",
    "note": "per_cluster uses nearest active sphere (pruned heads excluded from argmin). Hull/legend grey-out uses active_cluster_mask."
  },
  "assignment_diagnostics": {
    "dominant_cluster": 8,
    "dominant_cluster_fraction": 0.5045,
    "collapse_detected_ge_0p9": false
  }
}