{
  "run_dir": "samplesvdd/hySpUnsup/runs/sensitivity_v3/ub_0p20",
  "checkpoint": "samplesvdd/hySpUnsup/runs/sensitivity_v3/ub_0p20/checkpoint_v2.pth",
  "n_spheres": 30,
  "curvature": 1.0,
  "objective": "union-soft",
  "active_cluster_mask": [
    true,
    false,
    false,
    true,
    false,
    false,
    true,
    true,
    false,
    true,
    false,
    true,
    true,
    false,
    true,
    false,
    true,
    true,
    true,
    true,
    true,
    false,
    true,
    true,
    false,
    true,
    true,
    true,
    true,
    true
  ],
  "train_macro_auc": 0.500460654980266,
  "train_per_digit_auc": {
    "0": 0.38096329216868546,
    "1": 0.43210184443139554,
    "2": 0.49197353727976567,
    "3": 0.5532359433727787,
    "4": 0.5457733093071755,
    "5": 0.3745912962937029,
    "6": 0.5735148075981753,
    "7": 0.36248034672466567,
    "8": 0.6284915682116268,
    "9": 0.6614806044146891
  },
  "test_macro_auc": 0.5007697045114016,
  "test_per_digit_auc": {
    "0": 0.3831981640410023,
    "1": 0.4230676384094106,
    "2": 0.5045807659043541,
    "3": 0.5496786192734977,
    "4": 0.5323302132181786,
    "5": 0.3924184842766306,
    "6": 0.5875972819359601,
    "7": 0.37191336212420645,
    "8": 0.6161757139302997,
    "9": 0.6467368020004751
  }
}