{
  "n_samples": 2000,
  "per_cluster": {
    "0": {
      "n": 0,
      "class_counts": {
        "0": 0,
        "1": 0,
        "2": 0,
        "3": 0,
        "4": 0,
        "5": 0,
        "6": 0,
        "7": 0,
        "8": 0,
        "9": 0
      },
      "class_density": {
        "0": 0.0,
        "1": 0.0,
        "2": 0.0,
        "3": 0.0,
        "4": 0.0,
        "5": 0.0,
        "6": 0.0,
        "7": 0.0,
        "8": 0.0,
        "9": 0.0
      },
      "entropy_nat": 0.0
    },
    "1": {
      "n": 0,
      "class_counts": {
        "0": 0,
        "1": 0,
        "2": 0,
        "3": 0,
        "4": 0,
        "5": 0,
        "6": 0,
        "7": 0,
        "8": 0,
        "9": 0
      },
      "class_density": {
        "0": 0.0,
        "1": 0.0,
        "2": 0.0,
        "3": 0.0,
        "4": 0.0,
        "5": 0.0,
        "6": 0.0,
        "7": 0.0,
        "8": 0.0,
        "9": 0.0
      },
      "entropy_nat": 0.0
    },
    "2": {
      "n": 0,
      "class_counts": {
        "0": 0,
        "1": 0,
        "2": 0,
        "3": 0,
        "4": 0,
        "5": 0,
        "6": 0,
        "7": 0,
        "8": 0,
        "9": 0
      },
      "class_density": {
        "0": 0.0,
        "1": 0.0,
        "2": 0.0,
        "3": 0.0,
        "4": 0.0,
        "5": 0.0,
        "6": 0.0,
        "7": 0.0,
        "8": 0.0,
        "9": 0.0
      },
      "entropy_nat": 0.0
    },
    "3": {
      "n": 222,
      "class_counts": {
        "0": 18,
        "1": 1,
        "2": 3,
        "3": 3,
        "4": 39,
        "5": 2,
        "6": 5,
        "7": 15,
        "8": 13,
        "9": 123
      },
      "class_density": {
        "0": 0.08108108108108109,
        "1": 0.0045045045045045045,
        "2": 0.013513513513513514,
        "3": 0.013513513513513514,
        "4": 0.17567567567567569,
        "5": 0.009009009009009009,
        "6": 0.02252252252252252,
        "7": 0.06756756756756757,
        "8": 0.05855855855855856,
        "9": 0.5540540540540541
      },
      "entropy_nat": 1.4532
    },
    "4": {
      "n": 0,
      "class_counts": {
        "0": 0,
        "1": 0,
        "2": 0,
        "3": 0,
        "4": 0,
        "5": 0,
        "6": 0,
        "7": 0,
        "8": 0,
        "9": 0
      },
      "class_density": {
        "0": 0.0,
        "1": 0.0,
        "2": 0.0,
        "3": 0.0,
        "4": 0.0,
        "5": 0.0,
        "6": 0.0,
        "7": 0.0,
        "8": 0.0,
        "9": 0.0
      },
      "entropy_nat": 0.0
    },
    "5": {
      "n": 0,
      "class_counts": {
        "0": 0,
        "1": 0,
        "2": 0,
        "3": 0,
        "4": 0,
        "5": 0,
        "6": 0,
        "7": 0,
        "8": 0,
        "9": 0
      },
      "class_density": {
        "0": 0.0,
        "1": 0.0,
        "2": 0.0,
        "3": 0.0,
        "4": 0.0,
        "5": 0.0,
        "6": 0.0,
        "7": 0.0,
        "8": 0.0,
        "9": 0.0
      },
      "entropy_nat": 0.0
    },
    "6": {
      "n": 141,
      "class_counts": {
        "0": 1,
        "1": 1,
        "2": 79,
        "3": 42,
        "4": 2,
        "5": 6,
        "6": 2,
        "7": 0,
        "8": 7,
        "9": 1
      },
      "class_density": {
        "0": 0.0070921985815602835,
        "1": 0.0070921985815602835,
        "2": 0.5602836879432624,
        "3": 0.2978723404255319,
        "4": 0.014184397163120567,
        "5": 0.0425531914893617,
        "6": 0.014184397163120567,
        "7": 0.0,
        "8": 0.04964539007092199,
        "9": 0.0070921985815602835
      },
      "entropy_nat": 1.1948
    },
    "7": {
      "n": 57,
      "class_counts": {
        "0": 1,
        "1": 45,
        "2": 1,
        "3": 0,
        "4": 2,
        "5": 0,
        "6": 2,
        "7": 4,
        "8": 2,
        "9": 0
      },
      "class_density": {
        "0": 0.017543859649122806,
        "1": 0.7894736842105263,
        "2": 0.017543859649122806,
        "3": 0.0,
        "4": 0.03508771929824561,
        "5": 0.0,
        "6": 0.03508771929824561,
        "7": 0.07017543859649122,
        "8": 0.03508771929824561,
        "9": 0.0
      },
      "entropy_nat": 0.8675
    },
    "8": {
      "n": 0,
      "class_counts": {
        "0": 0,
        "1": 0,
        "2": 0,
        "3": 0,
        "4": 0,
        "5": 0,
        "6": 0,
        "7": 0,
        "8": 0,
        "9": 0
      },
      "class_density": {
        "0": 0.0,
        "1": 0.0,
        "2": 0.0,
        "3": 0.0,
        "4": 0.0,
        "5": 0.0,
        "6": 0.0,
        "7": 0.0,
        "8": 0.0,
        "9": 0.0
      },
      "entropy_nat": 0.0
    },
    "9": {
      "n": 422,
      "class_counts": {
        "0": 66,
        "1": 55,
        "2": 39,
        "3": 36,
        "4": 21,
        "5": 68,
        "6": 98,
        "7": 19,
        "8": 12,
        "9": 8
      },
      "class_density": {
        "0": 0.15639810426540285,
        "1": 0.13033175355450238,
        "2": 0.0924170616113744,
        "3": 0.08530805687203792,
        "4": 0.04976303317535545,
        "5": 0.16113744075829384,
        "6": 0.23222748815165878,
        "7": 0.045023696682464455,
        "8": 0.02843601895734597,
        "9": 0.018957345971563982
      },
      "entropy_nat": 2.0844
    },
    "10": {
      "n": 0,
      "class_counts": {
        "0": 0,
        "1": 0,
        "2": 0,
        "3": 0,
        "4": 0,
        "5": 0,
        "6": 0,
        "7": 0,
        "8": 0,
        "9": 0
      },
      "class_density": {
        "0": 0.0,
        "1": 0.0,
        "2": 0.0,
        "3": 0.0,
        "4": 0.0,
        "5": 0.0,
        "6": 0.0,
        "7": 0.0,
        "8": 0.0,
        "9": 0.0
      },
      "entropy_nat": 0.0
    },
    "11": {
      "n": 19,
      "class_counts": {
        "0": 0,
        "1": 19,
        "2": 0,
        "3": 0,
        "4": 0,
        "5": 0,
        "6": 0,
        "7": 0,
        "8": 0,
        "9": 0
      },
      "class_density": {
        "0": 0.0,
        "1": 1.0,
        "2": 0.0,
        "3": 0.0,
        "4": 0.0,
        "5": 0.0,
        "6": 0.0,
        "7": 0.0,
        "8": 0.0,
        "9": 0.0
      },
      "entropy_nat": -0.0
    },
    "12": {
      "n": 46,
      "class_counts": {
        "0": 36,
        "1": 0,
        "2": 0,
        "3": 2,
        "4": 0,
        "5": 7,
        "6": 0,
        "7": 0,
        "8": 1,
        "9": 0
      },
      "class_density": {
        "0": 0.782608695652174,
        "1": 0.0,
        "2": 0.0,
        "3": 0.043478260869565216,
        "4": 0.0,
        "5": 0.15217391304347827,
        "6": 0.0,
        "7": 0.0,
        "8": 0.021739130434782608,
        "9": 0.0
      },
      "entropy_nat": 0.6979
    },
    "13": {
      "n": 0,
      "class_counts": {
        "0": 0,
        "1": 0,
        "2": 0,
        "3": 0,
        "4": 0,
        "5": 0,
        "6": 0,
        "7": 0,
        "8": 0,
        "9": 0
      },
      "class_density": {
        "0": 0.0,
        "1": 0.0,
        "2": 0.0,
        "3": 0.0,
        "4": 0.0,
        "5": 0.0,
        "6": 0.0,
        "7": 0.0,
        "8": 0.0,
        "9": 0.0
      },
      "entropy_nat": 0.0
    },
    "14": {
      "n": 0,
      "class_counts": {
        "0": 0,
        "1": 0,
        "2": 0,
        "3": 0,
        "4": 0,
        "5": 0,
        "6": 0,
        "7": 0,
        "8": 0,
        "9": 0
      },
      "class_density": {
        "0": 0.0,
        "1": 0.0,
        "2": 0.0,
        "3": 0.0,
        "4": 0.0,
        "5": 0.0,
        "6": 0.0,
        "7": 0.0,
        "8": 0.0,
        "9": 0.0
      },
      "entropy_nat": 0.0
    },
    "15": {
      "n": 0,
      "class_counts": {
        "0": 0,
        "1": 0,
        "2": 0,
        "3": 0,
        "4": 0,
        "5": 0,
        "6": 0,
        "7": 0,
        "8": 0,
        "9": 0
      },
      "class_density": {
        "0": 0.0,
        "1": 0.0,
        "2": 0.0,
        "3": 0.0,