{
  "run_dir": "samplesvdd/hySpUnsup/runs/sensitivity_v3/lb_100",
  "checkpoint": "samplesvdd/hySpUnsup/runs/sensitivity_v3/lb_100/checkpoint_v2.pth",
  "n_spheres": 30,
  "curvature": 1.0,
  "objective": "union-soft",
  "active_cluster_mask": [
    true,
    true,
    true,
    false,
    false,
    true,
    false,
    false,
    false,
    false,
    false,
    true,
    true,
    true,
    true,
    false,
    false,
    false,
    false,
    true,
    false,
    false,
    false,
    false,
    false,
    false,
    false,
    true,
    false,
    true
  ],
  "train_macro_auc": 0.503682838442064,
  "train_per_digit_auc": {
    "0": 0.714681514959355,
    "1": 0.23300079853629513,
    "2": 0.3420782959707131,
    "3": 0.3899759807820645,
    "4": 0.5037343139812177,
    "5": 0.5250244276549296,
    "6": 0.876368511091245,
    "7": 0.5657524043317896,
    "8": 0.3728667876107986,
    "9": 0.5133453495022312
  },
  "test_macro_auc": 0.5036979692223313,
  "test_per_digit_auc": {
    "0": 0.7188132425016615,
    "1": 0.22780511443549417,
    "2": 0.3488359161219889,
    "3": 0.3860647247054247,
    "4": 0.49556410134740403,
    "5": 0.5301516905219006,
    "6": 0.8794030540884406,
    "7": 0.570635248033286,
    "8": 0.37300614749612754,
    "9": 0.5067004529715855
  }
}