{
  "n_samples": 2000,
  "per_cluster": {
    "0": {
      "n": 19,
      "class_counts": {
        "0": 0,
        "1": 19,
        "2": 0,
        "3": 0,
        "4": 0,
        "5": 0,
        "6": 0,
        "7": 0,
        "8": 0,
        "9": 0
      },
      "class_density": {
        "0": 0.0,
        "1": 1.0,
        "2": 0.0,
        "3": 0.0,
        "4": 0.0,
        "5": 0.0,
        "6": 0.0,
        "7": 0.0,
        "8": 0.0,
        "9": 0.0
      },
      "entropy_nat": -0.0
    },
    "1": {
      "n": 38,
      "class_counts": {
        "0": 0,
        "1": 0,
        "2": 31,
        "3": 6,
        "4": 1,
        "5": 0,
        "6": 0,
        "7": 0,
        "8": 0,
        "9": 0
      },
      "class_density": {
        "0": 0.0,
        "1": 0.0,
        "2": 0.8157894736842105,
        "3": 0.15789473684210525,
        "4": 0.02631578947368421,
        "5": 0.0,
        "6": 0.0,
        "7": 0.0,
        "8": 0.0,
        "9": 0.0
      },
      "entropy_nat": 0.5533
    },
    "2": {
      "n": 0,
      "class_counts": {
        "0": 0,
        "1": 0,
        "2": 0,
        "3": 0,
        "4": 0,
        "5": 0,
        "6": 0,
        "7": 0,
        "8": 0,
        "9": 0
      },
      "class_density": {
        "0": 0.0,
        "1": 0.0,
        "2": 0.0,
        "3": 0.0,
        "4": 0.0,
        "5": 0.0,
        "6": 0.0,
        "7": 0.0,
        "8": 0.0,
        "9": 0.0
      },
      "entropy_nat": 0.0
    },
    "3": {
      "n": 926,
      "class_counts": {
        "0": 73,
        "1": 11,
        "2": 61,
        "3": 79,
        "4": 136,
        "5": 98,
        "6": 92,
        "7": 152,
        "8": 120,
        "9": 104
      },
      "class_density": {
        "0": 0.07883369330453564,
        "1": 0.011879049676025918,
        "2": 0.06587473002159827,
        "3": 0.08531317494600432,
        "4": 0.1468682505399568,
        "5": 0.10583153347732181,
        "6": 0.09935205183585313,
        "7": 0.16414686825053995,
        "8": 0.12958963282937366,
        "9": 0.11231101511879049
      },
      "entropy_nat": 2.1979
    },
    "4": {
      "n": 0,
      "class_counts": {
        "0": 0,
        "1": 0,
        "2": 0,
        "3": 0,
        "4": 0,
        "5": 0,
        "6": 0,
        "7": 0,
        "8": 0,
        "9": 0
      },
      "class_density": {
        "0": 0.0,
        "1": 0.0,
        "2": 0.0,
        "3": 0.0,
        "4": 0.0,
        "5": 0.0,
        "6": 0.0,
        "7": 0.0,
        "8": 0.0,
        "9": 0.0
      },
      "entropy_nat": 0.0
    },
    "5": {
      "n": 0,
      "class_counts": {
        "0": 0,
        "1": 0,
        "2": 0,
        "3": 0,
        "4": 0,
        "5": 0,
        "6": 0,
        "7": 0,
        "8": 0,
        "9": 0
      },
      "class_density": {
        "0": 0.0,
        "1": 0.0,
        "2": 0.0,
        "3": 0.0,
        "4": 0.0,
        "5": 0.0,
        "6": 0.0,
        "7": 0.0,
        "8": 0.0,
        "9": 0.0
      },
      "entropy_nat": 0.0
    },
    "6": {
      "n": 0,
      "class_counts": {
        "0": 0,
        "1": 0,
        "2": 0,
        "3": 0,
        "4": 0,
        "5": 0,
        "6": 0,
        "7": 0,
        "8": 0,
        "9": 0
      },
      "class_density": {
        "0": 0.0,
        "1": 0.0,
        "2": 0.0,
        "3": 0.0,
        "4": 0.0,
        "5": 0.0,
        "6": 0.0,
        "7": 0.0,
        "8": 0.0,
        "9": 0.0
      },
      "entropy_nat": 0.0
    },
    "7": {
      "n": 0,
      "class_counts": {
        "0": 0,
        "1": 0,
        "2": 0,
        "3": 0,
        "4": 0,
        "5": 0,
        "6": 0,
        "7": 0,
        "8": 0,
        "9": 0
      },
      "class_density": {
        "0": 0.0,
        "1": 0.0,
        "2": 0.0,
        "3": 0.0,
        "4": 0.0,
        "5": 0.0,
        "6": 0.0,
        "7": 0.0,
        "8": 0.0,
        "9": 0.0
      },
      "entropy_nat": 0.0
    },
    "8": {
      "n": 8,
      "class_counts": {
        "0": 0,
        "1": 0,
        "2": 8,
        "3": 0,
        "4": 0,
        "5": 0,
        "6": 0,
        "7": 0,
        "8": 0,
        "9": 0
      },
      "class_density": {
        "0": 0.0,
        "1": 0.0,
        "2": 1.0,
        "3": 0.0,
        "4": 0.0,
        "5": 0.0,
        "6": 0.0,
        "7": 0.0,
        "8": 0.0,
        "9": 0.0
      },
      "entropy_nat": -0.0
    },
    "9": {
      "n": 339,
      "class_counts": {
        "0": 90,
        "1": 10,
        "2": 36,
        "3": 50,
        "4": 8,
        "5": 40,
        "6": 84,
        "7": 8,
        "8": 12,
        "9": 1
      },
      "class_density": {
        "0": 0.26548672566371684,
        "1": 0.029498525073746312,
        "2": 0.10619469026548672,
        "3": 0.14749262536873156,
        "4": 0.02359882005899705,
        "5": 0.11799410029498525,
        "6": 0.24778761061946902,
        "7": 0.02359882005899705,
        "8": 0.035398230088495575,
        "9": 0.0029498525073746312
      },
      "entropy_nat": 1.8866
    },
    "10": {
      "n": 0,
      "class_counts": {
        "0": 0,
        "1": 0,
        "2": 0,
        "3": 0,
        "4": 0,
        "5": 0,
        "6": 0,
        "7": 0,
        "8": 0,
        "9": 0
      },
      "class_density": {
        "0": 0.0,
        "1": 0.0,
        "2": 0.0,
        "3": 0.0,
        "4": 0.0,
        "5": 0.0,
        "6": 0.0,
        "7": 0.0,
        "8": 0.0,
        "9": 0.0
      },
      "entropy_nat": 0.0
    },
    "11": {
      "n": 1,
      "class_counts": {
        "0": 0,
        "1": 1,
        "2": 0,
        "3": 0,
        "4": 0,
        "5": 0,
        "6": 0,
        "7": 0,
        "8": 0,
        "9": 0
      },
      "class_density": {
        "0": 0.0,
        "1": 1.0,
        "2": 0.0,
        "3": 0.0,
        "4": 0.0,
        "5": 0.0,
        "6": 0.0,
        "7": 0.0,
        "8": 0.0,
        "9": 0.0
      },
      "entropy_nat": -0.0
    },
    "12": {
      "n": 0,
      "class_counts": {
        "0": 0,
        "1": 0,
        "2": 0,
        "3": 0,
        "4": 0,
        "5": 0,
        "6": 0,
        "7": 0,
        "8": 0,
        "9": 0
      },
      "class_density": {
        "0": 0.0,
        "1": 0.0,
        "2": 0.0,
        "3": 0.0,
        "4": 0.0,
        "5": 0.0,
        "6": 0.0,
        "7": 0.0,
        "8": 0.0,
        "9": 0.0
      },
      "entropy_nat": 0.0
    },
    "13": {
      "n": 151,
      "class_counts": {
        "0": 2,
        "1": 1,
        "2": 2,
        "3": 1,
        "4": 18,
        "5": 0,
        "6": 0,
        "7": 53,
        "8": 6,
        "9": 68
      },
      "class_density": {
        "0": 0.013245033112582781,
        "1": 0.006622516556291391,
        "2": 0.013245033112582781,
        "3": 0.006622516556291391,
        "4": 0.11920529801324503,
        "5": 0.0,
        "6": 0.0,
        "7": 0.3509933774834437,
        "8": 0.039735099337748346,
        "9": 0.4503311258278146
      },
      "entropy_nat": 1.2895
    },
    "14": {
      "n": 0,
      "class_counts": {
        "0": 0,
        "1": 0,
        "2": 0,
        "3": 0,
        "4": 0,
        "5": 0,
        "6": 0,
        "7": 0,
        "8": 0,
        "9": 0
      },
      "class_density": {
        "0": 0.0,
        "1": 0.0,
        "2": 0.0,
        "3": 0.0,
        "4": 0.0,
        "5": 0.0,
        "6": 0.0,
        "7": 0.0,
        "8": 0.0,
        "9": 0.0
      },
      "entropy_nat": 0.0
    },
    "15": {
      "n": 281,
      "class_counts": {
        "0": 0,
        "1": 11,
        "2": 66,
        "3": 64,
        "4": 26,
        "5": 59,
        "6": 31,
        "7": 2,
        "8": 20,
        "9": 2
      },
      "class_density": {
        "0": 0.0,
        "1": 0.03914590747330961,
        "2": 0.23487544483985764,
        "3": 0.2277580071174377,
        "4": 0.09252669039145907,
        "5": 0.2099644128113879,
        "6": 0.1103202846975089,