{
  "best_epoch": 50,
  "best_macro_auc": 0.6187401333333333,
  "per_digit_best_auc": {
    "0": 0.6383736666666666,
    "1": 0.4433621111111111,
    "2": 0.6405055555555556,
    "3": 0.5903973888888889,
    "4": 0.7158378333333333,
    "5": 0.6280501111111112,
    "6": 0.701296,
    "7": 0.5851993888888889,
    "8": 0.7412767777777778,
    "9": 0.5031025
  },
  "curvature": 1.0,
  "objective": "soft-boundary",
  "lambda_excl": 0.0,
  "margin_excl": 0.1,
  "lambda_overlap": 0.01,
  "margin_overlap": 0.05
}