{
  "n_samples": 6000,
  "per_cluster": {
    "0": {
      "n": 156,
      "class_counts": {
        "0": 30,
        "1": 0,
        "2": 54,
        "3": 39,
        "4": 0,
        "5": 14,
        "6": 5,
        "7": 0,
        "8": 12,
        "9": 2
      },
      "class_density": {
        "0": 0.19230769230769232,
        "1": 0.0,
        "2": 0.34615384615384615,
        "3": 0.25,
        "4": 0.0,
        "5": 0.08974358974358974,
        "6": 0.03205128205128205,
        "7": 0.0,
        "8": 0.07692307692307693,
        "9": 0.01282051282051282
      },
      "entropy_nat": 1.6106
    },
    "1": {
      "n": 123,
      "class_counts": {
        "0": 49,
        "1": 1,
        "2": 11,
        "3": 10,
        "4": 8,
        "5": 11,
        "6": 7,
        "7": 0,
        "8": 12,
        "9": 14
      },
      "class_density": {
        "0": 0.3983739837398374,
        "1": 0.008130081300813009,
        "2": 0.08943089430894309,
        "3": 0.08130081300813008,
        "4": 0.06504065040650407,
        "5": 0.08943089430894309,
        "6": 0.056910569105691054,
        "7": 0.0,
        "8": 0.0975609756097561,
        "9": 0.11382113821138211
      },
      "entropy_nat": 1.8569
    },
    "2": {
      "n": 0,
      "class_counts": {
        "0": 0,
        "1": 0,
        "2": 0,
        "3": 0,
        "4": 0,
        "5": 0,
        "6": 0,
        "7": 0,
        "8": 0,
        "9": 0
      },
      "class_density": {
        "0": 0.0,
        "1": 0.0,
        "2": 0.0,
        "3": 0.0,
        "4": 0.0,
        "5": 0.0,
        "6": 0.0,
        "7": 0.0,
        "8": 0.0,
        "9": 0.0
      },
      "entropy_nat": 0.0
    },
    "3": {
      "n": 479,
      "class_counts": {
        "0": 28,
        "1": 31,
        "2": 82,
        "3": 83,
        "4": 6,
        "5": 34,
        "6": 126,
        "7": 58,
        "8": 22,
        "9": 9
      },
      "class_density": {
        "0": 0.05845511482254697,
        "1": 0.06471816283924843,
        "2": 0.17118997912317327,
        "3": 0.1732776617954071,
        "4": 0.012526096033402923,
        "5": 0.0709812108559499,
        "6": 0.2630480167014614,
        "7": 0.12108559498956159,
        "8": 0.04592901878914405,
        "9": 0.018789144050104383
      },
      "entropy_nat": 2.0148
    },
    "4": {
      "n": 424,
      "class_counts": {
        "0": 14,
        "1": 2,
        "2": 0,
        "3": 2,
        "4": 30,
        "5": 4,
        "6": 28,
        "7": 183,
        "8": 6,
        "9": 155
      },
      "class_density": {
        "0": 0.0330188679245283,
        "1": 0.0047169811320754715,
        "2": 0.0,
        "3": 0.0047169811320754715,
        "4": 0.07075471698113207,
        "5": 0.009433962264150943,
        "6": 0.0660377358490566,
        "7": 0.43160377358490565,
        "8": 0.014150943396226415,
        "9": 0.36556603773584906
      },
      "entropy_nat": 1.3648
    },
    "5": {
      "n": 38,
      "class_counts": {
        "0": 27,
        "1": 0,
        "2": 0,
        "3": 1,
        "4": 0,
        "5": 0,
        "6": 9,
        "7": 0,
        "8": 1,
        "9": 0
      },
      "class_density": {
        "0": 0.7105263157894737,
        "1": 0.0,
        "2": 0.0,
        "3": 0.02631578947368421,
        "4": 0.0,
        "5": 0.0,
        "6": 0.23684210526315788,
        "7": 0.0,
        "8": 0.02631578947368421,
        "9": 0.0
      },
      "entropy_nat": 0.7754
    },
    "6": {
      "n": 0,
      "class_counts": {
        "0": 0,
        "1": 0,
        "2": 0,
        "3": 0,
        "4": 0,
        "5": 0,
        "6": 0,
        "7": 0,
        "8": 0,
        "9": 0
      },
      "class_density": {
        "0": 0.0,
        "1": 0.0,
        "2": 0.0,
        "3": 0.0,
        "4": 0.0,
        "5": 0.0,
        "6": 0.0,
        "7": 0.0,
        "8": 0.0,
        "9": 0.0
      },
      "entropy_nat": 0.0
    },
    "7": {
      "n": 0,
      "class_counts": {
        "0": 0,
        "1": 0,
        "2": 0,
        "3": 0,
        "4": 0,
        "5": 0,
        "6": 0,
        "7": 0,
        "8": 0,
        "9": 0
      },
      "class_density": {
        "0": 0.0,
        "1": 0.0,
        "2": 0.0,
        "3": 0.0,
        "4": 0.0,
        "5": 0.0,
        "6": 0.0,
        "7": 0.0,
        "8": 0.0,
        "9": 0.0
      },
      "entropy_nat": 0.0
    },
    "8": {
      "n": 582,
      "class_counts": {
        "0": 63,
        "1": 3,
        "2": 8,
        "3": 19,
        "4": 77,
        "5": 123,
        "6": 41,
        "7": 153,
        "8": 75,
        "9": 20
      },
      "class_density": {
        "0": 0.10824742268041238,
        "1": 0.005154639175257732,
        "2": 0.013745704467353952,
        "3": 0.03264604810996564,
        "4": 0.1323024054982818,
        "5": 0.211340206185567,
        "6": 0.070446735395189,
        "7": 0.26288659793814434,
        "8": 0.12886597938144329,
        "9": 0.03436426116838488
      },
      "entropy_nat": 1.9525
    },
    "9": {
      "n": 0,
      "class_counts": {
        "0": 0,
        "1": 0,
        "2": 0,
        "3": 0,
        "4": 0,
        "5": 0,
        "6": 0,
        "7": 0,
        "8": 0,
        "9": 0
      },
      "class_density": {
        "0": 0.0,
        "1": 0.0,
        "2": 0.0,
        "3": 0.0,
        "4": 0.0,
        "5": 0.0,
        "6": 0.0,
        "7": 0.0,
        "8": 0.0,
        "9": 0.0
      },
      "entropy_nat": 0.0
    },
    "10": {
      "n": 0,
      "class_counts": {
        "0": 0,
        "1": 0,
        "2": 0,
        "3": 0,
        "4": 0,
        "5": 0,
        "6": 0,
        "7": 0,
        "8": 0,
        "9": 0
      },
      "class_density": {
        "0": 0.0,
        "1": 0.0,
        "2": 0.0,
        "3": 0.0,
        "4": 0.0,
        "5": 0.0,
        "6": 0.0,
        "7": 0.0,
        "8": 0.0,
        "9": 0.0
      },
      "entropy_nat": 0.0
    },
    "11": {
      "n": 0,
      "class_counts": {
        "0": 0,
        "1": 0,
        "2": 0,
        "3": 0,
        "4": 0,
        "5": 0,
        "6": 0,
        "7": 0,
        "8": 0,
        "9": 0
      },
      "class_density": {
        "0": 0.0,
        "1": 0.0,
        "2": 0.0,
        "3": 0.0,
        "4": 0.0,
        "5": 0.0,
        "6": 0.0,
        "7": 0.0,
        "8": 0.0,
        "9": 0.0
      },
      "entropy_nat": 0.0
    },
    "12": {
      "n": 57,
      "class_counts": {
        "0": 35,
        "1": 2,
        "2": 8,
        "3": 3,
        "4": 0,
        "5": 5,
        "6": 3,
        "7": 0,
        "8": 1,
        "9": 0
      },
      "class_density": {
        "0": 0.6140350877192983,
        "1": 0.03508771929824561,
        "2": 0.14035087719298245,
        "3": 0.05263157894736842,
        "4": 0.0,
        "5": 0.08771929824561403,
        "6": 0.05263157894736842,
        "7": 0.0,
        "8": 0.017543859649122806,
        "9": 0.0
      },
      "entropy_nat": 1.2869
    },
    "13": {
      "n": 143,
      "class_counts": {
        "0": 23,
        "1": 26,
        "2": 22,
        "3": 12,
        "4": 20,
        "5": 20,
        "6": 3,
        "7": 1,
        "8": 16,
        "9": 0
      },
      "class_density": {
        "0": 0.16083916083916083,
        "1": 0.18181818181818182,
        "2": 0.15384615384615385,
        "3": 0.08391608391608392,
        "4": 0.13986013986013987,
        "5": 0.13986013986013987,
        "6": 0.02097902097902098,
        "7": 0.006993006993006993,
        "8": 0.11188811188811189,
        "9": 0.0
      },
      "entropy_nat": 2.0108
    },
    "14": {
      "n": 842,
      "class_counts": {
        "0": 20,
        "1": 167,
        "2": 104,
        "3": 129,
        "4": 108,
        "5": 81,
        "6": 129,
        "7": 11,
        "8": 79,
        "9": 14
      },
      "class_density": {
        "0": 0.023752969121140142,
        "1": 0.19833729216152018,
        "2": 0.12351543942992874,