{
  "version": 2,
  "checkpoint_selection": "min_training_loss",
  "best_epoch": 19,
  "best_training_loss": 0.4292544747920746,
  "macro_auc_test_at_best_epoch": 0.49725319286688385,
  "per_digit_auc_at_best_epoch": {
    "0": 0.8177753918301579,
    "1": 0.7565200358010484,
    "2": 0.43050029065233725,
    "3": 0.5438707582517441,
    "4": 0.34977196975053565,
    "5": 0.45720666870413906,
    "6": 0.4359617334263863,
    "7": 0.20771876372582398,
    "8": 0.5874929299557803,
    "9": 0.3857133865708867
  },
  "macro_auc_test_pruned_active_spheres": 0.49671477650289286,
  "per_digit_auc_test_pruned_active_spheres": {
    "0": 0.8699059367590274,
    "1": 0.7705369645825342,
    "2": 0.4359449320157094,
    "3": 0.5604869721277096,
    "4": 0.2905807691846913,
    "5": 0.4448356516705147,
    "6": 0.4257895281011175,
    "7": 0.2356628513601436,
    "8": 0.5839481104063754,
    "9": 0.3494560488211065
  },
  "curvature": 1.0,
  "n_spheres": 30,
  "train_normal_digits": [
    0,
    1
  ],
  "test_digits": [
    0,
    1,
    2,
    3,
    4,
    5,
    6,
    7,
    8,
    9
  ],
  "objective": "union-soft",
  "unsupervised": true,
  "ae_checkpoint": "samplesvdd/hySpUnsup/runs/my_v3_ae200_stage1/ae_stage1_ep200.pth",
  "prune": {
    "train_argmin_counts": [
      286,
      289,
      294,
      60,
      985,
      32,
      2022,
      154,
      267,
      270,
      668,
      135,
      83,
      163,
      1745,
      447,
      84,
      85,
      312,
      1176,
      720,
      109,
      251,
      354,
      142,
      50,
      350,
      113,
      72,
      104
    ],
    "silhouette_mean_per_cluster_euclidean_z": {
      "0": null,
      "1": null,
      "2": null,
      "3": null,
      "4": null,
      "5": null,
      "6": null,
      "7": null,
      "8": null,
      "9": null,
      "10": null,
      "11": null,
      "12": null,
      "13": null,
      "14": null,
      "15": null,
      "16": null,
      "17": null,
      "18": null,
      "19": null,
      "20": null,
      "21": null,
      "22": null,
      "23": null,
      "24": null,
      "25": null,
      "26": null,
      "27": null,
      "28": null,
      "29": null
    },
    "active_cluster_mask": [
      true,
      true,
      true,
      true,
      true,
      false,
      true,
      true,
      true,
      true,
      true,
      true,
      true,
      true,
      true,
      true,
      true,
      true,
      true,
      true,
      true,
      true,
      true,
      true,
      true,
      true,
      true,
      true,
      true,
      true
    ]
  },
  "split_overloaded": {
    "enabled": true,
    "max_cluster_fraction": 0.3,
    "applied": false,
    "n_train": 11822,
    "cap_count": 3547,
    "counts_before": [
      286,
      289,
      294,
      60,
      1015,
      0,
      2022,
      154,
      267,
      270,
      668,
      135,
      83,
      163,
      1747,
      447,
      84,
      85,
      312,
      1176,
      720,
      109,
      251,
      354,
      142,
      50,
      350,
      113,
      72,
      104
    ],
    "overloaded_clusters": [],
    "spare_inactive_clusters": [
      5
    ],
    "splits": []
  },
  "hybrid_rebalance": {
    "enabled": true,
    "lb_min_cluster_members": 50,
    "ub_max_cluster_fraction": 0.3,
    "max_iters": 4,
    "hard_cap_enabled": true,
    "chaos_factor": 0.15,
    "iterations": [
      {
        "iter": 1,
        "lb": {
          "enabled": true,
          "counts": [
            286,
            289,
            294,
            60,
            984,
            32,
            2022,
            154,
            267,
            270,
            668,
            135,
            83,
            163,
            1746,
            447,
            84,
            85,
            312,
            1176,
            720,
            109,
            251,
            354,
            142,
            50,
            350,
            113,
            72,
            104
          ],
          "active_before": [
            true,
            true,
            true,
            true,
            true,
            false,
            true,
            true,
            true,
            true,
            true,
            true,
            true,
            true,
            true,
            true,
            true,
            true,
            true,
            true,
            true,
            true,
            true,
            true,
            true,
            true,
            true,
            true,
            true,
            true
          ],
          "active_after": [
            true,
            true,
            true,
            true,
            true,
            false,
            true,
            true,
            true,
            true,
            true,
            true,
            true,
            true,
            true,
            true,
            true,
            true,
            true,
            true,
            true,
            true,
            true,
            true,
            true,
            true,
            true,
            true,
            true,
            true
          ],
          "changed": false
        },
        "ub": {
          "enabled": true,
          "max_cluster_fraction": 0.3,
          "applied": false,
          "n_train": 11822,
          "cap_count": 3547,
          "counts_before": [
            286,
            289,
            294,
            60,
            1015,
            0,
            2022,
            154,
            267,
            270,
            668,
            135,
            83,
            163,
            1747,
            447,
            84,
            85,
            312,
            1176,
            720,
            109,
            251,
            354,
            142,
            50,
            350,
            113,
            72,
            104
          ],
          "overloaded_clusters": [],
          "spare_inactive_clusters": [
            5
          ],
          "splits": []
        },
        "hard_cap": {
          "enabled": true,
          "max_cluster_fraction": 0.3,
          "chaos_factor": 0.15,
          "applied": false,
          "n_train": 11822,
          "cap_count": 3547,
          "counts_before": [
            286,
            289,
            294,
            60,
            1015,
            0,
            2022,
            154,
            267,
            270,
            668,
            135,
            83,
            163,
            1747,
            447,
            84,
            85,
            312,
            1176,
            720,
            109,
            251,
            354,
            142,
            50,
            350,
            113,
            72,
            104
          ],
          "counts_after": [
            286,
            289,
            294,
            60,
            1015,
            0,
            2022,
            154,
            267,
            270,
            668,
            135,
            83,
            163,
            1747,
            447,
            84,
            85,
            312,
            1176,
            720,
            109,
            251,
            354,
            142,
            50,
            350,
            113,
            72,
            104
          ],
          "overflow_reassigned": 0
        },
        "changed": false
      }
    ],
    "applied": false,
    "active_cluster_mask_after_hybrid": [
      true,
      true,
      true,
      true,
      true,
      false,
      true,
      true,
      true,
      true,
      true,
      true,
      true,
      true,
      true,
      true,
      true,
      true,
      true,
      true,
      true,
      true,
      true,
      true,
      true,
      true,
      true,
      true,
      true,
      true
    ]
  },
  "union_test_metrics_active_spheres": {
    "union_frac_inside": 0.0926549623790756,