{
  "n_samples": 2000,
  "per_cluster": {
    "0": {
      "n": 7,
      "class_counts": {
        "0": 6,
        "1": 0,
        "2": 0,
        "3": 0,
        "4": 0,
        "5": 0,
        "6": 0,
        "7": 0,
        "8": 1,
        "9": 0
      },
      "class_density": {
        "0": 0.8571428571428571,
        "1": 0.0,
        "2": 0.0,
        "3": 0.0,
        "4": 0.0,
        "5": 0.0,
        "6": 0.0,
        "7": 0.0,
        "8": 0.14285714285714285,
        "9": 0.0
      },
      "entropy_nat": 0.4101
    },
    "1": {
      "n": 13,
      "class_counts": {
        "0": 0,
        "1": 13,
        "2": 0,
        "3": 0,
        "4": 0,
        "5": 0,
        "6": 0,
        "7": 0,
        "8": 0,
        "9": 0
      },
      "class_density": {
        "0": 0.0,
        "1": 1.0,
        "2": 0.0,
        "3": 0.0,
        "4": 0.0,
        "5": 0.0,
        "6": 0.0,
        "7": 0.0,
        "8": 0.0,
        "9": 0.0
      },
      "entropy_nat": -0.0
    },
    "2": {
      "n": 15,
      "class_counts": {
        "0": 0,
        "1": 11,
        "2": 1,
        "3": 0,
        "4": 0,
        "5": 0,
        "6": 1,
        "7": 2,
        "8": 0,
        "9": 0
      },
      "class_density": {
        "0": 0.0,
        "1": 0.7333333333333333,
        "2": 0.06666666666666667,
        "3": 0.0,
        "4": 0.0,
        "5": 0.0,
        "6": 0.06666666666666667,
        "7": 0.13333333333333333,
        "8": 0.0,
        "9": 0.0
      },
      "entropy_nat": 0.8572
    },
    "3": {
      "n": 25,
      "class_counts": {
        "0": 0,
        "1": 5,
        "2": 0,
        "3": 0,
        "4": 5,
        "5": 11,
        "6": 4,
        "7": 0,
        "8": 0,
        "9": 0
      },
      "class_density": {
        "0": 0.0,
        "1": 0.2,
        "2": 0.0,
        "3": 0.0,
        "4": 0.2,
        "5": 0.44,
        "6": 0.16,
        "7": 0.0,
        "8": 0.0,
        "9": 0.0
      },
      "entropy_nat": 1.2982
    },
    "4": {
      "n": 802,
      "class_counts": {
        "0": 24,
        "1": 21,
        "2": 74,
        "3": 90,
        "4": 140,
        "5": 122,
        "6": 51,
        "7": 30,
        "8": 116,
        "9": 134
      },
      "class_density": {
        "0": 0.029925187032418952,
        "1": 0.026184538653366583,
        "2": 0.09226932668329177,
        "3": 0.11221945137157108,
        "4": 0.1745635910224439,
        "5": 0.15211970074812967,
        "6": 0.06359102244389027,
        "7": 0.03740648379052369,
        "8": 0.14463840399002495,
        "9": 0.16708229426433915
      },
      "entropy_nat": 2.1336
    },
    "5": {
      "n": 0,
      "class_counts": {
        "0": 0,
        "1": 0,
        "2": 0,
        "3": 0,
        "4": 0,
        "5": 0,
        "6": 0,
        "7": 0,
        "8": 0,
        "9": 0
      },
      "class_density": {
        "0": 0.0,
        "1": 0.0,
        "2": 0.0,
        "3": 0.0,
        "4": 0.0,
        "5": 0.0,
        "6": 0.0,
        "7": 0.0,
        "8": 0.0,
        "9": 0.0
      },
      "entropy_nat": 0.0
    },
    "6": {
      "n": 705,
      "class_counts": {
        "0": 102,
        "1": 8,
        "2": 123,
        "3": 98,
        "4": 28,
        "5": 43,
        "6": 138,
        "7": 120,
        "8": 24,
        "9": 21
      },
      "class_density": {
        "0": 0.14468085106382977,
        "1": 0.011347517730496455,
        "2": 0.17446808510638298,
        "3": 0.13900709219858157,
        "4": 0.03971631205673759,
        "5": 0.06099290780141844,
        "6": 0.19574468085106383,
        "7": 0.1702127659574468,
        "8": 0.03404255319148936,
        "9": 0.029787234042553193
      },
      "entropy_nat": 2.0485
    },
    "7": {
      "n": 1,
      "class_counts": {
        "0": 1,
        "1": 0,
        "2": 0,
        "3": 0,
        "4": 0,
        "5": 0,
        "6": 0,
        "7": 0,
        "8": 0,
        "9": 0
      },
      "class_density": {
        "0": 1.0,
        "1": 0.0,
        "2": 0.0,
        "3": 0.0,
        "4": 0.0,
        "5": 0.0,
        "6": 0.0,
        "7": 0.0,
        "8": 0.0,
        "9": 0.0
      },
      "entropy_nat": -0.0
    },
    "8": {
      "n": 21,
      "class_counts": {
        "0": 18,
        "1": 0,
        "2": 0,
        "3": 0,
        "4": 0,
        "5": 0,
        "6": 0,
        "7": 0,
        "8": 2,
        "9": 1
      },
      "class_density": {
        "0": 0.8571428571428571,
        "1": 0.0,
        "2": 0.0,
        "3": 0.0,
        "4": 0.0,
        "5": 0.0,
        "6": 0.0,
        "7": 0.0,
        "8": 0.09523809523809523,
        "9": 0.047619047619047616
      },
      "entropy_nat": 0.501
    },
    "9": {
      "n": 8,
      "class_counts": {
        "0": 0,
        "1": 8,
        "2": 0,
        "3": 0,
        "4": 0,
        "5": 0,
        "6": 0,
        "7": 0,
        "8": 0,
        "9": 0
      },
      "class_density": {
        "0": 0.0,
        "1": 1.0,
        "2": 0.0,
        "3": 0.0,
        "4": 0.0,
        "5": 0.0,
        "6": 0.0,
        "7": 0.0,
        "8": 0.0,
        "9": 0.0
      },
      "entropy_nat": -0.0
    },
    "10": {
      "n": 50,
      "class_counts": {
        "0": 15,
        "1": 0,
        "2": 3,
        "3": 5,
        "4": 0,
        "5": 20,
        "6": 0,
        "7": 0,
        "8": 7,
        "9": 0
      },
      "class_density": {
        "0": 0.3,
        "1": 0.0,
        "2": 0.06,
        "3": 0.1,
        "4": 0.0,
        "5": 0.4,
        "6": 0.0,
        "7": 0.0,
        "8": 0.14,
        "9": 0.0
      },
      "entropy_nat": 1.402
    },
    "11": {
      "n": 7,
      "class_counts": {
        "0": 0,
        "1": 7,
        "2": 0,
        "3": 0,
        "4": 0,
        "5": 0,
        "6": 0,
        "7": 0,
        "8": 0,
        "9": 0
      },
      "class_density": {
        "0": 0.0,
        "1": 1.0,
        "2": 0.0,
        "3": 0.0,
        "4": 0.0,
        "5": 0.0,
        "6": 0.0,
        "7": 0.0,
        "8": 0.0,
        "9": 0.0
      },
      "entropy_nat": -0.0
    },
    "12": {
      "n": 3,
      "class_counts": {
        "0": 0,
        "1": 2,
        "2": 0,
        "3": 1,
        "4": 0,
        "5": 0,
        "6": 0,
        "7": 0,
        "8": 0,
        "9": 0
      },
      "class_density": {
        "0": 0.0,
        "1": 0.6666666666666666,
        "2": 0.0,
        "3": 0.3333333333333333,
        "4": 0.0,
        "5": 0.0,
        "6": 0.0,
        "7": 0.0,
        "8": 0.0,
        "9": 0.0
      },
      "entropy_nat": 0.6365
    },
    "13": {
      "n": 5,
      "class_counts": {
        "0": 0,
        "1": 5,
        "2": 0,
        "3": 0,
        "4": 0,
        "5": 0,
        "6": 0,
        "7": 0,
        "8": 0,
        "9": 0
      },
      "class_density": {
        "0": 0.0,
        "1": 1.0,
        "2": 0.0,
        "3": 0.0,
        "4": 0.0,
        "5": 0.0,
        "6": 0.0,
        "7": 0.0,
        "8": 0.0,
        "9": 0.0
      },
      "entropy_nat": -0.0
    },
    "14": {
      "n": 55,
      "class_counts": {
        "0": 0,
        "1": 45,
        "2": 2,
        "3": 0,
        "4": 0,
        "5": 6,
        "6": 0,
        "7": 1,
        "8": 1,
        "9": 0
      },
      "class_density": {
        "0": 0.0,
        "1": 0.8181818181818182,
        "2": 0.03636363636363636,
        "3": 0.0,
        "4": 0.0,
        "5": 0.10909090909090909,
        "6": 0.0,
        "7": 0.01818181818181818,
        "8": 0.01818181818181818,
        "9": 0.0
      },
      "entropy_nat": 0.6721
    },
    "15": {
      "n": 122,
      "class_counts": {
        "0": 15,
        "1": 1,
        "2": 3,
        "3": 6,
        "4": 5,
        "5": 0,
        "6": 16,
        "7": 53,
        "8": 14,
        "9": 9
      },
      "class_density": {
        "0": 0.12295081967213115,
        "1": 0.00819672131147541,
        "2": 0.02459016393442623,