{
  "best_epoch": 95,
  "best_macro_auc": 0.9906549897474919,
  "per_digit_best_auc": {
    "0": 0.9994900210061608,
    "1": 0.9998529344073648,
    "2": 0.9881505720888687,
    "3": 0.9877497192874608,
    "4": 0.9951480220465064,
    "5": 0.9819807886257009,
    "6": 0.9976399024667637,
    "7": 0.9928089392118975,
    "8": 0.9756890806977141,
    "9": 0.9880399176364812
  },
  "curvature": 1.0,
  "objective": "soft-boundary",
  "lambda_excl": 0.0001,
  "margin_excl": 0.1,
  "lambda_overlap": 0.01,
  "margin_overlap": 0.05
}