{
  "n_samples": 2000,
  "per_cluster": {
    "0": {
      "n": 0,
      "class_counts": {
        "0": 0,
        "1": 0,
        "2": 0,
        "3": 0,
        "4": 0,
        "5": 0,
        "6": 0,
        "7": 0,
        "8": 0,
        "9": 0
      },
      "class_density": {
        "0": 0.0,
        "1": 0.0,
        "2": 0.0,
        "3": 0.0,
        "4": 0.0,
        "5": 0.0,
        "6": 0.0,
        "7": 0.0,
        "8": 0.0,
        "9": 0.0
      },
      "entropy_nat": 0.0
    },
    "1": {
      "n": 0,
      "class_counts": {
        "0": 0,
        "1": 0,
        "2": 0,
        "3": 0,
        "4": 0,
        "5": 0,
        "6": 0,
        "7": 0,
        "8": 0,
        "9": 0
      },
      "class_density": {
        "0": 0.0,
        "1": 0.0,
        "2": 0.0,
        "3": 0.0,
        "4": 0.0,
        "5": 0.0,
        "6": 0.0,
        "7": 0.0,
        "8": 0.0,
        "9": 0.0
      },
      "entropy_nat": 0.0
    },
    "2": {
      "n": 0,
      "class_counts": {
        "0": 0,
        "1": 0,
        "2": 0,
        "3": 0,
        "4": 0,
        "5": 0,
        "6": 0,
        "7": 0,
        "8": 0,
        "9": 0
      },
      "class_density": {
        "0": 0.0,
        "1": 0.0,
        "2": 0.0,
        "3": 0.0,
        "4": 0.0,
        "5": 0.0,
        "6": 0.0,
        "7": 0.0,
        "8": 0.0,
        "9": 0.0
      },
      "entropy_nat": 0.0
    },
    "3": {
      "n": 723,
      "class_counts": {
        "0": 7,
        "1": 101,
        "2": 118,
        "3": 74,
        "4": 59,
        "5": 35,
        "6": 100,
        "7": 160,
        "8": 15,
        "9": 54
      },
      "class_density": {
        "0": 0.009681881051175657,
        "1": 0.1396957123098202,
        "2": 0.1632088520055325,
        "3": 0.10235131396957123,
        "4": 0.08160442600276625,
        "5": 0.048409405255878286,
        "6": 0.13831258644536654,
        "7": 0.22130013831258644,
        "8": 0.02074688796680498,
        "9": 0.07468879668049792
      },
      "entropy_nat": 2.0816
    },
    "4": {
      "n": 0,
      "class_counts": {
        "0": 0,
        "1": 0,
        "2": 0,
        "3": 0,
        "4": 0,
        "5": 0,
        "6": 0,
        "7": 0,
        "8": 0,
        "9": 0
      },
      "class_density": {
        "0": 0.0,
        "1": 0.0,
        "2": 0.0,
        "3": 0.0,
        "4": 0.0,
        "5": 0.0,
        "6": 0.0,
        "7": 0.0,
        "8": 0.0,
        "9": 0.0
      },
      "entropy_nat": 0.0
    },
    "5": {
      "n": 2,
      "class_counts": {
        "0": 0,
        "1": 2,
        "2": 0,
        "3": 0,
        "4": 0,
        "5": 0,
        "6": 0,
        "7": 0,
        "8": 0,
        "9": 0
      },
      "class_density": {
        "0": 0.0,
        "1": 1.0,
        "2": 0.0,
        "3": 0.0,
        "4": 0.0,
        "5": 0.0,
        "6": 0.0,
        "7": 0.0,
        "8": 0.0,
        "9": 0.0
      },
      "entropy_nat": -0.0
    },
    "6": {
      "n": 217,
      "class_counts": {
        "0": 8,
        "1": 41,
        "2": 13,
        "3": 9,
        "4": 29,
        "5": 15,
        "6": 2,
        "7": 8,
        "8": 17,
        "9": 75
      },
      "class_density": {
        "0": 0.03686635944700461,
        "1": 0.1889400921658986,
        "2": 0.059907834101382486,
        "3": 0.041474654377880185,
        "4": 0.1336405529953917,
        "5": 0.06912442396313365,
        "6": 0.009216589861751152,
        "7": 0.03686635944700461,
        "8": 0.07834101382488479,
        "9": 0.3456221198156682
      },
      "entropy_nat": 1.9224
    },
    "7": {
      "n": 14,
      "class_counts": {
        "0": 0,
        "1": 13,
        "2": 0,
        "3": 0,
        "4": 0,
        "5": 0,
        "6": 0,
        "7": 1,
        "8": 0,
        "9": 0
      },
      "class_density": {
        "0": 0.0,
        "1": 0.9285714285714286,
        "2": 0.0,
        "3": 0.0,
        "4": 0.0,
        "5": 0.0,
        "6": 0.0,
        "7": 0.07142857142857142,
        "8": 0.0,
        "9": 0.0
      },
      "entropy_nat": 0.2573
    },
    "8": {
      "n": 10,
      "class_counts": {
        "0": 7,
        "1": 0,
        "2": 0,
        "3": 0,
        "4": 0,
        "5": 1,
        "6": 2,
        "7": 0,
        "8": 0,
        "9": 0
      },
      "class_density": {
        "0": 0.7,
        "1": 0.0,
        "2": 0.0,
        "3": 0.0,
        "4": 0.0,
        "5": 0.1,
        "6": 0.2,
        "7": 0.0,
        "8": 0.0,
        "9": 0.0
      },
      "entropy_nat": 0.8018
    },
    "9": {
      "n": 0,
      "class_counts": {
        "0": 0,
        "1": 0,
        "2": 0,
        "3": 0,
        "4": 0,
        "5": 0,
        "6": 0,
        "7": 0,
        "8": 0,
        "9": 0
      },
      "class_density": {
        "0": 0.0,
        "1": 0.0,
        "2": 0.0,
        "3": 0.0,
        "4": 0.0,
        "5": 0.0,
        "6": 0.0,
        "7": 0.0,
        "8": 0.0,
        "9": 0.0
      },
      "entropy_nat": 0.0
    },
    "10": {
      "n": 639,
      "class_counts": {
        "0": 32,
        "1": 22,
        "2": 70,
        "3": 92,
        "4": 69,
        "5": 114,
        "6": 53,
        "7": 43,
        "8": 113,
        "9": 31
      },
      "class_density": {
        "0": 0.050078247261345854,
        "1": 0.03442879499217527,
        "2": 0.10954616588419405,
        "3": 0.14397496087636932,
        "4": 0.107981220657277,
        "5": 0.1784037558685446,
        "6": 0.08294209702660407,
        "7": 0.06729264475743349,
        "8": 0.17683881064162754,
        "9": 0.048513302034428794
      },
      "entropy_nat": 2.1764
    },
    "11": {
      "n": 0,
      "class_counts": {
        "0": 0,
        "1": 0,
        "2": 0,
        "3": 0,
        "4": 0,
        "5": 0,
        "6": 0,
        "7": 0,
        "8": 0,
        "9": 0
      },
      "class_density": {
        "0": 0.0,
        "1": 0.0,
        "2": 0.0,
        "3": 0.0,
        "4": 0.0,
        "5": 0.0,
        "6": 0.0,
        "7": 0.0,
        "8": 0.0,
        "9": 0.0
      },
      "entropy_nat": 0.0
    },
    "12": {
      "n": 8,
      "class_counts": {
        "0": 0,
        "1": 4,
        "2": 0,
        "3": 0,
        "4": 0,
        "5": 1,
        "6": 3,
        "7": 0,
        "8": 0,
        "9": 0
      },
      "class_density": {
        "0": 0.0,
        "1": 0.5,
        "2": 0.0,
        "3": 0.0,
        "4": 0.0,
        "5": 0.125,
        "6": 0.375,
        "7": 0.0,
        "8": 0.0,
        "9": 0.0
      },
      "entropy_nat": 0.9743
    },
    "13": {
      "n": 1,
      "class_counts": {
        "0": 0,
        "1": 0,
        "2": 0,
        "3": 0,
        "4": 0,
        "5": 0,
        "6": 0,
        "7": 1,
        "8": 0,
        "9": 0
      },
      "class_density": {
        "0": 0.0,
        "1": 0.0,
        "2": 0.0,
        "3": 0.0,
        "4": 0.0,
        "5": 0.0,
        "6": 0.0,
        "7": 1.0,
        "8": 0.0,
        "9": 0.0
      },
      "entropy_nat": -0.0
    },
    "14": {
      "n": 211,
      "class_counts": {
        "0": 127,
        "1": 0,
        "2": 3,
        "3": 15,
        "4": 1,
        "5": 28,
        "6": 16,
        "7": 3,
        "8": 13,
        "9": 5
      },
      "class_density": {
        "0": 0.6018957345971564,
        "1": 0.0,
        "2": 0.014218009478672985,
        "3": 0.07109004739336493,
        "4": 0.004739336492890996,
        "5": 0.13270142180094788,
        "6": 0.07582938388625593,
        "7": 0.014218009478672985,
        "8": 0.061611374407582936,
        "9": 0.023696682464454975
      },
      "entropy_nat": 1.3638
    },
    "15": {
      "n": 0,
      "class_counts": {
        "0": 0,
        "1": 0,
        "2": 0,
        "3": 0,
        "4": 0,
        "5": 0,
        "6": 0,
        "7": 0,
        "8": 0,
        "9": 0
      },
      "class_density": {
        "0": 0.0,
        "1": 0.0,