{
  "n_samples": 2000,
  "per_cluster": {
    "0": {
      "n": 1,
      "class_counts": {
        "0": 0,
        "1": 1,
        "2": 0,
        "3": 0,
        "4": 0,
        "5": 0,
        "6": 0,
        "7": 0,
        "8": 0,
        "9": 0
      },
      "class_density": {
        "0": 0.0,
        "1": 1.0,
        "2": 0.0,
        "3": 0.0,
        "4": 0.0,
        "5": 0.0,
        "6": 0.0,
        "7": 0.0,
        "8": 0.0,
        "9": 0.0
      },
      "entropy_nat": -0.0
    },
    "1": {
      "n": 0,
      "class_counts": {
        "0": 0,
        "1": 0,
        "2": 0,
        "3": 0,
        "4": 0,
        "5": 0,
        "6": 0,
        "7": 0,
        "8": 0,
        "9": 0
      },
      "class_density": {
        "0": 0.0,
        "1": 0.0,
        "2": 0.0,
        "3": 0.0,
        "4": 0.0,
        "5": 0.0,
        "6": 0.0,
        "7": 0.0,
        "8": 0.0,
        "9": 0.0
      },
      "entropy_nat": 0.0
    },
    "2": {
      "n": 29,
      "class_counts": {
        "0": 0,
        "1": 26,
        "2": 0,
        "3": 0,
        "4": 0,
        "5": 0,
        "6": 0,
        "7": 0,
        "8": 3,
        "9": 0
      },
      "class_density": {
        "0": 0.0,
        "1": 0.896551724137931,
        "2": 0.0,
        "3": 0.0,
        "4": 0.0,
        "5": 0.0,
        "6": 0.0,
        "7": 0.0,
        "8": 0.10344827586206896,
        "9": 0.0
      },
      "entropy_nat": 0.3326
    },
    "3": {
      "n": 32,
      "class_counts": {
        "0": 23,
        "1": 0,
        "2": 0,
        "3": 0,
        "4": 1,
        "5": 0,
        "6": 3,
        "7": 0,
        "8": 3,
        "9": 2
      },
      "class_density": {
        "0": 0.71875,
        "1": 0.0,
        "2": 0.0,
        "3": 0.0,
        "4": 0.03125,
        "5": 0.0,
        "6": 0.09375,
        "7": 0.0,
        "8": 0.09375,
        "9": 0.0625
      },
      "entropy_nat": 0.9628
    },
    "4": {
      "n": 0,
      "class_counts": {
        "0": 0,
        "1": 0,
        "2": 0,
        "3": 0,
        "4": 0,
        "5": 0,
        "6": 0,
        "7": 0,
        "8": 0,
        "9": 0
      },
      "class_density": {
        "0": 0.0,
        "1": 0.0,
        "2": 0.0,
        "3": 0.0,
        "4": 0.0,
        "5": 0.0,
        "6": 0.0,
        "7": 0.0,
        "8": 0.0,
        "9": 0.0
      },
      "entropy_nat": 0.0
    },
    "5": {
      "n": 0,
      "class_counts": {
        "0": 0,
        "1": 0,
        "2": 0,
        "3": 0,
        "4": 0,
        "5": 0,
        "6": 0,
        "7": 0,
        "8": 0,
        "9": 0
      },
      "class_density": {
        "0": 0.0,
        "1": 0.0,
        "2": 0.0,
        "3": 0.0,
        "4": 0.0,
        "5": 0.0,
        "6": 0.0,
        "7": 0.0,
        "8": 0.0,
        "9": 0.0
      },
      "entropy_nat": 0.0
    },
    "6": {
      "n": 4,
      "class_counts": {
        "0": 0,
        "1": 4,
        "2": 0,
        "3": 0,
        "4": 0,
        "5": 0,
        "6": 0,
        "7": 0,
        "8": 0,
        "9": 0
      },
      "class_density": {
        "0": 0.0,
        "1": 1.0,
        "2": 0.0,
        "3": 0.0,
        "4": 0.0,
        "5": 0.0,
        "6": 0.0,
        "7": 0.0,
        "8": 0.0,
        "9": 0.0
      },
      "entropy_nat": -0.0
    },
    "7": {
      "n": 3,
      "class_counts": {
        "0": 2,
        "1": 0,
        "2": 0,
        "3": 0,
        "4": 0,
        "5": 0,
        "6": 0,
        "7": 0,
        "8": 1,
        "9": 0
      },
      "class_density": {
        "0": 0.6666666666666666,
        "1": 0.0,
        "2": 0.0,
        "3": 0.0,
        "4": 0.0,
        "5": 0.0,
        "6": 0.0,
        "7": 0.0,
        "8": 0.3333333333333333,
        "9": 0.0
      },
      "entropy_nat": 0.6365
    },
    "8": {
      "n": 195,
      "class_counts": {
        "0": 7,
        "1": 10,
        "2": 37,
        "3": 41,
        "4": 22,
        "5": 39,
        "6": 12,
        "7": 4,
        "8": 21,
        "9": 2
      },
      "class_density": {
        "0": 0.035897435897435895,
        "1": 0.05128205128205128,
        "2": 0.18974358974358974,
        "3": 0.21025641025641026,
        "4": 0.11282051282051282,
        "5": 0.2,
        "6": 0.06153846153846154,
        "7": 0.020512820512820513,
        "8": 0.1076923076923077,
        "9": 0.010256410256410256
      },
      "entropy_nat": 2.0213
    },
    "9": {
      "n": 21,
      "class_counts": {
        "0": 0,
        "1": 14,
        "2": 0,
        "3": 0,
        "4": 0,
        "5": 5,
        "6": 0,
        "7": 0,
        "8": 2,
        "9": 0
      },
      "class_density": {
        "0": 0.0,
        "1": 0.6666666666666666,
        "2": 0.0,
        "3": 0.0,
        "4": 0.0,
        "5": 0.23809523809523808,
        "6": 0.0,
        "7": 0.0,
        "8": 0.09523809523809523,
        "9": 0.0
      },
      "entropy_nat": 0.8359
    },
    "10": {
      "n": 5,
      "class_counts": {
        "0": 5,
        "1": 0,
        "2": 0,
        "3": 0,
        "4": 0,
        "5": 0,
        "6": 0,
        "7": 0,
        "8": 0,
        "9": 0
      },
      "class_density": {
        "0": 1.0,
        "1": 0.0,
        "2": 0.0,
        "3": 0.0,
        "4": 0.0,
        "5": 0.0,
        "6": 0.0,
        "7": 0.0,
        "8": 0.0,
        "9": 0.0
      },
      "entropy_nat": -0.0
    },
    "11": {
      "n": 0,
      "class_counts": {
        "0": 0,
        "1": 0,
        "2": 0,
        "3": 0,
        "4": 0,
        "5": 0,
        "6": 0,
        "7": 0,
        "8": 0,
        "9": 0
      },
      "class_density": {
        "0": 0.0,
        "1": 0.0,
        "2": 0.0,
        "3": 0.0,
        "4": 0.0,
        "5": 0.0,
        "6": 0.0,
        "7": 0.0,
        "8": 0.0,
        "9": 0.0
      },
      "entropy_nat": 0.0
    },
    "12": {
      "n": 14,
      "class_counts": {
        "0": 13,
        "1": 0,
        "2": 0,
        "3": 0,
        "4": 0,
        "5": 1,
        "6": 0,
        "7": 0,
        "8": 0,
        "9": 0
      },
      "class_density": {
        "0": 0.9285714285714286,
        "1": 0.0,
        "2": 0.0,
        "3": 0.0,
        "4": 0.0,
        "5": 0.07142857142857142,
        "6": 0.0,
        "7": 0.0,
        "8": 0.0,
        "9": 0.0
      },
      "entropy_nat": 0.2573
    },
    "13": {
      "n": 249,
      "class_counts": {
        "0": 7,
        "1": 7,
        "2": 97,
        "3": 57,
        "4": 8,
        "5": 28,
        "6": 20,
        "7": 13,
        "8": 9,
        "9": 3
      },
      "class_density": {
        "0": 0.028112449799196786,
        "1": 0.028112449799196786,
        "2": 0.3895582329317269,
        "3": 0.2289156626506024,
        "4": 0.0321285140562249,
        "5": 0.11244979919678715,
        "6": 0.08032128514056225,
        "7": 0.05220883534136546,
        "8": 0.03614457831325301,
        "9": 0.012048192771084338
      },
      "entropy_nat": 1.7917
    },
    "14": {
      "n": 0,
      "class_counts": {
        "0": 0,
        "1": 0,
        "2": 0,
        "3": 0,
        "4": 0,
        "5": 0,
        "6": 0,
        "7": 0,
        "8": 0,
        "9": 0
      },
      "class_density": {
        "0": 0.0,
        "1": 0.0,
        "2": 0.0,
        "3": 0.0,
        "4": 0.0,
        "5": 0.0,
        "6": 0.0,
        "7": 0.0,
        "8": 0.0,
        "9": 0.0
      },
      "entropy_nat": 0.0
    },
    "15": {
      "n": 423,
      "class_counts": {
        "0": 27,
        "1": 55,
        "2": 17,
        "3": 20,
        "4": 26,
        "5": 19,
        "6": 131,
        "7": 99,
        "8": 3,
        "9": 26
      },
      "class_density": {
        "0": 0.06382978723404255,
        "1": 0.13002364066193853,
        "2": 0.04018912529550828,
        "3": 0.04728132387706856,
        "4": 0.061465721040189124,
        "5": 0.04491725768321513,
        "6": 0.30969267139479906,