{
  "version": 2,
  "checkpoint_selection": "min_training_loss",
  "best_epoch": 20,
  "best_training_loss": 0.42383012533187864,
  "macro_auc_test_at_best_epoch": 0.4942018389165669,
  "per_digit_auc_at_best_epoch": {
    "0": 0.29229597349413244,
    "1": 0.930577240762051,
    "2": 0.47344532191518623,
    "3": 0.5365083553524085,
    "4": 0.4287796444022447,
    "5": 0.38596383862277106,
    "6": 0.31724738575888384,
    "7": 0.4124991186980486,
    "8": 0.6747948245511006,
    "9": 0.4899066856088413
  },
  "macro_auc_test_pruned_active_spheres": 0.4940089598537443,
  "per_digit_auc_test_pruned_active_spheres": {
    "0": 0.4688020199057118,
    "1": 0.8865474747474748,
    "2": 0.4645515588889992,
    "3": 0.49506569922515753,
    "4": 0.35300570166650186,
    "5": 0.3674426199004397,
    "6": 0.5659662137517267,
    "7": 0.47278670861459116,
    "8": 0.5146953355243508,
    "9": 0.3512262663124901
  },
  "curvature": 1.0,
  "n_spheres": 30,
  "train_normal_digits": [
    1
  ],
  "test_digits": [
    0,
    1,
    2,
    3,
    4,
    5,
    6,
    7,
    8,
    9
  ],
  "objective": "union-soft",
  "unsupervised": true,
  "ae_checkpoint": "samplesvdd/hySpUnsup/runs/my_v3_ae200_stage1/ae_stage1_ep200.pth",
  "prune": {
    "train_argmin_counts": [
      15,
      19,
      2229,
      76,
      129,
      46,
      38,
      92,
      120,
      22,
      88,
      52,
      34,
      192,
      51,
      63,
      150,
      19,
      67,
      64,
      161,
      50,
      9,
      115,
      181,
      2059,
      30,
      94,
      8,
      24
    ],
    "silhouette_mean_per_cluster_euclidean_z": {
      "0": null,
      "1": null,
      "2": null,
      "3": null,
      "4": null,
      "5": null,
      "6": null,
      "7": null,
      "8": null,
      "9": null,
      "10": null,
      "11": null,
      "12": null,
      "13": null,
      "14": null,
      "15": null,
      "16": null,
      "17": null,
      "18": null,
      "19": null,
      "20": null,
      "21": null,
      "22": null,
      "23": null,
      "24": null,
      "25": null,
      "26": null,
      "27": null,
      "28": null,
      "29": null
    },
    "active_cluster_mask": [
      false,
      false,
      true,
      true,
      true,
      false,
      false,
      true,
      true,
      false,
      true,
      true,
      false,
      true,
      true,
      true,
      true,
      false,
      true,
      true,
      true,
      true,
      false,
      true,
      true,
      true,
      false,
      true,
      false,
      false
    ]
  },
  "split_overloaded": {
    "enabled": true,
    "max_cluster_fraction": 0.2,
    "applied": true,
    "n_train": 6297,
    "cap_count": 1260,
    "counts_before": [
      0,
      0,
      2289,
      85,
      146,
      0,
      0,
      99,
      120,
      0,
      96,
      54,
      0,
      201,
      59,
      64,
      151,
      0,
      77,
      64,
      186,
      50,
      0,
      115,
      187,
      2154,
      0,
      100,
      0,
      0
    ],
    "overloaded_clusters": [
      2,
      25
    ],
    "spare_inactive_clusters": [
      0,
      1,
      5,
      6,
      9,
      12,
      17,
      22,
      26,
      28,
      29
    ],
    "splits": [
      {
        "source_cluster": 2,
        "source_count": 2289,
        "groups_after_split": [
          1328,
          961
        ],
        "new_clusters_activated": [
          0
        ]
      },
      {
        "source_cluster": 25,
        "source_count": 2154,
        "groups_after_split": [
          1141,
          1013
        ],
        "new_clusters_activated": [
          1
        ]
      }
    ],
    "active_cluster_mask_after_split": [
      true,
      true,
      true,
      true,
      true,
      false,
      false,
      true,
      true,
      false,
      true,
      true,
      false,
      true,
      true,
      true,
      true,
      false,
      true,
      true,
      true,
      true,
      false,
      true,
      true,
      true,
      false,
      true,
      false,
      false
    ]
  },
  "hybrid_rebalance": {
    "enabled": true,
    "lb_min_cluster_members": 50,
    "ub_max_cluster_fraction": 0.2,
    "max_iters": 4,
    "hard_cap_enabled": true,
    "chaos_factor": 0.15,
    "iterations": [
      {
        "iter": 1,
        "lb": {
          "enabled": true,
          "counts": [
            0,
            0,
            491,
            122,
            196,
            95,
            58,
            144,
            212,
            50,
            119,
            68,
            68,
            564,
            583,
            66,
            450,
            36,
            116,
            82,
            545,
            108,
            157,
            191,
            497,
            735,
            53,
            427,
            32,
            32
          ],
          "active_before": [
            true,
            true,
            true,
            true,
            true,
            false,
            false,
            true,
            true,
            false,
            true,
            true,
            false,
            true,
            true,
            true,
            true,
            false,
            true,
            true,
            true,
            true,
            false,
            true,
            true,
            true,
            false,
            true,
            false,
            false
          ],
          "active_after": [
            false,
            false,
            true,
            true,
            true,
            true,
            true,
            true,
            true,
            true,
            true,
            true,
            true,
            true,
            true,
            true,
            true,
            false,
            true,
            true,
            true,
            true,
            true,
            true,
            true,
            true,
            true,
            true,
            false,
            false
          ],
          "changed": true
        },
        "ub": {
          "enabled": true,
          "max_cluster_fraction": 0.2,
          "applied": false,
          "n_train": 6297,
          "cap_count": 1260,
          "counts_before": [
            0,
            0,
            491,
            122,
            196,
            95,
            65,
            144,
            212,
            50,
            131,
            72,
            68,
            564,
            588,
            69,
            481,
            0,
            127,
            82,
            548,
            108,
            157,
            191,
            497,
            735,
            53,
            451,
            0,
            0
          ],
          "overloaded_clusters": [],
          "spare_inactive_clusters": [
            0,
            1,
            17,
            28,
            29
          ],
          "splits": []
        },
        "hard_cap": {
          "enabled": true,
          "max_cluster_fraction": 0.2,
          "chaos_factor": 0.15,
          "applied": false,
          "n_train": 6297,
          "cap_count": 1260,
          "counts_before": [
            0,
            0,
            491,
            122,
            196,
            95,
            65,
            144,
            212,
            50,
            131,
            72,
            68,
            564,
            588,
            69,
            481,
            0,
            127,
            82,
            548,
            108,
            157,
            191,
            497,
            735,
            53,
            451,
            0,
            0
          ],