{
  "n_samples": 2000,
  "per_cluster": {
    "0": {
      "n": 603,
      "class_counts": {
        "0": 32,
        "1": 35,
        "2": 84,
        "3": 91,
        "4": 80,
        "5": 22,
        "6": 14,
        "7": 79,
        "8": 78,
        "9": 88
      },
      "class_density": {
        "0": 0.05306799336650083,
        "1": 0.05804311774461028,
        "2": 0.13930348258706468,
        "3": 0.15091210613598674,
        "4": 0.13266998341625208,
        "5": 0.03648424543946932,
        "6": 0.02321724709784411,
        "7": 0.1310116086235489,
        "8": 0.12935323383084577,
        "9": 0.14593698175787728
      },
      "entropy_nat": 2.1688
    },
    "1": {
      "n": 0,
      "class_counts": {
        "0": 0,
        "1": 0,
        "2": 0,
        "3": 0,
        "4": 0,
        "5": 0,
        "6": 0,
        "7": 0,
        "8": 0,
        "9": 0
      },
      "class_density": {
        "0": 0.0,
        "1": 0.0,
        "2": 0.0,
        "3": 0.0,
        "4": 0.0,
        "5": 0.0,
        "6": 0.0,
        "7": 0.0,
        "8": 0.0,
        "9": 0.0
      },
      "entropy_nat": 0.0
    },
    "2": {
      "n": 0,
      "class_counts": {
        "0": 0,
        "1": 0,
        "2": 0,
        "3": 0,
        "4": 0,
        "5": 0,
        "6": 0,
        "7": 0,
        "8": 0,
        "9": 0
      },
      "class_density": {
        "0": 0.0,
        "1": 0.0,
        "2": 0.0,
        "3": 0.0,
        "4": 0.0,
        "5": 0.0,
        "6": 0.0,
        "7": 0.0,
        "8": 0.0,
        "9": 0.0
      },
      "entropy_nat": 0.0
    },
    "3": {
      "n": 0,
      "class_counts": {
        "0": 0,
        "1": 0,
        "2": 0,
        "3": 0,
        "4": 0,
        "5": 0,
        "6": 0,
        "7": 0,
        "8": 0,
        "9": 0
      },
      "class_density": {
        "0": 0.0,
        "1": 0.0,
        "2": 0.0,
        "3": 0.0,
        "4": 0.0,
        "5": 0.0,
        "6": 0.0,
        "7": 0.0,
        "8": 0.0,
        "9": 0.0
      },
      "entropy_nat": 0.0
    },
    "4": {
      "n": 378,
      "class_counts": {
        "0": 19,
        "1": 28,
        "2": 3,
        "3": 14,
        "4": 68,
        "5": 134,
        "6": 16,
        "7": 4,
        "8": 65,
        "9": 27
      },
      "class_density": {
        "0": 0.05026455026455026,
        "1": 0.07407407407407407,
        "2": 0.007936507936507936,
        "3": 0.037037037037037035,
        "4": 0.17989417989417988,
        "5": 0.3544973544973545,
        "6": 0.042328042328042326,
        "7": 0.010582010582010581,
        "8": 0.17195767195767195,
        "9": 0.07142857142857142
      },
      "entropy_nat": 1.853
    },
    "5": {
      "n": 49,
      "class_counts": {
        "0": 0,
        "1": 32,
        "2": 4,
        "3": 5,
        "4": 2,
        "5": 0,
        "6": 3,
        "7": 3,
        "8": 0,
        "9": 0
      },
      "class_density": {
        "0": 0.0,
        "1": 0.6530612244897959,
        "2": 0.08163265306122448,
        "3": 0.10204081632653061,
        "4": 0.04081632653061224,
        "5": 0.0,
        "6": 0.061224489795918366,
        "7": 0.061224489795918366,
        "8": 0.0,
        "9": 0.0
      },
      "entropy_nat": 1.1883
    },
    "6": {
      "n": 0,
      "class_counts": {
        "0": 0,
        "1": 0,
        "2": 0,
        "3": 0,
        "4": 0,
        "5": 0,
        "6": 0,
        "7": 0,
        "8": 0,
        "9": 0
      },
      "class_density": {
        "0": 0.0,
        "1": 0.0,
        "2": 0.0,
        "3": 0.0,
        "4": 0.0,
        "5": 0.0,
        "6": 0.0,
        "7": 0.0,
        "8": 0.0,
        "9": 0.0
      },
      "entropy_nat": 0.0
    },
    "7": {
      "n": 0,
      "class_counts": {
        "0": 0,
        "1": 0,
        "2": 0,
        "3": 0,
        "4": 0,
        "5": 0,
        "6": 0,
        "7": 0,
        "8": 0,
        "9": 0
      },
      "class_density": {
        "0": 0.0,
        "1": 0.0,
        "2": 0.0,
        "3": 0.0,
        "4": 0.0,
        "5": 0.0,
        "6": 0.0,
        "7": 0.0,
        "8": 0.0,
        "9": 0.0
      },
      "entropy_nat": 0.0
    },
    "8": {
      "n": 11,
      "class_counts": {
        "0": 0,
        "1": 11,
        "2": 0,
        "3": 0,
        "4": 0,
        "5": 0,
        "6": 0,
        "7": 0,
        "8": 0,
        "9": 0
      },
      "class_density": {
        "0": 0.0,
        "1": 1.0,
        "2": 0.0,
        "3": 0.0,
        "4": 0.0,
        "5": 0.0,
        "6": 0.0,
        "7": 0.0,
        "8": 0.0,
        "9": 0.0
      },
      "entropy_nat": -0.0
    },
    "9": {
      "n": 0,
      "class_counts": {
        "0": 0,
        "1": 0,
        "2": 0,
        "3": 0,
        "4": 0,
        "5": 0,
        "6": 0,
        "7": 0,
        "8": 0,
        "9": 0
      },
      "class_density": {
        "0": 0.0,
        "1": 0.0,
        "2": 0.0,
        "3": 0.0,
        "4": 0.0,
        "5": 0.0,
        "6": 0.0,
        "7": 0.0,
        "8": 0.0,
        "9": 0.0
      },
      "entropy_nat": 0.0
    },
    "10": {
      "n": 0,
      "class_counts": {
        "0": 0,
        "1": 0,
        "2": 0,
        "3": 0,
        "4": 0,
        "5": 0,
        "6": 0,
        "7": 0,
        "8": 0,
        "9": 0
      },
      "class_density": {
        "0": 0.0,
        "1": 0.0,
        "2": 0.0,
        "3": 0.0,
        "4": 0.0,
        "5": 0.0,
        "6": 0.0,
        "7": 0.0,
        "8": 0.0,
        "9": 0.0
      },
      "entropy_nat": 0.0
    },
    "11": {
      "n": 8,
      "class_counts": {
        "0": 0,
        "1": 7,
        "2": 0,
        "3": 0,
        "4": 1,
        "5": 0,
        "6": 0,
        "7": 0,
        "8": 0,
        "9": 0
      },
      "class_density": {
        "0": 0.0,
        "1": 0.875,
        "2": 0.0,
        "3": 0.0,
        "4": 0.125,
        "5": 0.0,
        "6": 0.0,
        "7": 0.0,
        "8": 0.0,
        "9": 0.0
      },
      "entropy_nat": 0.3768
    },
    "12": {
      "n": 246,
      "class_counts": {
        "0": 50,
        "1": 6,
        "2": 5,
        "3": 4,
        "4": 3,
        "5": 7,
        "6": 78,
        "7": 80,
        "8": 5,
        "9": 8
      },
      "class_density": {
        "0": 0.2032520325203252,
        "1": 0.024390243902439025,
        "2": 0.02032520325203252,
        "3": 0.016260162601626018,
        "4": 0.012195121951219513,
        "5": 0.028455284552845527,
        "6": 0.3170731707317073,
        "7": 0.3252032520325203,
        "8": 0.02032520325203252,
        "9": 0.032520325203252036
      },
      "entropy_nat": 1.6357
    },
    "13": {
      "n": 0,
      "class_counts": {
        "0": 0,
        "1": 0,
        "2": 0,
        "3": 0,
        "4": 0,
        "5": 0,
        "6": 0,
        "7": 0,
        "8": 0,
        "9": 0
      },
      "class_density": {
        "0": 0.0,
        "1": 0.0,
        "2": 0.0,
        "3": 0.0,
        "4": 0.0,
        "5": 0.0,
        "6": 0.0,
        "7": 0.0,
        "8": 0.0,
        "9": 0.0
      },
      "entropy_nat": 0.0
    },
    "14": {
      "n": 22,
      "class_counts": {
        "0": 0,
        "1": 18,
        "2": 2,
        "3": 2,
        "4": 0,
        "5": 0,
        "6": 0,
        "7": 0,
        "8": 0,
        "9": 0
      },
      "class_density": {
        "0": 0.0,
        "1": 0.8181818181818182,
        "2": 0.09090909090909091,
        "3": 0.09090909090909091,
        "4": 0.0,
        "5": 0.0,
        "6": 0.0,
        "7": 0.0,
        "8": 0.0,
        "9": 0.0
      },
      "entropy_nat": 0.6002
    },
    "15": {
      "n": 71,
      "class_counts": {
        "0": 6,
        "1": 32,
        "2": 0,
        "3": 2,
        "4": 0,
        "5": 2,
        "6": 29,
        "7": 0,
        "8": 0,
        "9": 0
      },
      "class_density": {
        "0": 0.08450704225352113,
        "1": 0.4507042253521127,
        "2": 0.0,