{
<<<<<<< HEAD
  "best_epoch": 25,
  "best_macro_auc": 0.5381576495280971,
  "per_digit_best_auc": {
    "0": 0.6022333307797858,
    "1": 0.290101804754323,
    "2": 0.30626208562558177,
    "3": 0.16798248216831504,
    "4": 0.7292214883712851,
    "5": 0.5044478184711416,
    "6": 0.672888473792633,
    "7": 0.7257086200058628,
    "8": 0.5344281620446628,
    "9": 0.8483022292673797
  },
  "best_sklearn_silhouette_train": 0.8613671660423279,
  "best_hungarian_acc": 0.11636774466883208,
  "best_nmi": 0.007871691745095749,
  "best_ari": 4.9880357313108494e-05,
=======
  "best_epoch": 5,
  "best_macro_auc": 0.49931626600973794,
  "per_digit_best_auc": {
    "0": 0.41860844935230257,
    "1": 0.4251408320370988,
    "2": 0.5793830805171531,
    "3": 0.5219262071935564,
    "4": 0.4682829247237164,
    "5": 0.5109176652544,
    "6": 0.4764483600671705,
    "7": 0.6529767561958093,
    "8": 0.49061629863290557,
    "9": 0.44886208612326667
  },
  "best_sklearn_silhouette_train": 0.08660980314016342,
  "best_hungarian_acc": 0.25030489992108473,
  "best_nmi": 0.13822101533366285,
  "best_ari": 0.05895120499511189,
>>>>>>> f76a5a449 (RunCheck)
  "select_metric": "silhouette",
  "center_init": "unsup_head_means",
  "preprocess": "digit_minmax",
  "lambda_sil": 1.0,
  "lambda_sil_inter": 1.0,
  "lambda_overlap": 0.01,
  "margin_overlap": 0.05,
  "enable_pruning": false,
  "seed": 42
}