{
  "run_dir": "samplesvdd/hySpUnsup/runs/sensitivity_v3/overlap_margin_0p0",
  "checkpoint": "samplesvdd/hySpUnsup/runs/sensitivity_v3/overlap_margin_0p0/checkpoint_v2.pth",
  "n_spheres": 30,
  "curvature": 1.0,
  "objective": "union-soft",
  "active_cluster_mask": [
    false,
    false,
    false,
    false,
    true,
    false,
    true,
    true,
    true,
    true,
    true,
    true,
    true,
    true,
    true,
    true,
    true,
    true,
    true,
    true,
    true,
    false,
    false,
    true,
    true,
    true,
    true,
    true,
    true,
    true
  ],
  "train_macro_auc": 0.5003385843506716,
  "train_per_digit_auc": {
    "0": 0.5846571816009429,
    "1": 0.4694233783432866,
    "2": 0.5205436430674855,
    "3": 0.48844798337898343,
    "4": 0.45089711793194026,
    "5": 0.4103007777793338,
    "6": 0.6250460973275693,
    "7": 0.3919469518297379,
    "8": 0.5607509952233842,
    "9": 0.5013717170240526
  },
  "test_macro_auc": 0.500267996885379,
  "test_per_digit_auc": {
    "0": 0.5894227119723345,
    "1": 0.4629630226313771,
    "2": 0.5320443492932186,
    "3": 0.48083668508045757,
    "4": 0.44217058558360683,
    "5": 0.41872798665724,
    "6": 0.6373921634514589,
    "7": 0.38349841846104954,
    "8": 0.5627687234660035,
    "9": 0.49285532225704365
  }
}