{
  "n_samples": 2000,
  "per_cluster": {
    "0": {
      "n": 0,
      "class_counts": {
        "0": 0,
        "1": 0,
        "2": 0,
        "3": 0,
        "4": 0,
        "5": 0,
        "6": 0,
        "7": 0,
        "8": 0,
        "9": 0
      },
      "class_density": {
        "0": 0.0,
        "1": 0.0,
        "2": 0.0,
        "3": 0.0,
        "4": 0.0,
        "5": 0.0,
        "6": 0.0,
        "7": 0.0,
        "8": 0.0,
        "9": 0.0
      },
      "entropy_nat": 0.0
    },
    "1": {
      "n": 0,
      "class_counts": {
        "0": 0,
        "1": 0,
        "2": 0,
        "3": 0,
        "4": 0,
        "5": 0,
        "6": 0,
        "7": 0,
        "8": 0,
        "9": 0
      },
      "class_density": {
        "0": 0.0,
        "1": 0.0,
        "2": 0.0,
        "3": 0.0,
        "4": 0.0,
        "5": 0.0,
        "6": 0.0,
        "7": 0.0,
        "8": 0.0,
        "9": 0.0
      },
      "entropy_nat": 0.0
    },
    "2": {
      "n": 0,
      "class_counts": {
        "0": 0,
        "1": 0,
        "2": 0,
        "3": 0,
        "4": 0,
        "5": 0,
        "6": 0,
        "7": 0,
        "8": 0,
        "9": 0
      },
      "class_density": {
        "0": 0.0,
        "1": 0.0,
        "2": 0.0,
        "3": 0.0,
        "4": 0.0,
        "5": 0.0,
        "6": 0.0,
        "7": 0.0,
        "8": 0.0,
        "9": 0.0
      },
      "entropy_nat": 0.0
    },
    "3": {
      "n": 0,
      "class_counts": {
        "0": 0,
        "1": 0,
        "2": 0,
        "3": 0,
        "4": 0,
        "5": 0,
        "6": 0,
        "7": 0,
        "8": 0,
        "9": 0
      },
      "class_density": {
        "0": 0.0,
        "1": 0.0,
        "2": 0.0,
        "3": 0.0,
        "4": 0.0,
        "5": 0.0,
        "6": 0.0,
        "7": 0.0,
        "8": 0.0,
        "9": 0.0
      },
      "entropy_nat": 0.0
    },
    "4": {
      "n": 30,
      "class_counts": {
        "0": 0,
        "1": 28,
        "2": 0,
        "3": 0,
        "4": 0,
        "5": 0,
        "6": 0,
        "7": 0,
        "8": 2,
        "9": 0
      },
      "class_density": {
        "0": 0.0,
        "1": 0.9333333333333333,
        "2": 0.0,
        "3": 0.0,
        "4": 0.0,
        "5": 0.0,
        "6": 0.0,
        "7": 0.0,
        "8": 0.06666666666666667,
        "9": 0.0
      },
      "entropy_nat": 0.2449
    },
    "5": {
      "n": 0,
      "class_counts": {
        "0": 0,
        "1": 0,
        "2": 0,
        "3": 0,
        "4": 0,
        "5": 0,
        "6": 0,
        "7": 0,
        "8": 0,
        "9": 0
      },
      "class_density": {
        "0": 0.0,
        "1": 0.0,
        "2": 0.0,
        "3": 0.0,
        "4": 0.0,
        "5": 0.0,
        "6": 0.0,
        "7": 0.0,
        "8": 0.0,
        "9": 0.0
      },
      "entropy_nat": 0.0
    },
    "6": {
      "n": 197,
      "class_counts": {
        "0": 1,
        "1": 8,
        "2": 105,
        "3": 52,
        "4": 0,
        "5": 5,
        "6": 12,
        "7": 3,
        "8": 9,
        "9": 2
      },
      "class_density": {
        "0": 0.005076142131979695,
        "1": 0.04060913705583756,
        "2": 0.5329949238578681,
        "3": 0.2639593908629442,
        "4": 0.0,
        "5": 0.025380710659898477,
        "6": 0.06091370558375635,
        "7": 0.015228426395939087,
        "8": 0.04568527918781726,
        "9": 0.01015228426395939
      },
      "entropy_nat": 1.3589
    },
    "7": {
      "n": 56,
      "class_counts": {
        "0": 2,
        "1": 8,
        "2": 0,
        "3": 2,
        "4": 12,
        "5": 4,
        "6": 0,
        "7": 17,
        "8": 8,
        "9": 3
      },
      "class_density": {
        "0": 0.03571428571428571,
        "1": 0.14285714285714285,
        "2": 0.0,
        "3": 0.03571428571428571,
        "4": 0.21428571428571427,
        "5": 0.07142857142857142,
        "6": 0.0,
        "7": 0.30357142857142855,
        "8": 0.14285714285714285,
        "9": 0.05357142857142857
      },
      "entropy_nat": 1.8313
    },
    "8": {
      "n": 397,
      "class_counts": {
        "0": 29,
        "1": 22,
        "2": 30,
        "3": 60,
        "4": 40,
        "5": 88,
        "6": 1,
        "7": 25,
        "8": 85,
        "9": 17
      },
      "class_density": {
        "0": 0.07304785894206549,
        "1": 0.055415617128463476,
        "2": 0.07556675062972293,
        "3": 0.15113350125944586,
        "4": 0.10075566750629723,
        "5": 0.2216624685138539,
        "6": 0.0025188916876574307,
        "7": 0.06297229219143577,
        "8": 0.2141057934508816,
        "9": 0.042821158690176324
      },
      "entropy_nat": 2.0515
    },
    "9": {
      "n": 353,
      "class_counts": {
        "0": 30,
        "1": 9,
        "2": 40,
        "3": 42,
        "4": 46,
        "5": 67,
        "6": 66,
        "7": 7,
        "8": 27,
        "9": 19
      },
      "class_density": {
        "0": 0.08498583569405099,
        "1": 0.025495750708215296,
        "2": 0.11331444759206799,
        "3": 0.11898016997167139,
        "4": 0.13031161473087818,
        "5": 0.18980169971671387,
        "6": 0.18696883852691218,
        "7": 0.019830028328611898,
        "8": 0.0764872521246459,
        "9": 0.053824362606232294
      },
      "entropy_nat": 2.1292
    },
    "10": {
      "n": 2,
      "class_counts": {
        "0": 0,
        "1": 0,
        "2": 0,
        "3": 0,
        "4": 0,
        "5": 0,
        "6": 0,
        "7": 0,
        "8": 0,
        "9": 2
      },
      "class_density": {
        "0": 0.0,
        "1": 0.0,
        "2": 0.0,
        "3": 0.0,
        "4": 0.0,
        "5": 0.0,
        "6": 0.0,
        "7": 0.0,
        "8": 0.0,
        "9": 1.0
      },
      "entropy_nat": -0.0
    },
    "11": {
      "n": 4,
      "class_counts": {
        "0": 0,
        "1": 4,
        "2": 0,
        "3": 0,
        "4": 0,
        "5": 0,
        "6": 0,
        "7": 0,
        "8": 0,
        "9": 0
      },
      "class_density": {
        "0": 0.0,
        "1": 1.0,
        "2": 0.0,
        "3": 0.0,
        "4": 0.0,
        "5": 0.0,
        "6": 0.0,
        "7": 0.0,
        "8": 0.0,
        "9": 0.0
      },
      "entropy_nat": -0.0
    },
    "12": {
      "n": 7,
      "class_counts": {
        "0": 7,
        "1": 0,
        "2": 0,
        "3": 0,
        "4": 0,
        "5": 0,
        "6": 0,
        "7": 0,
        "8": 0,
        "9": 0
      },
      "class_density": {
        "0": 1.0,
        "1": 0.0,
        "2": 0.0,
        "3": 0.0,
        "4": 0.0,
        "5": 0.0,
        "6": 0.0,
        "7": 0.0,
        "8": 0.0,
        "9": 0.0
      },
      "entropy_nat": -0.0
    },
    "13": {
      "n": 1,
      "class_counts": {
        "0": 1,
        "1": 0,
        "2": 0,
        "3": 0,
        "4": 0,
        "5": 0,
        "6": 0,
        "7": 0,
        "8": 0,
        "9": 0
      },
      "class_density": {
        "0": 1.0,
        "1": 0.0,
        "2": 0.0,
        "3": 0.0,
        "4": 0.0,
        "5": 0.0,
        "6": 0.0,
        "7": 0.0,
        "8": 0.0,
        "9": 0.0
      },
      "entropy_nat": -0.0
    },
    "14": {
      "n": 1,
      "class_counts": {
        "0": 0,
        "1": 0,
        "2": 0,
        "3": 0,
        "4": 1,
        "5": 0,
        "6": 0,
        "7": 0,
        "8": 0,
        "9": 0
      },
      "class_density": {
        "0": 0.0,
        "1": 0.0,
        "2": 0.0,
        "3": 0.0,
        "4": 1.0,
        "5": 0.0,
        "6": 0.0,
        "7": 0.0,
        "8": 0.0,
        "9": 0.0
      },
      "entropy_nat": -0.0
    },
    "15": {
      "n": 378,
      "class_counts": {
        "0": 122,
        "1": 26,
        "2": 11,
        "3": 15,
        "4": 12,
        "5": 19,
        "6": 131,
        "7": 27,
        "8": 10,
        "9": 5
      },
      "class_density": {
        "0": 0.32275132275132273,
        "1": 0.06878306878306878,