{
  "n_samples": 2000,
  "per_cluster": {
    "0": {
      "n": 0,
      "class_counts": {
        "0": 0,
        "1": 0,
        "2": 0,
        "3": 0,
        "4": 0,
        "5": 0,
        "6": 0,
        "7": 0,
        "8": 0,
        "9": 0
      },
      "class_density": {
        "0": 0.0,
        "1": 0.0,
        "2": 0.0,
        "3": 0.0,
        "4": 0.0,
        "5": 0.0,
        "6": 0.0,
        "7": 0.0,
        "8": 0.0,
        "9": 0.0
      },
      "entropy_nat": 0.0
    },
    "1": {
      "n": 143,
      "class_counts": {
        "0": 24,
        "1": 1,
        "2": 10,
        "3": 7,
        "4": 14,
        "5": 28,
        "6": 37,
        "7": 3,
        "8": 12,
        "9": 7
      },
      "class_density": {
        "0": 0.16783216783216784,
        "1": 0.006993006993006993,
        "2": 0.06993006993006994,
        "3": 0.04895104895104895,
        "4": 0.0979020979020979,
        "5": 0.1958041958041958,
        "6": 0.25874125874125875,
        "7": 0.02097902097902098,
        "8": 0.08391608391608392,
        "9": 0.04895104895104895
      },
      "entropy_nat": 2.0012
    },
    "2": {
      "n": 3,
      "class_counts": {
        "0": 2,
        "1": 0,
        "2": 0,
        "3": 0,
        "4": 0,
        "5": 0,
        "6": 0,
        "7": 0,
        "8": 1,
        "9": 0
      },
      "class_density": {
        "0": 0.6666666666666666,
        "1": 0.0,
        "2": 0.0,
        "3": 0.0,
        "4": 0.0,
        "5": 0.0,
        "6": 0.0,
        "7": 0.0,
        "8": 0.3333333333333333,
        "9": 0.0
      },
      "entropy_nat": 0.6365
    },
    "3": {
      "n": 47,
      "class_counts": {
        "0": 4,
        "1": 3,
        "2": 5,
        "3": 0,
        "4": 10,
        "5": 5,
        "6": 3,
        "7": 0,
        "8": 5,
        "9": 12
      },
      "class_density": {
        "0": 0.0851063829787234,
        "1": 0.06382978723404255,
        "2": 0.10638297872340426,
        "3": 0.0,
        "4": 0.2127659574468085,
        "5": 0.10638297872340426,
        "6": 0.06382978723404255,
        "7": 0.0,
        "8": 0.10638297872340426,
        "9": 0.2553191489361702
      },
      "entropy_nat": 1.9539
    },
    "4": {
      "n": 352,
      "class_counts": {
        "0": 12,
        "1": 26,
        "2": 21,
        "3": 43,
        "4": 56,
        "5": 92,
        "6": 3,
        "7": 8,
        "8": 65,
        "9": 26
      },
      "class_density": {
        "0": 0.03409090909090909,
        "1": 0.07386363636363637,
        "2": 0.05965909090909091,
        "3": 0.12215909090909091,
        "4": 0.1590909090909091,
        "5": 0.26136363636363635,
        "6": 0.008522727272727272,
        "7": 0.022727272727272728,
        "8": 0.1846590909090909,
        "9": 0.07386363636363637
      },
      "entropy_nat": 2.0068
    },
    "5": {
      "n": 0,
      "class_counts": {
        "0": 0,
        "1": 0,
        "2": 0,
        "3": 0,
        "4": 0,
        "5": 0,
        "6": 0,
        "7": 0,
        "8": 0,
        "9": 0
      },
      "class_density": {
        "0": 0.0,
        "1": 0.0,
        "2": 0.0,
        "3": 0.0,
        "4": 0.0,
        "5": 0.0,
        "6": 0.0,
        "7": 0.0,
        "8": 0.0,
        "9": 0.0
      },
      "entropy_nat": 0.0
    },
    "6": {
      "n": 19,
      "class_counts": {
        "0": 13,
        "1": 0,
        "2": 0,
        "3": 0,
        "4": 0,
        "5": 3,
        "6": 0,
        "7": 3,
        "8": 0,
        "9": 0
      },
      "class_density": {
        "0": 0.6842105263157895,
        "1": 0.0,
        "2": 0.0,
        "3": 0.0,
        "4": 0.0,
        "5": 0.15789473684210525,
        "6": 0.0,
        "7": 0.15789473684210525,
        "8": 0.0,
        "9": 0.0
      },
      "entropy_nat": 0.8425
    },
    "7": {
      "n": 2,
      "class_counts": {
        "0": 2,
        "1": 0,
        "2": 0,
        "3": 0,
        "4": 0,
        "5": 0,
        "6": 0,
        "7": 0,
        "8": 0,
        "9": 0
      },
      "class_density": {
        "0": 1.0,
        "1": 0.0,
        "2": 0.0,
        "3": 0.0,
        "4": 0.0,
        "5": 0.0,
        "6": 0.0,
        "7": 0.0,
        "8": 0.0,
        "9": 0.0
      },
      "entropy_nat": -0.0
    },
    "8": {
      "n": 1,
      "class_counts": {
        "0": 1,
        "1": 0,
        "2": 0,
        "3": 0,
        "4": 0,
        "5": 0,
        "6": 0,
        "7": 0,
        "8": 0,
        "9": 0
      },
      "class_density": {
        "0": 1.0,
        "1": 0.0,
        "2": 0.0,
        "3": 0.0,
        "4": 0.0,
        "5": 0.0,
        "6": 0.0,
        "7": 0.0,
        "8": 0.0,
        "9": 0.0
      },
      "entropy_nat": -0.0
    },
    "9": {
      "n": 4,
      "class_counts": {
        "0": 4,
        "1": 0,
        "2": 0,
        "3": 0,
        "4": 0,
        "5": 0,
        "6": 0,
        "7": 0,
        "8": 0,
        "9": 0
      },
      "class_density": {
        "0": 1.0,
        "1": 0.0,
        "2": 0.0,
        "3": 0.0,
        "4": 0.0,
        "5": 0.0,
        "6": 0.0,
        "7": 0.0,
        "8": 0.0,
        "9": 0.0
      },
      "entropy_nat": -0.0
    },
    "10": {
      "n": 1,
      "class_counts": {
        "0": 1,
        "1": 0,
        "2": 0,
        "3": 0,
        "4": 0,
        "5": 0,
        "6": 0,
        "7": 0,
        "8": 0,
        "9": 0
      },
      "class_density": {
        "0": 1.0,
        "1": 0.0,
        "2": 0.0,
        "3": 0.0,
        "4": 0.0,
        "5": 0.0,
        "6": 0.0,
        "7": 0.0,
        "8": 0.0,
        "9": 0.0
      },
      "entropy_nat": -0.0
    },
    "11": {
      "n": 9,
      "class_counts": {
        "0": 9,
        "1": 0,
        "2": 0,
        "3": 0,
        "4": 0,
        "5": 0,
        "6": 0,
        "7": 0,
        "8": 0,
        "9": 0
      },
      "class_density": {
        "0": 1.0,
        "1": 0.0,
        "2": 0.0,
        "3": 0.0,
        "4": 0.0,
        "5": 0.0,
        "6": 0.0,
        "7": 0.0,
        "8": 0.0,
        "9": 0.0
      },
      "entropy_nat": -0.0
    },
    "12": {
      "n": 0,
      "class_counts": {
        "0": 0,
        "1": 0,
        "2": 0,
        "3": 0,
        "4": 0,
        "5": 0,
        "6": 0,
        "7": 0,
        "8": 0,
        "9": 0
      },
      "class_density": {
        "0": 0.0,
        "1": 0.0,
        "2": 0.0,
        "3": 0.0,
        "4": 0.0,
        "5": 0.0,
        "6": 0.0,
        "7": 0.0,
        "8": 0.0,
        "9": 0.0
      },
      "entropy_nat": 0.0
    },
    "13": {
      "n": 14,
      "class_counts": {
        "0": 6,
        "1": 0,
        "2": 0,
        "3": 0,
        "4": 1,
        "5": 0,
        "6": 6,
        "7": 0,
        "8": 1,
        "9": 0
      },
      "class_density": {
        "0": 0.42857142857142855,
        "1": 0.0,
        "2": 0.0,
        "3": 0.0,
        "4": 0.07142857142857142,
        "5": 0.0,
        "6": 0.42857142857142855,
        "7": 0.0,
        "8": 0.07142857142857142,
        "9": 0.0
      },
      "entropy_nat": 1.1033
    },
    "14": {
      "n": 0,
      "class_counts": {
        "0": 0,
        "1": 0,
        "2": 0,
        "3": 0,
        "4": 0,
        "5": 0,
        "6": 0,
        "7": 0,
        "8": 0,
        "9": 0
      },
      "class_density": {
        "0": 0.0,
        "1": 0.0,
        "2": 0.0,
        "3": 0.0,
        "4": 0.0,
        "5": 0.0,
        "6": 0.0,
        "7": 0.0,
        "8": 0.0,
        "9": 0.0
      },
      "entropy_nat": 0.0
    },
    "15": {
      "n": 612,
      "class_counts": {
        "0": 49,
        "1": 54,
        "2": 53,
        "3": 73,
        "4": 42,
        "5": 36,
        "6": 125,
        "7": 82,
        "8": 39,
        "9": 59
      },
      "class_density": {
        "0": 0.08006535947712418,
        "1": 0.08823529411764706,
        "2": 0.08660130718954248,
        "3": 0.119281045751634,