{
  "version": 2,
  "checkpoint_selection": "min_training_loss",
  "best_epoch": 20,
  "best_training_loss": 0.41701801121234894,
  "macro_auc_test_at_best_epoch": 0.5020041682448844,
  "per_digit_auc_at_best_epoch": {
    "0": 0.9293681545770938,
    "1": 0.42590397647359673,
    "2": 0.4258121960556351,
    "3": 0.4991110769591772,
    "4": 0.34689294764083917,
    "5": 0.5453081375549068,
    "6": 0.6146776894158058,
    "7": 0.2624002955587857,
    "8": 0.5947794887631312,
    "9": 0.37578771944987166
  },
  "macro_auc_test_pruned_active_spheres": 0.5015951486029304,
  "per_digit_auc_test_pruned_active_spheres": {
    "0": 0.9399574672268463,
    "1": 0.4041383454801176,
    "2": 0.4846317505777601,
    "3": 0.5258539092539002,
    "4": 0.3260385362841117,
    "5": 0.510339604610601,
    "6": 0.6343813561025764,
    "7": 0.3058492359684718,
    "8": 0.5691578897692136,
    "9": 0.3156033907557051
  },
  "curvature": 1.0,
  "n_spheres": 30,
  "train_normal_digits": [
    0
  ],
  "test_digits": [
    0,
    1,
    2,
    3,
    4,
    5,
    6,
    7,
    8,
    9
  ],
  "objective": "union-soft",
  "unsupervised": true,
  "ae_checkpoint": "samplesvdd/hySpUnsup/runs/my_v3_ae200_stage1/ae_stage1_ep200.pth",
  "prune": {
    "train_argmin_counts": [
      58,
      225,
      196,
      627,
      99,
      66,
      734,
      106,
      75,
      95,
      253,
      164,
      185,
      14,
      23,
      197,
      260,
      56,
      723,
      549,
      178,
      51,
      108,
      21,
      252,
      21,
      15,
      101,
      29,
      44
    ],
    "silhouette_mean_per_cluster_euclidean_z": {
      "0": null,
      "1": null,
      "2": null,
      "3": null,
      "4": null,
      "5": null,
      "6": null,
      "7": null,
      "8": null,
      "9": null,
      "10": null,
      "11": null,
      "12": null,
      "13": null,
      "14": null,
      "15": null,
      "16": null,
      "17": null,
      "18": null,
      "19": null,
      "20": null,
      "21": null,
      "22": null,
      "23": null,
      "24": null,
      "25": null,
      "26": null,
      "27": null,
      "28": null,
      "29": null
    },
    "active_cluster_mask": [
      true,
      true,
      true,
      true,
      true,
      true,
      true,
      true,
      true,
      true,
      true,
      true,
      true,
      false,
      false,
      true,
      true,
      true,
      true,
      true,
      true,
      true,
      true,
      false,
      true,
      false,
      false,
      true,
      false,
      false
    ]
  },
  "split_overloaded": {
    "enabled": true,
    "max_cluster_fraction": 0.3,
    "applied": false,
    "n_train": 5525,
    "cap_count": 1658,
    "counts_before": [
      58,
      234,
      196,
      672,
      102,
      66,
      766,
      113,
      75,
      95,
      253,
      164,
      196,
      0,
      0,
      201,
      260,
      62,
      765,
      550,
      182,
      51,
      111,
      0,
      252,
      0,
      0,
      101,
      0,
      0
    ],
    "overloaded_clusters": [],
    "spare_inactive_clusters": [
      13,
      14,
      23,
      25,
      26,
      28,
      29
    ],
    "splits": []
  },
  "hybrid_rebalance": {
    "enabled": true,
    "lb_min_cluster_members": 50,
    "ub_max_cluster_fraction": 0.3,
    "max_iters": 4,
    "hard_cap_enabled": true,
    "chaos_factor": 0.15,
    "iterations": [
      {
        "iter": 1,
        "lb": {
          "enabled": true,
          "counts": [
            58,
            225,
            196,
            627,
            99,
            66,
            734,
            106,
            75,
            95,
            253,
            164,
            185,
            14,
            23,
            197,
            260,
            56,
            723,
            549,
            178,
            51,
            108,
            21,
            252,
            21,
            15,
            101,
            29,
            44
          ],
          "active_before": [
            true,
            true,
            true,
            true,
            true,
            true,
            true,
            true,
            true,
            true,
            true,
            true,
            true,
            false,
            false,
            true,
            true,
            true,
            true,
            true,
            true,
            true,
            true,
            false,
            true,
            false,
            false,
            true,
            false,
            false
          ],
          "active_after": [
            true,
            true,
            true,
            true,
            true,
            true,
            true,
            true,
            true,
            true,
            true,
            true,
            true,
            false,
            false,
            true,
            true,
            true,
            true,
            true,
            true,
            true,
            true,
            false,
            true,
            false,
            false,
            true,
            false,
            false
          ],
          "changed": false
        },
        "ub": {
          "enabled": true,
          "max_cluster_fraction": 0.3,
          "applied": false,
          "n_train": 5525,
          "cap_count": 1658,
          "counts_before": [
            58,
            234,
            196,
            672,
            102,
            66,
            766,
            113,
            75,
            95,
            253,
            164,
            196,
            0,
            0,
            201,
            260,
            62,
            765,
            550,
            182,
            51,
            111,
            0,
            252,
            0,
            0,
            101,
            0,
            0
          ],
          "overloaded_clusters": [],
          "spare_inactive_clusters": [
            13,
            14,
            23,
            25,
            26,
            28,
            29
          ],
          "splits": []
        },
        "hard_cap": {
          "enabled": true,
          "max_cluster_fraction": 0.3,
          "chaos_factor": 0.15,
          "applied": false,
          "n_train": 5525,
          "cap_count": 1658,
          "counts_before": [
            58,
            234,
            196,
            672,
            102,
            66,
            766,
            113,
            75,
            95,
            253,
            164,
            196,
            0,
            0,
            201,
            260,
            62,
            765,
            550,
            182,
            51,
            111,
            0,
            252,
            0,
            0,
            101,
            0,
            0
          ],
          "counts_after": [
            58,
            234,
            196,
            672,
            102,
            66,
            766,
            113,
            75,
            95,
            253,
            164,
            196,
            0,
            0,
            201,
            260,
            62,
            765,
            550,
            182,
            51,
            111,
            0,
            252,
            0,
            0,
            101,
            0,
            0
          ],
          "overflow_reassigned": 0
        },
        "changed": false
      }
    ],
    "applied": false,
    "active_cluster_mask_after_hybrid": [
      true,
      true,
      true,
      true,
      true,
      true,
      true,
      true,
      true,
      true,
      true,
      true,
      true,
      false,
      false,
      true,
      true,
      true,
      true,
      true,
      true,
      true,
      true,
      false,
      true,
      false,
      false,
      true,
      false,
      false
    ]
  },