{
  "n_samples": 2000,
  "per_cluster": {
    "0": {
      "n": 5,
      "class_counts": {
        "0": 1,
        "1": 0,
        "2": 0,
        "3": 0,
        "4": 0,
        "5": 1,
        "6": 0,
        "7": 0,
        "8": 3,
        "9": 0
      },
      "class_density": {
        "0": 0.2,
        "1": 0.0,
        "2": 0.0,
        "3": 0.0,
        "4": 0.0,
        "5": 0.2,
        "6": 0.0,
        "7": 0.0,
        "8": 0.6,
        "9": 0.0
      },
      "entropy_nat": 0.9503
    },
    "1": {
      "n": 15,
      "class_counts": {
        "0": 13,
        "1": 0,
        "2": 0,
        "3": 0,
        "4": 0,
        "5": 0,
        "6": 2,
        "7": 0,
        "8": 0,
        "9": 0
      },
      "class_density": {
        "0": 0.8666666666666667,
        "1": 0.0,
        "2": 0.0,
        "3": 0.0,
        "4": 0.0,
        "5": 0.0,
        "6": 0.13333333333333333,
        "7": 0.0,
        "8": 0.0,
        "9": 0.0
      },
      "entropy_nat": 0.3927
    },
    "2": {
      "n": 6,
      "class_counts": {
        "0": 6,
        "1": 0,
        "2": 0,
        "3": 0,
        "4": 0,
        "5": 0,
        "6": 0,
        "7": 0,
        "8": 0,
        "9": 0
      },
      "class_density": {
        "0": 1.0,
        "1": 0.0,
        "2": 0.0,
        "3": 0.0,
        "4": 0.0,
        "5": 0.0,
        "6": 0.0,
        "7": 0.0,
        "8": 0.0,
        "9": 0.0
      },
      "entropy_nat": -0.0
    },
    "3": {
      "n": 125,
      "class_counts": {
        "0": 20,
        "1": 0,
        "2": 0,
        "3": 1,
        "4": 15,
        "5": 0,
        "6": 10,
        "7": 21,
        "8": 4,
        "9": 54
      },
      "class_density": {
        "0": 0.16,
        "1": 0.0,
        "2": 0.0,
        "3": 0.008,
        "4": 0.12,
        "5": 0.0,
        "6": 0.08,
        "7": 0.168,
        "8": 0.032,
        "9": 0.432
      },
      "entropy_nat": 1.5607
    },
    "4": {
      "n": 1,
      "class_counts": {
        "0": 1,
        "1": 0,
        "2": 0,
        "3": 0,
        "4": 0,
        "5": 0,
        "6": 0,
        "7": 0,
        "8": 0,
        "9": 0
      },
      "class_density": {
        "0": 1.0,
        "1": 0.0,
        "2": 0.0,
        "3": 0.0,
        "4": 0.0,
        "5": 0.0,
        "6": 0.0,
        "7": 0.0,
        "8": 0.0,
        "9": 0.0
      },
      "entropy_nat": -0.0
    },
    "5": {
      "n": 56,
      "class_counts": {
        "0": 2,
        "1": 1,
        "2": 0,
        "3": 3,
        "4": 9,
        "5": 15,
        "6": 0,
        "7": 0,
        "8": 13,
        "9": 13
      },
      "class_density": {
        "0": 0.03571428571428571,
        "1": 0.017857142857142856,
        "2": 0.0,
        "3": 0.05357142857142857,
        "4": 0.16071428571428573,
        "5": 0.26785714285714285,
        "6": 0.0,
        "7": 0.0,
        "8": 0.23214285714285715,
        "9": 0.23214285714285715
      },
      "entropy_nat": 1.6724
    },
    "6": {
      "n": 401,
      "class_counts": {
        "0": 49,
        "1": 8,
        "2": 103,
        "3": 66,
        "4": 9,
        "5": 19,
        "6": 44,
        "7": 85,
        "8": 15,
        "9": 3
      },
      "class_density": {
        "0": 0.12219451371571072,
        "1": 0.0199501246882793,
        "2": 0.256857855361596,
        "3": 0.16458852867830423,
        "4": 0.022443890274314215,
        "5": 0.04738154613466334,
        "6": 0.10972568578553615,
        "7": 0.2119700748129676,
        "8": 0.03740648379052369,
        "9": 0.007481296758104738
      },
      "entropy_nat": 1.9416
    },
    "7": {
      "n": 12,
      "class_counts": {
        "0": 2,
        "1": 0,
        "2": 0,
        "3": 0,
        "4": 0,
        "5": 0,
        "6": 0,
        "7": 1,
        "8": 4,
        "9": 5
      },
      "class_density": {
        "0": 0.16666666666666666,
        "1": 0.0,
        "2": 0.0,
        "3": 0.0,
        "4": 0.0,
        "5": 0.0,
        "6": 0.0,
        "7": 0.08333333333333333,
        "8": 0.3333333333333333,
        "9": 0.4166666666666667
      },
      "entropy_nat": 1.2367
    },
    "8": {
      "n": 44,
      "class_counts": {
        "0": 3,
        "1": 0,
        "2": 2,
        "3": 1,
        "4": 14,
        "5": 3,
        "6": 0,
        "7": 2,
        "8": 6,
        "9": 13
      },
      "class_density": {
        "0": 0.06818181818181818,
        "1": 0.0,
        "2": 0.045454545454545456,
        "3": 0.022727272727272728,
        "4": 0.3181818181818182,
        "5": 0.06818181818181818,
        "6": 0.0,
        "7": 0.045454545454545456,
        "8": 0.13636363636363635,
        "9": 0.29545454545454547
      },
      "entropy_nat": 1.7295
    },
    "9": {
      "n": 0,
      "class_counts": {
        "0": 0,
        "1": 0,
        "2": 0,
        "3": 0,
        "4": 0,
        "5": 0,
        "6": 0,
        "7": 0,
        "8": 0,
        "9": 0
      },
      "class_density": {
        "0": 0.0,
        "1": 0.0,
        "2": 0.0,
        "3": 0.0,
        "4": 0.0,
        "5": 0.0,
        "6": 0.0,
        "7": 0.0,
        "8": 0.0,
        "9": 0.0
      },
      "entropy_nat": 0.0
    },
    "10": {
      "n": 11,
      "class_counts": {
        "0": 5,
        "1": 0,
        "2": 1,
        "3": 0,
        "4": 0,
        "5": 3,
        "6": 0,
        "7": 0,
        "8": 2,
        "9": 0
      },
      "class_density": {
        "0": 0.45454545454545453,
        "1": 0.0,
        "2": 0.09090909090909091,
        "3": 0.0,
        "4": 0.0,
        "5": 0.2727272727272727,
        "6": 0.0,
        "7": 0.0,
        "8": 0.18181818181818182,
        "9": 0.0
      },
      "entropy_nat": 1.2407
    },
    "11": {
      "n": 4,
      "class_counts": {
        "0": 3,
        "1": 0,
        "2": 0,
        "3": 0,
        "4": 0,
        "5": 1,
        "6": 0,
        "7": 0,
        "8": 0,
        "9": 0
      },
      "class_density": {
        "0": 0.75,
        "1": 0.0,
        "2": 0.0,
        "3": 0.0,
        "4": 0.0,
        "5": 0.25,
        "6": 0.0,
        "7": 0.0,
        "8": 0.0,
        "9": 0.0
      },
      "entropy_nat": 0.5623
    },
    "12": {
      "n": 70,
      "class_counts": {
        "0": 8,
        "1": 0,
        "2": 6,
        "3": 5,
        "4": 9,
        "5": 3,
        "6": 0,
        "7": 3,
        "8": 20,
        "9": 16
      },
      "class_density": {
        "0": 0.11428571428571428,
        "1": 0.0,
        "2": 0.08571428571428572,
        "3": 0.07142857142857142,
        "4": 0.12857142857142856,
        "5": 0.04285714285714286,
        "6": 0.0,
        "7": 0.04285714285714286,
        "8": 0.2857142857142857,
        "9": 0.22857142857142856
      },
      "entropy_nat": 1.876
    },
    "13": {
      "n": 0,
      "class_counts": {
        "0": 0,
        "1": 0,
        "2": 0,
        "3": 0,
        "4": 0,
        "5": 0,
        "6": 0,
        "7": 0,
        "8": 0,
        "9": 0
      },
      "class_density": {
        "0": 0.0,
        "1": 0.0,
        "2": 0.0,
        "3": 0.0,
        "4": 0.0,
        "5": 0.0,
        "6": 0.0,
        "7": 0.0,
        "8": 0.0,
        "9": 0.0
      },
      "entropy_nat": 0.0
    },
    "14": {
      "n": 0,
      "class_counts": {
        "0": 0,
        "1": 0,
        "2": 0,
        "3": 0,
        "4": 0,
        "5": 0,
        "6": 0,
        "7": 0,
        "8": 0,
        "9": 0
      },
      "class_density": {
        "0": 0.0,
        "1": 0.0,
        "2": 0.0,
        "3": 0.0,
        "4": 0.0,
        "5": 0.0,
        "6": 0.0,
        "7": 0.0,
        "8": 0.0,
        "9": 0.0
      },
      "entropy_nat": 0.0
    },
    "15": {
      "n": 188,
      "class_counts": {
        "0": 4,
        "1": 94,
        "2": 20,
        "3": 18,
        "4": 6,
        "5": 4,
        "6": 28,
        "7": 7,
        "8": 5,
        "9": 2
      },