{
  "n_samples": 2000,
  "per_cluster": {
    "0": {
      "n": 15,
      "class_counts": {
        "0": 4,
        "1": 0,
        "2": 0,
        "3": 0,
        "4": 1,
        "5": 0,
        "6": 0,
        "7": 0,
        "8": 2,
        "9": 8
      },
      "class_density": {
        "0": 0.26666666666666666,
        "1": 0.0,
        "2": 0.0,
        "3": 0.0,
        "4": 0.06666666666666667,
        "5": 0.0,
        "6": 0.0,
        "7": 0.0,
        "8": 0.13333333333333333,
        "9": 0.5333333333333333
      },
      "entropy_nat": 1.1369
    },
    "1": {
      "n": 0,
      "class_counts": {
        "0": 0,
        "1": 0,
        "2": 0,
        "3": 0,
        "4": 0,
        "5": 0,
        "6": 0,
        "7": 0,
        "8": 0,
        "9": 0
      },
      "class_density": {
        "0": 0.0,
        "1": 0.0,
        "2": 0.0,
        "3": 0.0,
        "4": 0.0,
        "5": 0.0,
        "6": 0.0,
        "7": 0.0,
        "8": 0.0,
        "9": 0.0
      },
      "entropy_nat": 0.0
    },
    "2": {
      "n": 0,
      "class_counts": {
        "0": 0,
        "1": 0,
        "2": 0,
        "3": 0,
        "4": 0,
        "5": 0,
        "6": 0,
        "7": 0,
        "8": 0,
        "9": 0
      },
      "class_density": {
        "0": 0.0,
        "1": 0.0,
        "2": 0.0,
        "3": 0.0,
        "4": 0.0,
        "5": 0.0,
        "6": 0.0,
        "7": 0.0,
        "8": 0.0,
        "9": 0.0
      },
      "entropy_nat": 0.0
    },
    "3": {
      "n": 83,
      "class_counts": {
        "0": 48,
        "1": 0,
        "2": 0,
        "3": 3,
        "4": 3,
        "5": 6,
        "6": 0,
        "7": 7,
        "8": 5,
        "9": 11
      },
      "class_density": {
        "0": 0.5783132530120482,
        "1": 0.0,
        "2": 0.0,
        "3": 0.03614457831325301,
        "4": 0.03614457831325301,
        "5": 0.07228915662650602,
        "6": 0.0,
        "7": 0.08433734939759036,
        "8": 0.060240963855421686,
        "9": 0.13253012048192772
      },
      "entropy_nat": 1.3923
    },
    "4": {
      "n": 0,
      "class_counts": {
        "0": 0,
        "1": 0,
        "2": 0,
        "3": 0,
        "4": 0,
        "5": 0,
        "6": 0,
        "7": 0,
        "8": 0,
        "9": 0
      },
      "class_density": {
        "0": 0.0,
        "1": 0.0,
        "2": 0.0,
        "3": 0.0,
        "4": 0.0,
        "5": 0.0,
        "6": 0.0,
        "7": 0.0,
        "8": 0.0,
        "9": 0.0
      },
      "entropy_nat": 0.0
    },
    "5": {
      "n": 0,
      "class_counts": {
        "0": 0,
        "1": 0,
        "2": 0,
        "3": 0,
        "4": 0,
        "5": 0,
        "6": 0,
        "7": 0,
        "8": 0,
        "9": 0
      },
      "class_density": {
        "0": 0.0,
        "1": 0.0,
        "2": 0.0,
        "3": 0.0,
        "4": 0.0,
        "5": 0.0,
        "6": 0.0,
        "7": 0.0,
        "8": 0.0,
        "9": 0.0
      },
      "entropy_nat": 0.0
    },
    "6": {
      "n": 0,
      "class_counts": {
        "0": 0,
        "1": 0,
        "2": 0,
        "3": 0,
        "4": 0,
        "5": 0,
        "6": 0,
        "7": 0,
        "8": 0,
        "9": 0
      },
      "class_density": {
        "0": 0.0,
        "1": 0.0,
        "2": 0.0,
        "3": 0.0,
        "4": 0.0,
        "5": 0.0,
        "6": 0.0,
        "7": 0.0,
        "8": 0.0,
        "9": 0.0
      },
      "entropy_nat": 0.0
    },
    "7": {
      "n": 0,
      "class_counts": {
        "0": 0,
        "1": 0,
        "2": 0,
        "3": 0,
        "4": 0,
        "5": 0,
        "6": 0,
        "7": 0,
        "8": 0,
        "9": 0
      },
      "class_density": {
        "0": 0.0,
        "1": 0.0,
        "2": 0.0,
        "3": 0.0,
        "4": 0.0,
        "5": 0.0,
        "6": 0.0,
        "7": 0.0,
        "8": 0.0,
        "9": 0.0
      },
      "entropy_nat": 0.0
    },
    "8": {
      "n": 0,
      "class_counts": {
        "0": 0,
        "1": 0,
        "2": 0,
        "3": 0,
        "4": 0,
        "5": 0,
        "6": 0,
        "7": 0,
        "8": 0,
        "9": 0
      },
      "class_density": {
        "0": 0.0,
        "1": 0.0,
        "2": 0.0,
        "3": 0.0,
        "4": 0.0,
        "5": 0.0,
        "6": 0.0,
        "7": 0.0,
        "8": 0.0,
        "9": 0.0
      },
      "entropy_nat": 0.0
    },
    "9": {
      "n": 75,
      "class_counts": {
        "0": 25,
        "1": 9,
        "2": 4,
        "3": 1,
        "4": 5,
        "5": 6,
        "6": 9,
        "7": 2,
        "8": 7,
        "9": 7
      },
      "class_density": {
        "0": 0.3333333333333333,
        "1": 0.12,
        "2": 0.05333333333333334,
        "3": 0.013333333333333334,
        "4": 0.06666666666666667,
        "5": 0.08,
        "6": 0.12,
        "7": 0.02666666666666667,
        "8": 0.09333333333333334,
        "9": 0.09333333333333334
      },
      "entropy_nat": 2.0109
    },
    "10": {
      "n": 787,
      "class_counts": {
        "0": 17,
        "1": 15,
        "2": 61,
        "3": 94,
        "4": 140,
        "5": 129,
        "6": 62,
        "7": 40,
        "8": 110,
        "9": 119
      },
      "class_density": {
        "0": 0.021601016518424398,
        "1": 0.01905972045743329,
        "2": 0.07750952986022872,
        "3": 0.11944091486658195,
        "4": 0.17789072426937738,
        "5": 0.1639135959339263,
        "6": 0.07878017789072427,
        "7": 0.05082592121982211,
        "8": 0.1397712833545108,
        "9": 0.15120711562897077
      },
      "entropy_nat": 2.1262
    },
    "11": {
      "n": 32,
      "class_counts": {
        "0": 0,
        "1": 30,
        "2": 1,
        "3": 0,
        "4": 0,
        "5": 0,
        "6": 0,
        "7": 0,
        "8": 1,
        "9": 0
      },
      "class_density": {
        "0": 0.0,
        "1": 0.9375,
        "2": 0.03125,
        "3": 0.0,
        "4": 0.0,
        "5": 0.0,
        "6": 0.0,
        "7": 0.0,
        "8": 0.03125,
        "9": 0.0
      },
      "entropy_nat": 0.2771
    },
    "12": {
      "n": 79,
      "class_counts": {
        "0": 48,
        "1": 0,
        "2": 2,
        "3": 6,
        "4": 0,
        "5": 7,
        "6": 13,
        "7": 0,
        "8": 3,
        "9": 0
      },
      "class_density": {
        "0": 0.6075949367088608,
        "1": 0.0,
        "2": 0.02531645569620253,
        "3": 0.0759493670886076,
        "4": 0.0,
        "5": 0.08860759493670886,
        "6": 0.16455696202531644,
        "7": 0.0,
        "8": 0.0379746835443038,
        "9": 0.0
      },
      "entropy_nat": 1.2275
    },
    "13": {
      "n": 0,
      "class_counts": {
        "0": 0,
        "1": 0,
        "2": 0,
        "3": 0,
        "4": 0,
        "5": 0,
        "6": 0,
        "7": 0,
        "8": 0,
        "9": 0
      },
      "class_density": {
        "0": 0.0,
        "1": 0.0,
        "2": 0.0,
        "3": 0.0,
        "4": 0.0,
        "5": 0.0,
        "6": 0.0,
        "7": 0.0,
        "8": 0.0,
        "9": 0.0
      },
      "entropy_nat": 0.0
    },
    "14": {
      "n": 18,
      "class_counts": {
        "0": 0,
        "1": 18,
        "2": 0,
        "3": 0,
        "4": 0,
        "5": 0,
        "6": 0,
        "7": 0,
        "8": 0,
        "9": 0
      },
      "class_density": {
        "0": 0.0,
        "1": 1.0,
        "2": 0.0,
        "3": 0.0,
        "4": 0.0,
        "5": 0.0,
        "6": 0.0,
        "7": 0.0,
        "8": 0.0,
        "9": 0.0
      },
      "entropy_nat": -0.0
    },
    "15": {
      "n": 175,
      "class_counts": {
        "0": 1,
        "1": 27,
        "2": 46,
        "3": 39,
        "4": 9,
        "5": 15,
        "6": 22,
        "7": 3,
        "8": 13,
        "9": 0
      },
      "class_density": {
        "0": 0.005714285714285714,
        "1": 0.15428571428571428,
        "2": 0.26285714285714284,
        "3": 0.22285714285714286,
        "4": 0.05142857142857143,