{
  "run_dir": "samplesvdd/hySpUnsup/runs/sensitivity_v3/ub_0p25",
  "checkpoint": "samplesvdd/hySpUnsup/runs/sensitivity_v3/ub_0p25/checkpoint_v2.pth",
  "n_spheres": 30,
  "curvature": 1.0,
  "objective": "union-soft",
  "active_cluster_mask": [
    false,
    false,
    false,
    true,
    true,
    true,
    true,
    true,
    true,
    true,
    true,
    true,
    true,
    true,
    true,
    true,
    true,
    true,
    true,
    true,
    true,
    false,
    true,
    true,
    true,
    true,
    true,
    true,
    true,
    false
  ],
  "train_macro_auc": 0.49875757204179205,
  "train_per_digit_auc": {
    "0": 0.34263822221744533,
    "1": 0.48471547193376296,
    "2": 0.5679331564113291,
    "3": 0.5077430151080309,
    "4": 0.5324627373752367,
    "5": 0.3422813862008549,
    "6": 0.6272925398350977,
    "7": 0.5200063474859482,
    "8": 0.4862572785354827,
    "9": 0.5762455653147323
  },
  "test_macro_auc": 0.49903638121075644,
  "test_per_digit_auc": {
    "0": 0.3455040607333427,
    "1": 0.4773824574862549,
    "2": 0.5766364577278076,
    "3": 0.5030643615747026,
    "4": 0.5206763810955177,
    "5": 0.35084326952130007,
    "6": 0.6309693873155097,
    "7": 0.5203722932298022,
    "8": 0.4911567369077374,
    "9": 0.5737584065155897
  }
}