{
  "n_samples": 2000,
  "per_cluster": {
    "0": {
      "n": 0,
      "class_counts": {
        "0": 0,
        "1": 0,
        "2": 0,
        "3": 0,
        "4": 0,
        "5": 0,
        "6": 0,
        "7": 0,
        "8": 0,
        "9": 0
      },
      "class_density": {
        "0": 0.0,
        "1": 0.0,
        "2": 0.0,
        "3": 0.0,
        "4": 0.0,
        "5": 0.0,
        "6": 0.0,
        "7": 0.0,
        "8": 0.0,
        "9": 0.0
      },
      "entropy_nat": 0.0
    },
    "1": {
      "n": 0,
      "class_counts": {
        "0": 0,
        "1": 0,
        "2": 0,
        "3": 0,
        "4": 0,
        "5": 0,
        "6": 0,
        "7": 0,
        "8": 0,
        "9": 0
      },
      "class_density": {
        "0": 0.0,
        "1": 0.0,
        "2": 0.0,
        "3": 0.0,
        "4": 0.0,
        "5": 0.0,
        "6": 0.0,
        "7": 0.0,
        "8": 0.0,
        "9": 0.0
      },
      "entropy_nat": 0.0
    },
    "2": {
      "n": 0,
      "class_counts": {
        "0": 0,
        "1": 0,
        "2": 0,
        "3": 0,
        "4": 0,
        "5": 0,
        "6": 0,
        "7": 0,
        "8": 0,
        "9": 0
      },
      "class_density": {
        "0": 0.0,
        "1": 0.0,
        "2": 0.0,
        "3": 0.0,
        "4": 0.0,
        "5": 0.0,
        "6": 0.0,
        "7": 0.0,
        "8": 0.0,
        "9": 0.0
      },
      "entropy_nat": 0.0
    },
    "3": {
      "n": 34,
      "class_counts": {
        "0": 0,
        "1": 0,
        "2": 0,
        "3": 0,
        "4": 18,
        "5": 0,
        "6": 0,
        "7": 0,
        "8": 0,
        "9": 16
      },
      "class_density": {
        "0": 0.0,
        "1": 0.0,
        "2": 0.0,
        "3": 0.0,
        "4": 0.5294117647058824,
        "5": 0.0,
        "6": 0.0,
        "7": 0.0,
        "8": 0.0,
        "9": 0.47058823529411764
      },
      "entropy_nat": 0.6914
    },
    "4": {
      "n": 31,
      "class_counts": {
        "0": 0,
        "1": 31,
        "2": 0,
        "3": 0,
        "4": 0,
        "5": 0,
        "6": 0,
        "7": 0,
        "8": 0,
        "9": 0
      },
      "class_density": {
        "0": 0.0,
        "1": 1.0,
        "2": 0.0,
        "3": 0.0,
        "4": 0.0,
        "5": 0.0,
        "6": 0.0,
        "7": 0.0,
        "8": 0.0,
        "9": 0.0
      },
      "entropy_nat": -0.0
    },
    "5": {
      "n": 3,
      "class_counts": {
        "0": 0,
        "1": 0,
        "2": 0,
        "3": 0,
        "4": 0,
        "5": 0,
        "6": 0,
        "7": 0,
        "8": 0,
        "9": 3
      },
      "class_density": {
        "0": 0.0,
        "1": 0.0,
        "2": 0.0,
        "3": 0.0,
        "4": 0.0,
        "5": 0.0,
        "6": 0.0,
        "7": 0.0,
        "8": 0.0,
        "9": 1.0
      },
      "entropy_nat": -0.0
    },
    "6": {
      "n": 319,
      "class_counts": {
        "0": 8,
        "1": 35,
        "2": 127,
        "3": 69,
        "4": 7,
        "5": 15,
        "6": 27,
        "7": 4,
        "8": 18,
        "9": 9
      },
      "class_density": {
        "0": 0.025078369905956112,
        "1": 0.109717868338558,
        "2": 0.3981191222570533,
        "3": 0.21630094043887146,
        "4": 0.0219435736677116,
        "5": 0.047021943573667714,
        "6": 0.08463949843260188,
        "7": 0.012539184952978056,
        "8": 0.05642633228840126,
        "9": 0.02821316614420063
      },
      "entropy_nat": 1.7871
    },
    "7": {
      "n": 42,
      "class_counts": {
        "0": 1,
        "1": 0,
        "2": 3,
        "3": 0,
        "4": 8,
        "5": 4,
        "6": 14,
        "7": 0,
        "8": 9,
        "9": 3
      },
      "class_density": {
        "0": 0.023809523809523808,
        "1": 0.0,
        "2": 0.07142857142857142,
        "3": 0.0,
        "4": 0.19047619047619047,
        "5": 0.09523809523809523,
        "6": 0.3333333333333333,
        "7": 0.0,
        "8": 0.21428571428571427,
        "9": 0.07142857142857142
      },
      "entropy_nat": 1.7021
    },
    "8": {
      "n": 510,
      "class_counts": {
        "0": 67,
        "1": 18,
        "2": 20,
        "3": 69,
        "4": 51,
        "5": 97,
        "6": 2,
        "7": 14,
        "8": 128,
        "9": 44
      },
      "class_density": {
        "0": 0.13137254901960785,
        "1": 0.03529411764705882,
        "2": 0.0392156862745098,
        "3": 0.13529411764705881,
        "4": 0.1,
        "5": 0.19019607843137254,
        "6": 0.00392156862745098,
        "7": 0.027450980392156862,
        "8": 0.25098039215686274,
        "9": 0.08627450980392157
      },
      "entropy_nat": 2.007
    },
    "9": {
      "n": 58,
      "class_counts": {
        "0": 12,
        "1": 0,
        "2": 1,
        "3": 4,
        "4": 3,
        "5": 26,
        "6": 0,
        "7": 0,
        "8": 9,
        "9": 3
      },
      "class_density": {
        "0": 0.20689655172413793,
        "1": 0.0,
        "2": 0.017241379310344827,
        "3": 0.06896551724137931,
        "4": 0.05172413793103448,
        "5": 0.4482758620689655,
        "6": 0.0,
        "7": 0.0,
        "8": 0.15517241379310345,
        "9": 0.05172413793103448
      },
      "entropy_nat": 1.5356
    },
    "10": {
      "n": 5,
      "class_counts": {
        "0": 0,
        "1": 0,
        "2": 0,
        "3": 0,
        "4": 0,
        "5": 0,
        "6": 0,
        "7": 0,
        "8": 0,
        "9": 5
      },
      "class_density": {
        "0": 0.0,
        "1": 0.0,
        "2": 0.0,
        "3": 0.0,
        "4": 0.0,
        "5": 0.0,
        "6": 0.0,
        "7": 0.0,
        "8": 0.0,
        "9": 1.0
      },
      "entropy_nat": -0.0
    },
    "11": {
      "n": 39,
      "class_counts": {
        "0": 0,
        "1": 38,
        "2": 0,
        "3": 1,
        "4": 0,
        "5": 0,
        "6": 0,
        "7": 0,
        "8": 0,
        "9": 0
      },
      "class_density": {
        "0": 0.0,
        "1": 0.9743589743589743,
        "2": 0.0,
        "3": 0.02564102564102564,
        "4": 0.0,
        "5": 0.0,
        "6": 0.0,
        "7": 0.0,
        "8": 0.0,
        "9": 0.0
      },
      "entropy_nat": 0.1192
    },
    "12": {
      "n": 75,
      "class_counts": {
        "0": 57,
        "1": 0,
        "2": 2,
        "3": 2,
        "4": 0,
        "5": 10,
        "6": 0,
        "7": 1,
        "8": 2,
        "9": 1
      },
      "class_density": {
        "0": 0.76,
        "1": 0.0,
        "2": 0.02666666666666667,
        "3": 0.02666666666666667,
        "4": 0.0,
        "5": 0.13333333333333333,
        "6": 0.0,
        "7": 0.013333333333333334,
        "8": 0.02666666666666667,
        "9": 0.013333333333333334
      },
      "entropy_nat": 0.8823
    },
    "13": {
      "n": 5,
      "class_counts": {
        "0": 0,
        "1": 0,
        "2": 0,
        "3": 0,
        "4": 0,
        "5": 0,
        "6": 0,
        "7": 5,
        "8": 0,
        "9": 0
      },
      "class_density": {
        "0": 0.0,
        "1": 0.0,
        "2": 0.0,
        "3": 0.0,
        "4": 0.0,
        "5": 0.0,
        "6": 0.0,
        "7": 1.0,
        "8": 0.0,
        "9": 0.0
      },
      "entropy_nat": -0.0
    },
    "14": {
      "n": 22,
      "class_counts": {
        "0": 2,
        "1": 0,
        "2": 1,
        "3": 2,
        "4": 3,
        "5": 1,
        "6": 0,
        "7": 2,
        "8": 10,
        "9": 1
      },
      "class_density": {
        "0": 0.09090909090909091,
        "1": 0.0,
        "2": 0.045454545454545456,
        "3": 0.09090909090909091,
        "4": 0.13636363636363635,
        "5": 0.045454545454545456,
        "6": 0.0,
        "7": 0.09090909090909091,
        "8": 0.45454545454545453,
        "9": 0.045454545454545456
      },
      "entropy_nat": 1.7056
    },
    "15": {
      "n": 97,
      "class_counts": {
        "0": 16,
        "1": 16,
        "2": 1,
        "3": 7,
        "4": 1,