{
  "n_samples": 2000,
  "per_cluster": {
    "0": {
      "n": 0,
      "class_counts": {
        "0": 0,
        "1": 0,
        "2": 0,
        "3": 0,
        "4": 0,
        "5": 0,
        "6": 0,
        "7": 0,
        "8": 0,
        "9": 0
      },
      "class_density": {
        "0": 0.0,
        "1": 0.0,
        "2": 0.0,
        "3": 0.0,
        "4": 0.0,
        "5": 0.0,
        "6": 0.0,
        "7": 0.0,
        "8": 0.0,
        "9": 0.0
      },
      "entropy_nat": 0.0
    },
    "1": {
      "n": 0,
      "class_counts": {
        "0": 0,
        "1": 0,
        "2": 0,
        "3": 0,
        "4": 0,
        "5": 0,
        "6": 0,
        "7": 0,
        "8": 0,
        "9": 0
      },
      "class_density": {
        "0": 0.0,
        "1": 0.0,
        "2": 0.0,
        "3": 0.0,
        "4": 0.0,
        "5": 0.0,
        "6": 0.0,
        "7": 0.0,
        "8": 0.0,
        "9": 0.0
      },
      "entropy_nat": 0.0
    },
    "2": {
      "n": 0,
      "class_counts": {
        "0": 0,
        "1": 0,
        "2": 0,
        "3": 0,
        "4": 0,
        "5": 0,
        "6": 0,
        "7": 0,
        "8": 0,
        "9": 0
      },
      "class_density": {
        "0": 0.0,
        "1": 0.0,
        "2": 0.0,
        "3": 0.0,
        "4": 0.0,
        "5": 0.0,
        "6": 0.0,
        "7": 0.0,
        "8": 0.0,
        "9": 0.0
      },
      "entropy_nat": 0.0
    },
    "3": {
      "n": 34,
      "class_counts": {
        "0": 0,
        "1": 0,
        "2": 0,
        "3": 0,
        "4": 17,
        "5": 0,
        "6": 0,
        "7": 1,
        "8": 0,
        "9": 16
      },
      "class_density": {
        "0": 0.0,
        "1": 0.0,
        "2": 0.0,
        "3": 0.0,
        "4": 0.5,
        "5": 0.0,
        "6": 0.0,
        "7": 0.029411764705882353,
        "8": 0.0,
        "9": 0.47058823529411764
      },
      "entropy_nat": 0.805
    },
    "4": {
      "n": 33,
      "class_counts": {
        "0": 0,
        "1": 33,
        "2": 0,
        "3": 0,
        "4": 0,
        "5": 0,
        "6": 0,
        "7": 0,
        "8": 0,
        "9": 0
      },
      "class_density": {
        "0": 0.0,
        "1": 1.0,
        "2": 0.0,
        "3": 0.0,
        "4": 0.0,
        "5": 0.0,
        "6": 0.0,
        "7": 0.0,
        "8": 0.0,
        "9": 0.0
      },
      "entropy_nat": -0.0
    },
    "5": {
      "n": 2,
      "class_counts": {
        "0": 0,
        "1": 0,
        "2": 0,
        "3": 0,
        "4": 0,
        "5": 0,
        "6": 0,
        "7": 0,
        "8": 0,
        "9": 2
      },
      "class_density": {
        "0": 0.0,
        "1": 0.0,
        "2": 0.0,
        "3": 0.0,
        "4": 0.0,
        "5": 0.0,
        "6": 0.0,
        "7": 0.0,
        "8": 0.0,
        "9": 1.0
      },
      "entropy_nat": -0.0
    },
    "6": {
      "n": 367,
      "class_counts": {
        "0": 9,
        "1": 36,
        "2": 134,
        "3": 89,
        "4": 13,
        "5": 17,
        "6": 30,
        "7": 7,
        "8": 21,
        "9": 11
      },
      "class_density": {
        "0": 0.02452316076294278,
        "1": 0.09809264305177112,
        "2": 0.3651226158038147,
        "3": 0.24250681198910082,
        "4": 0.035422343324250684,
        "5": 0.04632152588555858,
        "6": 0.08174386920980926,
        "7": 0.01907356948228883,
        "8": 0.05722070844686648,
        "9": 0.02997275204359673
      },
      "entropy_nat": 1.8398
    },
    "7": {
      "n": 35,
      "class_counts": {
        "0": 0,
        "1": 0,
        "2": 5,
        "3": 1,
        "4": 5,
        "5": 7,
        "6": 8,
        "7": 0,
        "8": 7,
        "9": 2
      },
      "class_density": {
        "0": 0.0,
        "1": 0.0,
        "2": 0.14285714285714285,
        "3": 0.02857142857142857,
        "4": 0.14285714285714285,
        "5": 0.2,
        "6": 0.22857142857142856,
        "7": 0.0,
        "8": 0.2,
        "9": 0.05714285714285714
      },
      "entropy_nat": 1.8022
    },
    "8": {
      "n": 490,
      "class_counts": {
        "0": 58,
        "1": 14,
        "2": 32,
        "3": 64,
        "4": 56,
        "5": 110,
        "6": 4,
        "7": 18,
        "8": 98,
        "9": 36
      },
      "class_density": {
        "0": 0.11836734693877551,
        "1": 0.02857142857142857,
        "2": 0.0653061224489796,
        "3": 0.1306122448979592,
        "4": 0.11428571428571428,
        "5": 0.22448979591836735,
        "6": 0.00816326530612245,
        "7": 0.036734693877551024,
        "8": 0.2,
        "9": 0.07346938775510205
      },
      "entropy_nat": 2.0558
    },
    "9": {
      "n": 48,
      "class_counts": {
        "0": 12,
        "1": 0,
        "2": 3,
        "3": 2,
        "4": 4,
        "5": 24,
        "6": 0,
        "7": 0,
        "8": 3,
        "9": 0
      },
      "class_density": {
        "0": 0.25,
        "1": 0.0,
        "2": 0.0625,
        "3": 0.041666666666666664,
        "4": 0.08333333333333333,
        "5": 0.5,
        "6": 0.0,
        "7": 0.0,
        "8": 0.0625,
        "9": 0.0
      },
      "entropy_nat": 1.3792
    },
    "10": {
      "n": 6,
      "class_counts": {
        "0": 0,
        "1": 0,
        "2": 0,
        "3": 0,
        "4": 0,
        "5": 0,
        "6": 0,
        "7": 0,
        "8": 0,
        "9": 6
      },
      "class_density": {
        "0": 0.0,
        "1": 0.0,
        "2": 0.0,
        "3": 0.0,
        "4": 0.0,
        "5": 0.0,
        "6": 0.0,
        "7": 0.0,
        "8": 0.0,
        "9": 1.0
      },
      "entropy_nat": -0.0
    },
    "11": {
      "n": 25,
      "class_counts": {
        "0": 0,
        "1": 25,
        "2": 0,
        "3": 0,
        "4": 0,
        "5": 0,
        "6": 0,
        "7": 0,
        "8": 0,
        "9": 0
      },
      "class_density": {
        "0": 0.0,
        "1": 1.0,
        "2": 0.0,
        "3": 0.0,
        "4": 0.0,
        "5": 0.0,
        "6": 0.0,
        "7": 0.0,
        "8": 0.0,
        "9": 0.0
      },
      "entropy_nat": -0.0
    },
    "12": {
      "n": 72,
      "class_counts": {
        "0": 63,
        "1": 0,
        "2": 0,
        "3": 1,
        "4": 0,
        "5": 8,
        "6": 0,
        "7": 0,
        "8": 0,
        "9": 0
      },
      "class_density": {
        "0": 0.875,
        "1": 0.0,
        "2": 0.0,
        "3": 0.013888888888888888,
        "4": 0.0,
        "5": 0.1111111111111111,
        "6": 0.0,
        "7": 0.0,
        "8": 0.0,
        "9": 0.0
      },
      "entropy_nat": 0.4204
    },
    "13": {
      "n": 4,
      "class_counts": {
        "0": 0,
        "1": 0,
        "2": 0,
        "3": 0,
        "4": 0,
        "5": 0,
        "6": 0,
        "7": 4,
        "8": 0,
        "9": 0
      },
      "class_density": {
        "0": 0.0,
        "1": 0.0,
        "2": 0.0,
        "3": 0.0,
        "4": 0.0,
        "5": 0.0,
        "6": 0.0,
        "7": 1.0,
        "8": 0.0,
        "9": 0.0
      },
      "entropy_nat": -0.0
    },
    "14": {
      "n": 28,
      "class_counts": {
        "0": 1,
        "1": 0,
        "2": 4,
        "3": 6,
        "4": 2,
        "5": 1,
        "6": 0,
        "7": 1,
        "8": 13,
        "9": 0
      },
      "class_density": {
        "0": 0.03571428571428571,
        "1": 0.0,
        "2": 0.14285714285714285,
        "3": 0.21428571428571427,
        "4": 0.07142857142857142,
        "5": 0.03571428571428571,
        "6": 0.0,
        "7": 0.03571428571428571,
        "8": 0.4642857142857143,
        "9": 0.0
      },
      "entropy_nat": 1.5098
    },
    "15": {
      "n": 95,
      "class_counts": {
        "0": 14,
        "1": 16,
        "2": 0,
        "3": 4,
        "4": 0,
        "5": 2,
        "6": 57,
        "7": 0,
        "8": 2,
        "9": 0
      },
      "class_density": {
        "0": 0.14736842105263157,
        "1": 0.16842105263157894,
        "2": 0.0,