{
  "run_dir": "samplesvdd/hySpUnsup/runs/sensitivity_v3/overlap_lambda_1e-3",
  "checkpoint": "samplesvdd/hySpUnsup/runs/sensitivity_v3/overlap_lambda_1e-3/checkpoint_v2.pth",
  "n_spheres": 30,
  "curvature": 1.0,
  "objective": "union-soft",
  "active_cluster_mask": [
    true,
    false,
    false,
    false,
    true,
    false,
    true,
    true,
    true,
    true,
    false,
    true,
    true,
    true,
    true,
    true,
    true,
    true,
    true,
    true,
    true,
    true,
    true,
    true,
    true,
    true,
    true,
    true,
    false,
    true
  ],
  "train_macro_auc": 0.497470108993043,
  "train_per_digit_auc": {
    "0": 0.34904268010876927,
    "1": 0.4349703496570787,
    "2": 0.6426254164462238,
    "3": 0.605724880006218,
    "4": 0.4684869373555272,
    "5": 0.3093965752657303,
    "6": 0.3594639451695466,
    "7": 0.6857177647883285,
    "8": 0.4159786869726639,
    "9": 0.7032938541603437
  },
  "test_macro_auc": 0.49842281897826446,
  "test_per_digit_auc": {
    "0": 0.35879545136934715,
    "1": 0.42746040148318626,
    "2": 0.6426597666274404,
    "3": 0.6008834247777386,
    "4": 0.4570017719046813,
    "5": 0.32578660206219134,
    "6": 0.35791570095551556,
    "7": 0.682690710110933,
    "8": 0.41762074505732416,
    "9": 0.7134136154342858
  }
}