{
  "best_epoch": 10,
  "best_macro_auc": 0.8636655827272344,
  "per_digit_best_auc": {
    "0": 0.9336376455143716,
    "1": 0.9978911136683288,
    "2": 0.7098583601536912,
    "3": 0.852350250957233,
    "4": 0.82515557900973,
    "5": 0.7760949050017139,
    "6": 0.9069212697701535,
    "7": 0.9440845057675417,
    "8": 0.8102972678501111,
    "9": 0.8803649295794692
  },
  "curvature": 1.0,
  "objective": "soft-boundary",
  "lambda_excl": 0.1,
  "margin_excl": 0.1,
  "lambda_overlap": 0.01,
  "margin_overlap": 0.05
}