{
  "n_samples": 2000,
  "per_cluster": {
    "0": {
      "n": 0,
      "class_counts": {
        "0": 0,
        "1": 0,
        "2": 0,
        "3": 0,
        "4": 0,
        "5": 0,
        "6": 0,
        "7": 0,
        "8": 0,
        "9": 0
      },
      "class_density": {
        "0": 0.0,
        "1": 0.0,
        "2": 0.0,
        "3": 0.0,
        "4": 0.0,
        "5": 0.0,
        "6": 0.0,
        "7": 0.0,
        "8": 0.0,
        "9": 0.0
      },
      "entropy_nat": 0.0
    },
    "1": {
      "n": 0,
      "class_counts": {
        "0": 0,
        "1": 0,
        "2": 0,
        "3": 0,
        "4": 0,
        "5": 0,
        "6": 0,
        "7": 0,
        "8": 0,
        "9": 0
      },
      "class_density": {
        "0": 0.0,
        "1": 0.0,
        "2": 0.0,
        "3": 0.0,
        "4": 0.0,
        "5": 0.0,
        "6": 0.0,
        "7": 0.0,
        "8": 0.0,
        "9": 0.0
      },
      "entropy_nat": 0.0
    },
    "2": {
      "n": 47,
      "class_counts": {
        "0": 5,
        "1": 0,
        "2": 13,
        "3": 23,
        "4": 0,
        "5": 3,
        "6": 0,
        "7": 0,
        "8": 3,
        "9": 0
      },
      "class_density": {
        "0": 0.10638297872340426,
        "1": 0.0,
        "2": 0.2765957446808511,
        "3": 0.48936170212765956,
        "4": 0.0,
        "5": 0.06382978723404255,
        "6": 0.0,
        "7": 0.0,
        "8": 0.06382978723404255,
        "9": 0.0
      },
      "entropy_nat": 1.2948
    },
    "3": {
      "n": 208,
      "class_counts": {
        "0": 14,
        "1": 0,
        "2": 15,
        "3": 23,
        "4": 26,
        "5": 46,
        "6": 1,
        "7": 7,
        "8": 65,
        "9": 11
      },
      "class_density": {
        "0": 0.0673076923076923,
        "1": 0.0,
        "2": 0.07211538461538461,
        "3": 0.11057692307692307,
        "4": 0.125,
        "5": 0.22115384615384615,
        "6": 0.004807692307692308,
        "7": 0.03365384615384615,
        "8": 0.3125,
        "9": 0.052884615384615384
      },
      "entropy_nat": 1.8671
    },
    "4": {
      "n": 0,
      "class_counts": {
        "0": 0,
        "1": 0,
        "2": 0,
        "3": 0,
        "4": 0,
        "5": 0,
        "6": 0,
        "7": 0,
        "8": 0,
        "9": 0
      },
      "class_density": {
        "0": 0.0,
        "1": 0.0,
        "2": 0.0,
        "3": 0.0,
        "4": 0.0,
        "5": 0.0,
        "6": 0.0,
        "7": 0.0,
        "8": 0.0,
        "9": 0.0
      },
      "entropy_nat": 0.0
    },
    "5": {
      "n": 3,
      "class_counts": {
        "0": 0,
        "1": 0,
        "2": 2,
        "3": 1,
        "4": 0,
        "5": 0,
        "6": 0,
        "7": 0,
        "8": 0,
        "9": 0
      },
      "class_density": {
        "0": 0.0,
        "1": 0.0,
        "2": 0.6666666666666666,
        "3": 0.3333333333333333,
        "4": 0.0,
        "5": 0.0,
        "6": 0.0,
        "7": 0.0,
        "8": 0.0,
        "9": 0.0
      },
      "entropy_nat": 0.6365
    },
    "6": {
      "n": 0,
      "class_counts": {
        "0": 0,
        "1": 0,
        "2": 0,
        "3": 0,
        "4": 0,
        "5": 0,
        "6": 0,
        "7": 0,
        "8": 0,
        "9": 0
      },
      "class_density": {
        "0": 0.0,
        "1": 0.0,
        "2": 0.0,
        "3": 0.0,
        "4": 0.0,
        "5": 0.0,
        "6": 0.0,
        "7": 0.0,
        "8": 0.0,
        "9": 0.0
      },
      "entropy_nat": 0.0
    },
    "7": {
      "n": 0,
      "class_counts": {
        "0": 0,
        "1": 0,
        "2": 0,
        "3": 0,
        "4": 0,
        "5": 0,
        "6": 0,
        "7": 0,
        "8": 0,
        "9": 0
      },
      "class_density": {
        "0": 0.0,
        "1": 0.0,
        "2": 0.0,
        "3": 0.0,
        "4": 0.0,
        "5": 0.0,
        "6": 0.0,
        "7": 0.0,
        "8": 0.0,
        "9": 0.0
      },
      "entropy_nat": 0.0
    },
    "8": {
      "n": 1,
      "class_counts": {
        "0": 0,
        "1": 0,
        "2": 0,
        "3": 0,
        "4": 0,
        "5": 0,
        "6": 0,
        "7": 0,
        "8": 1,
        "9": 0
      },
      "class_density": {
        "0": 0.0,
        "1": 0.0,
        "2": 0.0,
        "3": 0.0,
        "4": 0.0,
        "5": 0.0,
        "6": 0.0,
        "7": 0.0,
        "8": 1.0,
        "9": 0.0
      },
      "entropy_nat": -0.0
    },
    "9": {
      "n": 12,
      "class_counts": {
        "0": 0,
        "1": 3,
        "2": 4,
        "3": 3,
        "4": 0,
        "5": 0,
        "6": 0,
        "7": 0,
        "8": 2,
        "9": 0
      },
      "class_density": {
        "0": 0.0,
        "1": 0.25,
        "2": 0.3333333333333333,
        "3": 0.25,
        "4": 0.0,
        "5": 0.0,
        "6": 0.0,
        "7": 0.0,
        "8": 0.16666666666666666,
        "9": 0.0
      },
      "entropy_nat": 1.358
    },
    "10": {
      "n": 44,
      "class_counts": {
        "0": 1,
        "1": 0,
        "2": 6,
        "3": 8,
        "4": 1,
        "5": 21,
        "6": 5,
        "7": 0,
        "8": 1,
        "9": 1
      },
      "class_density": {
        "0": 0.022727272727272728,
        "1": 0.0,
        "2": 0.13636363636363635,
        "3": 0.18181818181818182,
        "4": 0.022727272727272728,
        "5": 0.4772727272727273,
        "6": 0.11363636363636363,
        "7": 0.0,
        "8": 0.022727272727272728,
        "9": 0.022727272727272728
      },
      "entropy_nat": 1.5258
    },
    "11": {
      "n": 19,
      "class_counts": {
        "0": 2,
        "1": 0,
        "2": 12,
        "3": 5,
        "4": 0,
        "5": 0,
        "6": 0,
        "7": 0,
        "8": 0,
        "9": 0
      },
      "class_density": {
        "0": 0.10526315789473684,
        "1": 0.0,
        "2": 0.631578947368421,
        "3": 0.2631578947368421,
        "4": 0.0,
        "5": 0.0,
        "6": 0.0,
        "7": 0.0,
        "8": 0.0,
        "9": 0.0
      },
      "entropy_nat": 0.8785
    },
    "12": {
      "n": 35,
      "class_counts": {
        "0": 2,
        "1": 21,
        "2": 7,
        "3": 1,
        "4": 0,
        "5": 0,
        "6": 0,
        "7": 0,
        "8": 4,
        "9": 0
      },
      "class_density": {
        "0": 0.05714285714285714,
        "1": 0.6,
        "2": 0.2,
        "3": 0.02857142857142857,
        "4": 0.0,
        "5": 0.0,
        "6": 0.0,
        "7": 0.0,
        "8": 0.11428571428571428,
        "9": 0.0
      },
      "entropy_nat": 1.1414
    },
    "13": {
      "n": 10,
      "class_counts": {
        "0": 0,
        "1": 0,
        "2": 6,
        "3": 3,
        "4": 0,
        "5": 0,
        "6": 0,
        "7": 1,
        "8": 0,
        "9": 0
      },
      "class_density": {
        "0": 0.0,
        "1": 0.0,
        "2": 0.6,
        "3": 0.3,
        "4": 0.0,
        "5": 0.0,
        "6": 0.0,
        "7": 0.1,
        "8": 0.0,
        "9": 0.0
      },
      "entropy_nat": 0.8979
    },
    "14": {
      "n": 4,
      "class_counts": {
        "0": 0,
        "1": 0,
        "2": 3,
        "3": 1,
        "4": 0,
        "5": 0,
        "6": 0,
        "7": 0,
        "8": 0,
        "9": 0
      },
      "class_density": {
        "0": 0.0,
        "1": 0.0,
        "2": 0.75,
        "3": 0.25,
        "4": 0.0,
        "5": 0.0,
        "6": 0.0,
        "7": 0.0,
        "8": 0.0,
        "9": 0.0
      },
      "entropy_nat": 0.5623
    },
    "15": {
      "n": 4,
      "class_counts": {
        "0": 0,
        "1": 0,
        "2": 2,
        "3": 1,
        "4": 0,
        "5": 0,
        "6": 0,
        "7": 0,
        "8": 1,
        "9": 0
      },
      "class_density": {
        "0": 0.0,
        "1": 0.0,
        "2": 0.5,
        "3": 0.25,
        "4": 0.0,
        "5": 0.0,
        "6": 0.0,
        "7": 0.0,
        "8": 0.25,
        "9": 0.0
      },
      "entropy_nat": 1.0397
    },