{
  "best_epoch": 10,
  "best_macro_auc": 0.7397794777777777,
  "per_digit_best_auc": {
    "0": 0.7879063888888888,
    "1": 0.7024162777777778,
    "2": 0.7261752777777778,
    "3": 0.6625493333333333,
    "4": 0.7739384444444445,
    "5": 0.6769695555555556,
    "6": 0.7936932222222222,
    "7": 0.7157472777777778,
    "8": 0.8420666666666667,
    "9": 0.7163323333333333
  },
  "curvature": 1.0,
  "objective": "soft-boundary",
  "lambda_excl": 0.01,
  "margin_excl": 0.1,
  "lambda_overlap": 0.01,
  "margin_overlap": 0.05
}