{
  "version": 2,
  "checkpoint_selection": "min_training_loss",
  "best_epoch": 20,
  "best_training_loss": 0.6567080833695151,
  "macro_auc_test_at_best_epoch": 0.5010259274088702,
  "per_digit_auc_at_best_epoch": {
    "0": 0.26840344176534375,
    "1": 0.33487149980820863,
    "2": 0.7386134607477564,
    "3": 0.6732546193216771,
    "4": 0.5415548704357833,
    "5": 0.37625817740206907,
    "6": 0.5730821766339546,
    "7": 0.3557903130418052,
    "8": 0.6321500419318644,
    "9": 0.5162806730002394
  },
  "macro_auc_test_pruned_active_spheres": 0.5005697279846094,
  "per_digit_auc_test_pruned_active_spheres": {
    "0": 0.2476817405652011,
    "1": 0.36591254315304944,
    "2": 0.728507181239455,
    "3": 0.6372554109377293,
    "4": 0.5051204181065496,
    "5": 0.36144817087711945,
    "6": 0.6730048623017959,
    "7": 0.3406228969565557,
    "8": 0.6085421845383341,
    "9": 0.5376018711703041
  },
  "curvature": 1.0,
  "n_spheres": 30,
  "geometry": "hyperbolic",
  "train_normal_digits": [
    2
  ],
  "test_digits": [
    0,
    1,
    2,
    3,
    4,
    5,
    6,
    7,
    8,
    9
  ],
  "objective": "union-soft",
  "unsupervised": true,
  "ae_checkpoint": "samplesvdd/hySpUnsup/runs/my_v3_ae200_stage1/ae_stage1_ep200.pth",
  "prune": {
    "train_argmin_counts": [
      59,
      265,
      103,
      34,
      58,
      486,
      82,
      177,
      130,
      30,
      1054,
      211,
      76,
      53,
      31,
      68,
      455,
      41,
      278,
      35,
      97,
      632,
      140,
      727,
      48,
      20,
      57,
      18,
      29,
      91
    ],
    "silhouette_mean_per_cluster_euclidean_z": {
      "0": null,
      "1": null,
      "2": null,
      "3": null,
      "4": null,
      "5": null,
      "6": null,
      "7": null,
      "8": null,
      "9": null,
      "10": null,
      "11": null,
      "12": null,
      "13": null,
      "14": null,
      "15": null,
      "16": null,
      "17": null,
      "18": null,
      "19": null,
      "20": null,
      "21": null,
      "22": null,
      "23": null,
      "24": null,
      "25": null,
      "26": null,
      "27": null,
      "28": null,
      "29": null
    },
    "active_cluster_mask": [
      true,
      true,
      true,
      false,
      true,
      true,
      true,
      true,
      true,
      false,
      true,
      true,
      true,
      true,
      false,
      true,
      true,
      false,
      true,
      false,
      true,
      true,
      true,
      true,
      false,
      false,
      true,
      false,
      false,
      true
    ]
  },
  "split_overloaded": {
    "enabled": true,
    "max_cluster_fraction": 0.2,
    "applied": false,
    "n_train": 5585,
    "cap_count": 1117,
    "counts_before": [
      62,
      309,
      104,
      0,
      66,
      489,
      84,
      216,
      144,
      0,
      1110,
      216,
      76,
      53,
      0,
      68,
      455,
      0,
      294,
      0,
      109,
      697,
      145,
      731,
      0,
      0,
      59,
      0,
      0,
      98
    ],
    "overloaded_clusters": [],
    "spare_inactive_clusters": [
      3,
      9,
      14,
      17,
      19,
      24,
      25,
      27,
      28
    ],
    "splits": []
  },
  "hybrid_rebalance": {
    "enabled": true,
    "lb_min_cluster_members": 50,
    "ub_max_cluster_fraction": 0.2,
    "max_iters": 4,
    "hard_cap_enabled": true,
    "chaos_factor": 0.15,
    "iterations": [
      {
        "iter": 1,
        "lb": {
          "enabled": true,
          "counts": [
            59,
            265,
            103,
            34,
            58,
            486,
            82,
            177,
            130,
            30,
            1054,
            211,
            76,
            53,
            31,
            68,
            455,
            41,
            278,
            35,
            97,
            632,
            140,
            727,
            48,
            20,
            57,
            18,
            29,
            91
          ],
          "active_before": [
            true,
            true,
            true,
            false,
            true,
            true,
            true,
            true,
            true,
            false,
            true,
            true,
            true,
            true,
            false,
            true,
            true,
            false,
            true,
            false,
            true,
            true,
            true,
            true,
            false,
            false,
            true,
            false,
            false,
            true
          ],
          "active_after": [
            true,
            true,
            true,
            false,
            true,
            true,
            true,
            true,
            true,
            false,
            true,
            true,
            true,
            true,
            false,
            true,
            true,
            false,
            true,
            false,
            true,
            true,
            true,
            true,
            false,
            false,
            true,
            false,
            false,
            true
          ],
          "changed": false
        },
        "ub": {
          "enabled": true,
          "max_cluster_fraction": 0.2,
          "applied": false,
          "n_train": 5585,
          "cap_count": 1117,
          "counts_before": [
            62,
            309,
            104,
            0,
            66,
            489,
            84,
            216,
            144,
            0,
            1110,
            216,
            76,
            53,
            0,
            68,
            455,
            0,
            294,
            0,
            109,
            697,
            145,
            731,
            0,
            0,
            59,
            0,
            0,
            98
          ],
          "overloaded_clusters": [],
          "spare_inactive_clusters": [
            3,
            9,
            14,
            17,
            19,
            24,
            25,
            27,
            28
          ],
          "splits": []
        },
        "hard_cap": {
          "enabled": true,
          "max_cluster_fraction": 0.2,
          "chaos_factor": 0.15,
          "applied": false,
          "n_train": 5585,
          "cap_count": 1117,
          "counts_before": [
            62,
            309,
            104,
            0,
            66,
            489,
            84,
            216,
            144,
            0,
            1110,
            216,
            76,
            53,
            0,
            68,
            455,
            0,
            294,
            0,
            109,
            697,
            145,
            731,
            0,
            0,
            59,
            0,
            0,
            98
          ],
          "counts_after": [
            62,
            309,
            104,
            0,
            66,
            489,
            84,
            216,
            144,
            0,
            1110,
            216,
            76,
            53,
            0,
            68,
            455,
            0,
            294,
            0,
            109,
            697,
            145,
            731,
            0,
            0,
            59,
            0,
            0,
            98
          ],
          "overflow_reassigned": 0
        },
        "changed": false
      }
    ],
    "applied": false,