{
  "n_samples": 2000,
  "per_cluster": {
    "0": {
      "n": 5,
      "class_counts": {
        "0": 0,
        "1": 0,
        "2": 4,
        "3": 1,
        "4": 0,
        "5": 0,
        "6": 0,
        "7": 0,
        "8": 0,
        "9": 0
      },
      "class_density": {
        "0": 0.0,
        "1": 0.0,
        "2": 0.8,
        "3": 0.2,
        "4": 0.0,
        "5": 0.0,
        "6": 0.0,
        "7": 0.0,
        "8": 0.0,
        "9": 0.0
      },
      "entropy_nat": 0.5004
    },
    "1": {
      "n": 13,
      "class_counts": {
        "0": 0,
        "1": 0,
        "2": 13,
        "3": 0,
        "4": 0,
        "5": 0,
        "6": 0,
        "7": 0,
        "8": 0,
        "9": 0
      },
      "class_density": {
        "0": 0.0,
        "1": 0.0,
        "2": 1.0,
        "3": 0.0,
        "4": 0.0,
        "5": 0.0,
        "6": 0.0,
        "7": 0.0,
        "8": 0.0,
        "9": 0.0
      },
      "entropy_nat": -0.0
    },
    "2": {
      "n": 12,
      "class_counts": {
        "0": 0,
        "1": 1,
        "2": 2,
        "3": 5,
        "4": 1,
        "5": 1,
        "6": 0,
        "7": 0,
        "8": 2,
        "9": 0
      },
      "class_density": {
        "0": 0.0,
        "1": 0.08333333333333333,
        "2": 0.16666666666666666,
        "3": 0.4166666666666667,
        "4": 0.08333333333333333,
        "5": 0.08333333333333333,
        "6": 0.0,
        "7": 0.0,
        "8": 0.16666666666666666,
        "9": 0.0
      },
      "entropy_nat": 1.5833
    },
    "3": {
      "n": 0,
      "class_counts": {
        "0": 0,
        "1": 0,
        "2": 0,
        "3": 0,
        "4": 0,
        "5": 0,
        "6": 0,
        "7": 0,
        "8": 0,
        "9": 0
      },
      "class_density": {
        "0": 0.0,
        "1": 0.0,
        "2": 0.0,
        "3": 0.0,
        "4": 0.0,
        "5": 0.0,
        "6": 0.0,
        "7": 0.0,
        "8": 0.0,
        "9": 0.0
      },
      "entropy_nat": 0.0
    },
    "4": {
      "n": 0,
      "class_counts": {
        "0": 0,
        "1": 0,
        "2": 0,
        "3": 0,
        "4": 0,
        "5": 0,
        "6": 0,
        "7": 0,
        "8": 0,
        "9": 0
      },
      "class_density": {
        "0": 0.0,
        "1": 0.0,
        "2": 0.0,
        "3": 0.0,
        "4": 0.0,
        "5": 0.0,
        "6": 0.0,
        "7": 0.0,
        "8": 0.0,
        "9": 0.0
      },
      "entropy_nat": 0.0
    },
    "5": {
      "n": 437,
      "class_counts": {
        "0": 65,
        "1": 51,
        "2": 24,
        "3": 37,
        "4": 14,
        "5": 50,
        "6": 154,
        "7": 16,
        "8": 16,
        "9": 10
      },
      "class_density": {
        "0": 0.14874141876430205,
        "1": 0.11670480549199085,
        "2": 0.05491990846681922,
        "3": 0.08466819221967964,
        "4": 0.032036613272311214,
        "5": 0.11441647597254005,
        "6": 0.3524027459954233,
        "7": 0.036613272311212815,
        "8": 0.036613272311212815,
        "9": 0.02288329519450801
      },
      "entropy_nat": 1.957
    },
    "6": {
      "n": 8,
      "class_counts": {
        "0": 0,
        "1": 1,
        "2": 5,
        "3": 0,
        "4": 0,
        "5": 0,
        "6": 0,
        "7": 0,
        "8": 2,
        "9": 0
      },
      "class_density": {
        "0": 0.0,
        "1": 0.125,
        "2": 0.625,
        "3": 0.0,
        "4": 0.0,
        "5": 0.0,
        "6": 0.0,
        "7": 0.0,
        "8": 0.25,
        "9": 0.0
      },
      "entropy_nat": 0.9003
    },
    "7": {
      "n": 8,
      "class_counts": {
        "0": 0,
        "1": 1,
        "2": 7,
        "3": 0,
        "4": 0,
        "5": 0,
        "6": 0,
        "7": 0,
        "8": 0,
        "9": 0
      },
      "class_density": {
        "0": 0.0,
        "1": 0.125,
        "2": 0.875,
        "3": 0.0,
        "4": 0.0,
        "5": 0.0,
        "6": 0.0,
        "7": 0.0,
        "8": 0.0,
        "9": 0.0
      },
      "entropy_nat": 0.3768
    },
    "8": {
      "n": 15,
      "class_counts": {
        "0": 1,
        "1": 0,
        "2": 4,
        "3": 7,
        "4": 0,
        "5": 1,
        "6": 0,
        "7": 0,
        "8": 2,
        "9": 0
      },
      "class_density": {
        "0": 0.06666666666666667,
        "1": 0.0,
        "2": 0.26666666666666666,
        "3": 0.4666666666666667,
        "4": 0.0,
        "5": 0.06666666666666667,
        "6": 0.0,
        "7": 0.0,
        "8": 0.13333333333333333,
        "9": 0.0
      },
      "entropy_nat": 1.3379
    },
    "9": {
      "n": 0,
      "class_counts": {
        "0": 0,
        "1": 0,
        "2": 0,
        "3": 0,
        "4": 0,
        "5": 0,
        "6": 0,
        "7": 0,
        "8": 0,
        "9": 0
      },
      "class_density": {
        "0": 0.0,
        "1": 0.0,
        "2": 0.0,
        "3": 0.0,
        "4": 0.0,
        "5": 0.0,
        "6": 0.0,
        "7": 0.0,
        "8": 0.0,
        "9": 0.0
      },
      "entropy_nat": 0.0
    },
    "10": {
      "n": 147,
      "class_counts": {
        "0": 0,
        "1": 10,
        "2": 35,
        "3": 55,
        "4": 5,
        "5": 30,
        "6": 3,
        "7": 0,
        "8": 6,
        "9": 3
      },
      "class_density": {
        "0": 0.0,
        "1": 0.06802721088435375,
        "2": 0.23809523809523808,
        "3": 0.3741496598639456,
        "4": 0.034013605442176874,
        "5": 0.20408163265306123,
        "6": 0.02040816326530612,
        "7": 0.0,
        "8": 0.04081632653061224,
        "9": 0.02040816326530612
      },
      "entropy_nat": 1.6211
    },
    "11": {
      "n": 582,
      "class_counts": {
        "0": 23,
        "1": 113,
        "2": 13,
        "3": 12,
        "4": 92,
        "5": 23,
        "6": 49,
        "7": 133,
        "8": 16,
        "9": 108
      },
      "class_density": {
        "0": 0.03951890034364261,
        "1": 0.19415807560137457,
        "2": 0.022336769759450172,
        "3": 0.020618556701030927,
        "4": 0.15807560137457044,
        "5": 0.03951890034364261,
        "6": 0.08419243986254296,
        "7": 0.22852233676975944,
        "8": 0.027491408934707903,
        "9": 0.18556701030927836
      },
      "entropy_nat": 1.9872
    },
    "12": {
      "n": 79,
      "class_counts": {
        "0": 1,
        "1": 0,
        "2": 2,
        "3": 10,
        "4": 1,
        "5": 7,
        "6": 0,
        "7": 22,
        "8": 33,
        "9": 3
      },
      "class_density": {
        "0": 0.012658227848101266,
        "1": 0.0,
        "2": 0.02531645569620253,
        "3": 0.12658227848101267,
        "4": 0.012658227848101266,
        "5": 0.08860759493670886,
        "6": 0.0,
        "7": 0.27848101265822783,
        "8": 0.4177215189873418,
        "9": 0.0379746835443038
      },
      "entropy_nat": 1.5249
    },
    "13": {
      "n": 18,
      "class_counts": {
        "0": 0,
        "1": 0,
        "2": 5,
        "3": 0,
        "4": 4,
        "5": 5,
        "6": 0,
        "7": 1,
        "8": 3,
        "9": 0
      },
      "class_density": {
        "0": 0.0,
        "1": 0.0,
        "2": 0.2777777777777778,
        "3": 0.0,
        "4": 0.2222222222222222,
        "5": 0.2777777777777778,
        "6": 0.0,
        "7": 0.05555555555555555,
        "8": 0.16666666666666666,
        "9": 0.0
      },
      "entropy_nat": 1.5051
    },
    "14": {
      "n": 0,
      "class_counts": {
        "0": 0,
        "1": 0,
        "2": 0,
        "3": 0,
        "4": 0,
        "5": 0,
        "6": 0,
        "7": 0,
        "8": 0,
        "9": 0
      },
      "class_density": {
        "0": 0.0,
        "1": 0.0,
        "2": 0.0,
        "3": 0.0,
        "4": 0.0,
        "5": 0.0,
        "6": 0.0,
        "7": 0.0,
        "8": 0.0,
        "9": 0.0
      },
      "entropy_nat": 0.0
    },
    "15": {
      "n": 45,
      "class_counts": {
        "0": 2,
        "1": 0,
        "2": 3,