{
  "run_dir": "samplesvdd/hySpUnsup/runs/sensitivity_v3/grid_lb50_ub0p30",
  "checkpoint": "samplesvdd/hySpUnsup/runs/sensitivity_v3/grid_lb50_ub0p30/checkpoint_v2.pth",
  "n_spheres": 30,
  "curvature": 1.0,
  "objective": "union-soft",
  "active_cluster_mask": [
    true,
    false,
    false,
    true,
    false,
    true,
    true,
    false,
    true,
    true,
    true,
    true,
    true,
    false,
    true,
    true,
    true,
    true,
    true,
    true,
    true,
    true,
    false,
    true,
    true,
    true,
    false,
    true,
    true,
    true
  ],
  "train_macro_auc": 0.5024925661713665,
  "train_per_digit_auc": {
    "0": 0.5512648223184761,
    "1": 0.4219307472596618,
    "2": 0.4830804583507647,
    "3": 0.606267408674941,
    "4": 0.49701149707929626,
    "5": 0.606049920409297,
    "6": 0.2960007613907798,
    "7": 0.3499441231473308,
    "8": 0.7901981238249427,
    "9": 0.4231777992581749
  },
  "test_macro_auc": 0.5025248751771284,
  "test_per_digit_auc": {
    "0": 0.5497498255448903,
    "1": 0.4173695691088096,
    "2": 0.49064263940678565,
    "3": 0.6084200880435864,
    "4": 0.49628485523024307,
    "5": 0.6040653892367196,
    "6": 0.3004501578165881,
    "7": 0.3507938477470011,
    "8": 0.7886722886512815,
    "9": 0.4188000909853784
  }
}