{
  "version": 2,
  "checkpoint_selection": "min_training_loss",
  "best_epoch": 20,
  "best_training_loss": 0.6694008409976959,
  "macro_auc_test_at_best_epoch": 0.4987307957869998,
  "per_digit_auc_at_best_epoch": {
    "0": 0.28344630746589394,
    "1": 0.4295524357499041,
    "2": 0.7314452084898839,
    "3": 0.6426943139706739,
    "4": 0.4021276656970483,
    "5": 0.3170702133882749,
    "6": 0.515372915284515,
    "7": 0.5279878873636328,
    "8": 0.6265891858863205,
    "9": 0.5110218245738503
  },
  "macro_auc_test_pruned_active_spheres": 0.49815267998594664,
  "per_digit_auc_test_pruned_active_spheres": {
    "0": 0.30635710727289994,
    "1": 0.44970581767037465,
    "2": 0.7196174448115014,
    "3": 0.6195586712627537,
    "4": 0.3866466674543887,
    "5": 0.26137768729869687,
    "6": 0.5900164565796162,
    "7": 0.5068969489577844,
    "8": 0.5977156313470049,
    "9": 0.5436343672044454
  },
  "curvature": 1.0,
  "n_spheres": 30,
  "geometry": "hyperbolic",
  "train_normal_digits": [
    2
  ],
  "test_digits": [
    0,
    1,
    2,
    3,
    4,
    5,
    6,
    7,
    8,
    9
  ],
  "objective": "union-soft",
  "unsupervised": true,
  "ae_checkpoint": "samplesvdd/hySpUnsup/runs/my_v3_ae200_stage1/ae_stage1_ep200.pth",
  "prune": {
    "train_argmin_counts": [
      148,
      113,
      91,
      78,
      109,
      322,
      237,
      291,
      30,
      209,
      50,
      70,
      121,
      980,
      214,
      84,
      146,
      46,
      118,
      20,
      426,
      28,
      167,
      70,
      1029,
      92,
      137,
      49,
      71,
      39
    ],
    "silhouette_mean_per_cluster_euclidean_z": {
      "0": null,
      "1": null,
      "2": null,
      "3": null,
      "4": null,
      "5": null,
      "6": null,
      "7": null,
      "8": null,
      "9": null,
      "10": null,
      "11": null,
      "12": null,
      "13": null,
      "14": null,
      "15": null,
      "16": null,
      "17": null,
      "18": null,
      "19": null,
      "20": null,
      "21": null,
      "22": null,
      "23": null,
      "24": null,
      "25": null,
      "26": null,
      "27": null,
      "28": null,
      "29": null
    },
    "active_cluster_mask": [
      true,
      true,
      true,
      true,
      true,
      true,
      true,
      true,
      false,
      true,
      true,
      true,
      true,
      true,
      true,
      true,
      true,
      false,
      true,
      false,
      true,
      false,
      true,
      true,
      true,
      true,
      true,
      false,
      true,
      false
    ]
  },
  "split_overloaded": {
    "enabled": true,
    "max_cluster_fraction": 0.2,
    "applied": false,
    "n_train": 5585,
    "cap_count": 1117,
    "counts_before": [
      156,
      115,
      94,
      79,
      119,
      356,
      256,
      291,
      0,
      219,
      61,
      70,
      121,
      981,
      229,
      84,
      162,
      0,
      118,
      0,
      427,
      0,
      175,
      79,
      1081,
      97,
      137,
      0,
      78,
      0
    ],
    "overloaded_clusters": [],
    "spare_inactive_clusters": [
      8,
      17,
      19,
      21,
      27,
      29
    ],
    "splits": []
  },
  "hybrid_rebalance": {
    "enabled": true,
    "lb_min_cluster_members": 50,
    "ub_max_cluster_fraction": 0.2,
    "max_iters": 4,
    "hard_cap_enabled": true,
    "chaos_factor": 0.15,
    "iterations": [
      {
        "iter": 1,
        "lb": {
          "enabled": true,
          "counts": [
            148,
            113,
            91,
            78,
            109,
            322,
            237,
            291,
            30,
            209,
            50,
            70,
            121,
            980,
            214,
            84,
            146,
            46,
            118,
            20,
            426,
            28,
            167,
            70,
            1029,
            92,
            137,
            49,
            71,
            39
          ],
          "active_before": [
            true,
            true,
            true,
            true,
            true,
            true,
            true,
            true,
            false,
            true,
            true,
            true,
            true,
            true,
            true,
            true,
            true,
            false,
            true,
            false,
            true,
            false,
            true,
            true,
            true,
            true,
            true,
            false,
            true,
            false
          ],
          "active_after": [
            true,
            true,
            true,
            true,
            true,
            true,
            true,
            true,
            false,
            true,
            true,
            true,
            true,
            true,
            true,
            true,
            true,
            false,
            true,
            false,
            true,
            false,
            true,
            true,
            true,
            true,
            true,
            false,
            true,
            false
          ],
          "changed": false
        },
        "ub": {
          "enabled": true,
          "max_cluster_fraction": 0.2,
          "applied": false,
          "n_train": 5585,
          "cap_count": 1117,
          "counts_before": [
            156,
            115,
            94,
            79,
            119,
            356,
            256,
            291,
            0,
            219,
            61,
            70,
            121,
            981,
            229,
            84,
            162,
            0,
            118,
            0,
            427,
            0,
            175,
            79,
            1081,
            97,
            137,
            0,
            78,
            0
          ],
          "overloaded_clusters": [],
          "spare_inactive_clusters": [
            8,
            17,
            19,
            21,
            27,
            29
          ],
          "splits": []
        },
        "hard_cap": {
          "enabled": true,
          "max_cluster_fraction": 0.2,
          "chaos_factor": 0.15,
          "applied": false,
          "n_train": 5585,
          "cap_count": 1117,
          "counts_before": [
            156,
            115,
            94,
            79,
            119,
            356,
            256,
            291,
            0,
            219,
            61,
            70,
            121,
            981,
            229,
            84,
            162,
            0,
            118,
            0,
            427,
            0,
            175,
            79,
            1081,
            97,
            137,
            0,
            78,
            0
          ],
          "counts_after": [
            156,
            115,
            94,
            79,
            119,
            356,
            256,
            291,
            0,
            219,
            61,
            70,
            121,
            981,
            229,
            84,
            162,
            0,
            118,
            0,
            427,
            0,
            175,
            79,
            1081,
            97,
            137,
            0,
            78,
            0
          ],
          "overflow_reassigned": 0
        },
        "changed": false
      }
    ],
    "applied": false,
    "active_cluster_mask_after_hybrid": [
      true,
      true,
      true,
      true,
      true,
      true,
      true,
      true,
      false,
      true,
      true,
      true,
      true,
      true,
      true,
      true,
      true,
      false,
      true,
      false,
      true,
      false,
      true,
      true,
      true,
      true,
      true,
      false,
      true,
      false
    ]
  },