{
  "n_samples": 2000,
  "per_cluster": {
    "0": {
      "n": 8,
      "class_counts": {
        "0": 0,
        "1": 0,
        "2": 4,
        "3": 3,
        "4": 0,
        "5": 1,
        "6": 0,
        "7": 0,
        "8": 0,
        "9": 0
      },
      "class_density": {
        "0": 0.0,
        "1": 0.0,
        "2": 0.5,
        "3": 0.375,
        "4": 0.0,
        "5": 0.125,
        "6": 0.0,
        "7": 0.0,
        "8": 0.0,
        "9": 0.0
      },
      "entropy_nat": 0.9743
    },
    "1": {
      "n": 21,
      "class_counts": {
        "0": 9,
        "1": 0,
        "2": 2,
        "3": 8,
        "4": 0,
        "5": 1,
        "6": 0,
        "7": 0,
        "8": 1,
        "9": 0
      },
      "class_density": {
        "0": 0.42857142857142855,
        "1": 0.0,
        "2": 0.09523809523809523,
        "3": 0.38095238095238093,
        "4": 0.0,
        "5": 0.047619047619047616,
        "6": 0.0,
        "7": 0.0,
        "8": 0.047619047619047616,
        "9": 0.0
      },
      "entropy_nat": 1.2447
    },
    "2": {
      "n": 0,
      "class_counts": {
        "0": 0,
        "1": 0,
        "2": 0,
        "3": 0,
        "4": 0,
        "5": 0,
        "6": 0,
        "7": 0,
        "8": 0,
        "9": 0
      },
      "class_density": {
        "0": 0.0,
        "1": 0.0,
        "2": 0.0,
        "3": 0.0,
        "4": 0.0,
        "5": 0.0,
        "6": 0.0,
        "7": 0.0,
        "8": 0.0,
        "9": 0.0
      },
      "entropy_nat": 0.0
    },
    "3": {
      "n": 6,
      "class_counts": {
        "0": 0,
        "1": 0,
        "2": 4,
        "3": 0,
        "4": 0,
        "5": 0,
        "6": 0,
        "7": 1,
        "8": 1,
        "9": 0
      },
      "class_density": {
        "0": 0.0,
        "1": 0.0,
        "2": 0.6666666666666666,
        "3": 0.0,
        "4": 0.0,
        "5": 0.0,
        "6": 0.0,
        "7": 0.16666666666666666,
        "8": 0.16666666666666666,
        "9": 0.0
      },
      "entropy_nat": 0.8676
    },
    "4": {
      "n": 76,
      "class_counts": {
        "0": 0,
        "1": 0,
        "2": 6,
        "3": 11,
        "4": 7,
        "5": 18,
        "6": 0,
        "7": 1,
        "8": 29,
        "9": 4
      },
      "class_density": {
        "0": 0.0,
        "1": 0.0,
        "2": 0.07894736842105263,
        "3": 0.14473684210526316,
        "4": 0.09210526315789473,
        "5": 0.23684210526315788,
        "6": 0.0,
        "7": 0.013157894736842105,
        "8": 0.3815789473684211,
        "9": 0.05263157894736842
      },
      "entropy_nat": 1.6206
    },
    "5": {
      "n": 12,
      "class_counts": {
        "0": 0,
        "1": 0,
        "2": 12,
        "3": 0,
        "4": 0,
        "5": 0,
        "6": 0,
        "7": 0,
        "8": 0,
        "9": 0
      },
      "class_density": {
        "0": 0.0,
        "1": 0.0,
        "2": 1.0,
        "3": 0.0,
        "4": 0.0,
        "5": 0.0,
        "6": 0.0,
        "7": 0.0,
        "8": 0.0,
        "9": 0.0
      },
      "entropy_nat": -0.0
    },
    "6": {
      "n": 5,
      "class_counts": {
        "0": 0,
        "1": 0,
        "2": 4,
        "3": 1,
        "4": 0,
        "5": 0,
        "6": 0,
        "7": 0,
        "8": 0,
        "9": 0
      },
      "class_density": {
        "0": 0.0,
        "1": 0.0,
        "2": 0.8,
        "3": 0.2,
        "4": 0.0,
        "5": 0.0,
        "6": 0.0,
        "7": 0.0,
        "8": 0.0,
        "9": 0.0
      },
      "entropy_nat": 0.5004
    },
    "7": {
      "n": 292,
      "class_counts": {
        "0": 20,
        "1": 47,
        "2": 18,
        "3": 17,
        "4": 9,
        "5": 12,
        "6": 124,
        "7": 35,
        "8": 7,
        "9": 3
      },
      "class_density": {
        "0": 0.0684931506849315,
        "1": 0.16095890410958905,
        "2": 0.06164383561643835,
        "3": 0.05821917808219178,
        "4": 0.030821917808219176,
        "5": 0.0410958904109589,
        "6": 0.4246575342465753,
        "7": 0.11986301369863013,
        "8": 0.023972602739726026,
        "9": 0.010273972602739725
      },
      "entropy_nat": 1.8078
    },
    "8": {
      "n": 0,
      "class_counts": {
        "0": 0,
        "1": 0,
        "2": 0,
        "3": 0,
        "4": 0,
        "5": 0,
        "6": 0,
        "7": 0,
        "8": 0,
        "9": 0
      },
      "class_density": {
        "0": 0.0,
        "1": 0.0,
        "2": 0.0,
        "3": 0.0,
        "4": 0.0,
        "5": 0.0,
        "6": 0.0,
        "7": 0.0,
        "8": 0.0,
        "9": 0.0
      },
      "entropy_nat": 0.0
    },
    "9": {
      "n": 90,
      "class_counts": {
        "0": 2,
        "1": 0,
        "2": 5,
        "3": 7,
        "4": 20,
        "5": 36,
        "6": 0,
        "7": 1,
        "8": 15,
        "9": 4
      },
      "class_density": {
        "0": 0.022222222222222223,
        "1": 0.0,
        "2": 0.05555555555555555,
        "3": 0.07777777777777778,
        "4": 0.2222222222222222,
        "5": 0.4,
        "6": 0.0,
        "7": 0.011111111111111112,
        "8": 0.16666666666666666,
        "9": 0.044444444444444446
      },
      "entropy_nat": 1.6316
    },
    "10": {
      "n": 9,
      "class_counts": {
        "0": 0,
        "1": 0,
        "2": 1,
        "3": 5,
        "4": 0,
        "5": 0,
        "6": 0,
        "7": 0,
        "8": 3,
        "9": 0
      },
      "class_density": {
        "0": 0.0,
        "1": 0.0,
        "2": 0.1111111111111111,
        "3": 0.5555555555555556,
        "4": 0.0,
        "5": 0.0,
        "6": 0.0,
        "7": 0.0,
        "8": 0.3333333333333333,
        "9": 0.0
      },
      "entropy_nat": 0.9369
    },
    "11": {
      "n": 51,
      "class_counts": {
        "0": 0,
        "1": 5,
        "2": 3,
        "3": 1,
        "4": 21,
        "5": 1,
        "6": 0,
        "7": 0,
        "8": 1,
        "9": 19
      },
      "class_density": {
        "0": 0.0,
        "1": 0.09803921568627451,
        "2": 0.058823529411764705,
        "3": 0.0196078431372549,
        "4": 0.4117647058823529,
        "5": 0.0196078431372549,
        "6": 0.0,
        "7": 0.0,
        "8": 0.0196078431372549,
        "9": 0.37254901960784315
      },
      "entropy_nat": 1.3588
    },
    "12": {
      "n": 9,
      "class_counts": {
        "0": 0,
        "1": 0,
        "2": 1,
        "3": 1,
        "4": 0,
        "5": 0,
        "6": 0,
        "7": 0,
        "8": 6,
        "9": 1
      },
      "class_density": {
        "0": 0.0,
        "1": 0.0,
        "2": 0.1111111111111111,
        "3": 0.1111111111111111,
        "4": 0.0,
        "5": 0.0,
        "6": 0.0,
        "7": 0.0,
        "8": 0.6666666666666666,
        "9": 0.1111111111111111
      },
      "entropy_nat": 1.0027
    },
    "13": {
      "n": 276,
      "class_counts": {
        "0": 44,
        "1": 21,
        "2": 39,
        "3": 50,
        "4": 17,
        "5": 63,
        "6": 23,
        "7": 2,
        "8": 14,
        "9": 3
      },
      "class_density": {
        "0": 0.15942028985507245,
        "1": 0.07608695652173914,
        "2": 0.14130434782608695,
        "3": 0.18115942028985507,
        "4": 0.06159420289855073,
        "5": 0.22826086956521738,
        "6": 0.08333333333333333,
        "7": 0.007246376811594203,
        "8": 0.050724637681159424,
        "9": 0.010869565217391304
      },
      "entropy_nat": 2.0268
    },
    "14": {
      "n": 31,
      "class_counts": {
        "0": 1,
        "1": 11,
        "2": 9,
        "3": 2,
        "4": 0,
        "5": 2,
        "6": 1,
        "7": 0,
        "8": 5,
        "9": 0
      },
      "class_density": {
        "0": 0.03225806451612903,
        "1": 0.3548387096774194,
        "2": 0.2903225806451613,
        "3": 0.06451612903225806,
        "4": 0.0,
        "5": 0.06451612903225806,
        "6": 0.03225806451612903,
        "7": 0.0,
        "8": 0.16129032258064516,