{
  "run_dir": "samplesvdd/hySpUnsup/runs/sensitivity_v3/overlap_lambda_1e-4",
  "checkpoint": "samplesvdd/hySpUnsup/runs/sensitivity_v3/overlap_lambda_1e-4/checkpoint_v2.pth",
  "n_spheres": 30,
  "curvature": 1.0,
  "objective": "union-soft",
  "active_cluster_mask": [
    true,
    true,
    false,
    false,
    true,
    false,
    true,
    true,
    false,
    false,
    false,
    true,
    true,
    false,
    true,
    false,
    false,
    false,
    true,
    true,
    false,
    false,
    false,
    false,
    false,
    true,
    true,
    false,
    false,
    false
  ],
  "train_macro_auc": 0.49809363980685306,
  "train_per_digit_auc": {
    "0": 0.6681392289420792,
    "1": 0.5810542063874247,
    "2": 0.6294274465428354,
    "3": 0.6292048368576757,
    "4": 0.30381316959273685,
    "5": 0.3377941627260322,
    "6": 0.6661422165408548,
    "7": 0.3481644587792736,
    "8": 0.47097358885297813,
    "9": 0.3462230828466411
  },
  "test_macro_auc": 0.4972240251094403,
  "test_per_digit_auc": {
    "0": 0.6739394185229725,
    "1": 0.5816160593274518,
    "2": 0.6272908082970609,
    "3": 0.6213825778444756,
    "4": 0.29181846562873726,
    "5": 0.35261040723886605,
    "6": 0.6753497382168879,
    "7": 0.35144296643946304,
    "8": 0.4591327906709075,
    "9": 0.3376570189075808
  }
}