{
  "run_dir": "samplesvdd/hySpUnsup/runs/sensitivity_v3/ub_0p30",
  "checkpoint": "samplesvdd/hySpUnsup/runs/sensitivity_v3/ub_0p30/checkpoint_v2.pth",
  "n_spheres": 30,
  "curvature": 1.0,
  "objective": "union-soft",
  "active_cluster_mask": [
    false,
    false,
    false,
    false,
    true,
    true,
    true,
    true,
    true,
    true,
    true,
    true,
    true,
    false,
    false,
    true,
    true,
    true,
    true,
    true,
    true,
    true,
    false,
    true,
    true,
    true,
    true,
    true,
    true,
    true
  ],
  "train_macro_auc": 0.4998363722990928,
  "train_per_digit_auc": {
    "0": 0.3093583384386095,
    "1": 0.37111781348458356,
    "2": 0.4973869354490167,
    "3": 0.45650815415137896,
    "4": 0.5905245544054764,
    "5": 0.39351857622112985,
    "6": 0.5358943503324272,
    "7": 0.6881288813621566,
    "8": 0.5250723047816389,
    "9": 0.6308538143645105
  },
  "test_macro_auc": 0.5006598026858059,
  "test_per_digit_auc": {
    "0": 0.3158691084112001,
    "1": 0.3776115841963943,
    "2": 0.4982887241071302,
    "3": 0.45347278883948505,
    "4": 0.5802777589199533,
    "5": 0.40238238087692996,
    "6": 0.5196303157193364,
    "7": 0.6931455211368889,
    "8": 0.532211804049326,
    "9": 0.6337080406014152
  }
}