{
  "version": 2,
  "checkpoint_selection": "min_training_loss",
  "best_epoch": 20,
  "best_training_loss": 0.4286450559788562,
  "macro_auc_test_at_best_epoch": 0.49694405090771687,
  "per_digit_auc_at_best_epoch": {
    "0": 0.8257773912409283,
    "1": 0.785724894514768,
    "2": 0.4586454183266932,
    "3": 0.5376269674971238,
    "4": 0.3505362108207163,
    "5": 0.4938295743123871,
    "6": 0.4307450838481399,
    "7": 0.22030939815931636,
    "8": 0.5322730601128522,
    "9": 0.3339725102442432
  },
  "macro_auc_test_pruned_active_spheres": 0.4961410157728892,
  "per_digit_auc_test_pruned_active_spheres": {
    "0": 0.8219696711796697,
    "1": 0.8034270809359416,
    "2": 0.5401666784818024,
    "3": 0.6170148323732376,
    "4": 0.30670814383177264,
    "5": 0.4648129673431662,
    "6": 0.484996079715327,
    "7": 0.15215998029906053,
    "8": 0.49821089338761687,
    "9": 0.27194383018129853
  },
  "curvature": 1.0,
  "n_spheres": 30,
  "train_normal_digits": [
    0,
    1
  ],
  "test_digits": [
    0,
    1,
    2,
    3,
    4,
    5,
    6,
    7,
    8,
    9
  ],
  "objective": "union-soft",
  "unsupervised": true,
  "ae_checkpoint": "samplesvdd/hySpUnsup/runs/my_v3_ae200_stage1/ae_stage1_ep200.pth",
  "prune": {
    "train_argmin_counts": [
      1078,
      108,
      196,
      952,
      211,
      125,
      237,
      2866,
      297,
      211,
      190,
      175,
      112,
      2342,
      109,
      130,
      123,
      101,
      159,
      36,
      175,
      410,
      195,
      349,
      373,
      191,
      80,
      8,
      94,
      189
    ],
    "silhouette_mean_per_cluster_euclidean_z": {
      "0": null,
      "1": null,
      "2": null,
      "3": null,
      "4": null,
      "5": null,
      "6": null,
      "7": null,
      "8": null,
      "9": null,
      "10": null,
      "11": null,
      "12": null,
      "13": null,
      "14": null,
      "15": null,
      "16": null,
      "17": null,
      "18": null,
      "19": null,
      "20": null,
      "21": null,
      "22": null,
      "23": null,
      "24": null,
      "25": null,
      "26": null,
      "27": null,
      "28": null,
      "29": null
    },
    "active_cluster_mask": [
      true,
      true,
      true,
      true,
      true,
      true,
      true,
      true,
      true,
      true,
      true,
      true,
      true,
      true,
      true,
      true,
      true,
      true,
      true,
      false,
      true,
      true,
      true,
      true,
      true,
      true,
      true,
      false,
      true,
      true
    ]
  },
  "split_overloaded": {
    "enabled": true,
    "max_cluster_fraction": 0.25,
    "applied": false,
    "n_train": 11822,
    "cap_count": 2956,
    "counts_before": [
      1084,
      108,
      197,
      952,
      211,
      125,
      237,
      2866,
      297,
      211,
      190,
      175,
      112,
      2344,
      123,
      130,
      123,
      113,
      159,
      0,
      175,
      410,
      195,
      357,
      373,
      191,
      80,
      0,
      94,
      190
    ],
    "overloaded_clusters": [],
    "spare_inactive_clusters": [
      19,
      27
    ],
    "splits": []
  },
  "hybrid_rebalance": {
    "enabled": true,
    "lb_min_cluster_members": 50,
    "ub_max_cluster_fraction": 0.25,
    "max_iters": 4,
    "hard_cap_enabled": true,
    "chaos_factor": 0.15,
    "iterations": [
      {
        "iter": 1,
        "lb": {
          "enabled": true,
          "counts": [
            1078,
            108,
            196,
            952,
            211,
            125,
            237,
            2866,
            297,
            211,
            190,
            175,
            112,
            2342,
            109,
            130,
            123,
            101,
            159,
            36,
            175,
            410,
            195,
            349,
            373,
            191,
            80,
            8,
            94,
            189
          ],
          "active_before": [
            true,
            true,
            true,
            true,
            true,
            true,
            true,
            true,
            true,
            true,
            true,
            true,
            true,
            true,
            true,
            true,
            true,
            true,
            true,
            false,
            true,
            true,
            true,
            true,
            true,
            true,
            true,
            false,
            true,
            true
          ],
          "active_after": [
            true,
            true,
            true,
            true,
            true,
            true,
            true,
            true,
            true,
            true,
            true,
            true,
            true,
            true,
            true,
            true,
            true,
            true,
            true,
            false,
            true,
            true,
            true,
            true,
            true,
            true,
            true,
            false,
            true,
            true
          ],
          "changed": false
        },
        "ub": {
          "enabled": true,
          "max_cluster_fraction": 0.25,
          "applied": false,
          "n_train": 11822,
          "cap_count": 2956,
          "counts_before": [
            1084,
            108,
            197,
            952,
            211,
            125,
            237,
            2866,
            297,
            211,
            190,
            175,
            112,
            2344,
            123,
            130,
            123,
            113,
            159,
            0,
            175,
            410,
            195,
            357,
            373,
            191,
            80,
            0,
            94,
            190
          ],
          "overloaded_clusters": [],
          "spare_inactive_clusters": [
            19,
            27
          ],
          "splits": []
        },
        "hard_cap": {
          "enabled": true,
          "max_cluster_fraction": 0.25,
          "chaos_factor": 0.15,
          "applied": false,
          "n_train": 11822,
          "cap_count": 2956,
          "counts_before": [
            1084,
            108,
            197,
            952,
            211,
            125,
            237,
            2866,
            297,
            211,
            190,
            175,
            112,
            2344,
            123,
            130,
            123,
            113,
            159,
            0,
            175,
            410,
            195,
            357,
            373,
            191,
            80,
            0,
            94,
            190
          ],
          "counts_after": [
            1084,
            108,
            197,
            952,
            211,
            125,
            237,
            2866,
            297,
            211,
            190,
            175,
            112,
            2344,
            123,
            130,
            123,
            113,
            159,
            0,
            175,
            410,
            195,
            357,
            373,
            191,
            80,
            0,
            94,
            190
          ],
          "overflow_reassigned": 0
        },
        "changed": false
      }
    ],
    "applied": false,
    "active_cluster_mask_after_hybrid": [
      true,
      true,
      true,
      true,
      true,
      true,
      true,
      true,
      true,
      true,
      true,
      true,
      true,
      true,
      true,
      true,
      true,
      true,
      true,
      false,
      true,
      true,
      true,
      true,
      true,
      true,
      true,
      false,
      true,
      true
    ]
  },