{
  "n_samples": 2000,
  "per_cluster": {
    "0": {
      "n": 97,
      "class_counts": {
        "0": 21,
        "1": 0,
        "2": 2,
        "3": 8,
        "4": 6,
        "5": 1,
        "6": 1,
        "7": 5,
        "8": 37,
        "9": 16
      },
      "class_density": {
        "0": 0.21649484536082475,
        "1": 0.0,
        "2": 0.020618556701030927,
        "3": 0.08247422680412371,
        "4": 0.061855670103092786,
        "5": 0.010309278350515464,
        "6": 0.010309278350515464,
        "7": 0.05154639175257732,
        "8": 0.38144329896907214,
        "9": 0.16494845360824742
      },
      "entropy_nat": 1.7013
    },
    "1": {
      "n": 2,
      "class_counts": {
        "0": 0,
        "1": 2,
        "2": 0,
        "3": 0,
        "4": 0,
        "5": 0,
        "6": 0,
        "7": 0,
        "8": 0,
        "9": 0
      },
      "class_density": {
        "0": 0.0,
        "1": 1.0,
        "2": 0.0,
        "3": 0.0,
        "4": 0.0,
        "5": 0.0,
        "6": 0.0,
        "7": 0.0,
        "8": 0.0,
        "9": 0.0
      },
      "entropy_nat": -0.0
    },
    "2": {
      "n": 7,
      "class_counts": {
        "0": 0,
        "1": 7,
        "2": 0,
        "3": 0,
        "4": 0,
        "5": 0,
        "6": 0,
        "7": 0,
        "8": 0,
        "9": 0
      },
      "class_density": {
        "0": 0.0,
        "1": 1.0,
        "2": 0.0,
        "3": 0.0,
        "4": 0.0,
        "5": 0.0,
        "6": 0.0,
        "7": 0.0,
        "8": 0.0,
        "9": 0.0
      },
      "entropy_nat": -0.0
    },
    "3": {
      "n": 40,
      "class_counts": {
        "0": 0,
        "1": 35,
        "2": 2,
        "3": 0,
        "4": 0,
        "5": 1,
        "6": 0,
        "7": 0,
        "8": 2,
        "9": 0
      },
      "class_density": {
        "0": 0.0,
        "1": 0.875,
        "2": 0.05,
        "3": 0.0,
        "4": 0.0,
        "5": 0.025,
        "6": 0.0,
        "7": 0.0,
        "8": 0.05,
        "9": 0.0
      },
      "entropy_nat": 0.5086
    },
    "4": {
      "n": 7,
      "class_counts": {
        "0": 0,
        "1": 7,
        "2": 0,
        "3": 0,
        "4": 0,
        "5": 0,
        "6": 0,
        "7": 0,
        "8": 0,
        "9": 0
      },
      "class_density": {
        "0": 0.0,
        "1": 1.0,
        "2": 0.0,
        "3": 0.0,
        "4": 0.0,
        "5": 0.0,
        "6": 0.0,
        "7": 0.0,
        "8": 0.0,
        "9": 0.0
      },
      "entropy_nat": -0.0
    },
    "5": {
      "n": 17,
      "class_counts": {
        "0": 1,
        "1": 4,
        "2": 6,
        "3": 2,
        "4": 0,
        "5": 1,
        "6": 0,
        "7": 0,
        "8": 3,
        "9": 0
      },
      "class_density": {
        "0": 0.058823529411764705,
        "1": 0.23529411764705882,
        "2": 0.35294117647058826,
        "3": 0.11764705882352941,
        "4": 0.0,
        "5": 0.058823529411764705,
        "6": 0.0,
        "7": 0.0,
        "8": 0.17647058823529413,
        "9": 0.0
      },
      "entropy_nat": 1.5992
    },
    "6": {
      "n": 19,
      "class_counts": {
        "0": 0,
        "1": 9,
        "2": 0,
        "3": 0,
        "4": 0,
        "5": 0,
        "6": 0,
        "7": 10,
        "8": 0,
        "9": 0
      },
      "class_density": {
        "0": 0.0,
        "1": 0.47368421052631576,
        "2": 0.0,
        "3": 0.0,
        "4": 0.0,
        "5": 0.0,
        "6": 0.0,
        "7": 0.5263157894736842,
        "8": 0.0,
        "9": 0.0
      },
      "entropy_nat": 0.6918
    },
    "7": {
      "n": 316,
      "class_counts": {
        "0": 1,
        "1": 96,
        "2": 24,
        "3": 12,
        "4": 22,
        "5": 3,
        "6": 67,
        "7": 87,
        "8": 4,
        "9": 0
      },
      "class_density": {
        "0": 0.0031645569620253164,
        "1": 0.3037974683544304,
        "2": 0.0759493670886076,
        "3": 0.0379746835443038,
        "4": 0.06962025316455696,
        "5": 0.00949367088607595,
        "6": 0.2120253164556962,
        "7": 0.27531645569620256,
        "8": 0.012658227848101266,
        "9": 0.0
      },
      "entropy_nat": 1.6692
    },
    "8": {
      "n": 2,
      "class_counts": {
        "0": 2,
        "1": 0,
        "2": 0,
        "3": 0,
        "4": 0,
        "5": 0,
        "6": 0,
        "7": 0,
        "8": 0,
        "9": 0
      },
      "class_density": {
        "0": 1.0,
        "1": 0.0,
        "2": 0.0,
        "3": 0.0,
        "4": 0.0,
        "5": 0.0,
        "6": 0.0,
        "7": 0.0,
        "8": 0.0,
        "9": 0.0
      },
      "entropy_nat": -0.0
    },
    "9": {
      "n": 63,
      "class_counts": {
        "0": 11,
        "1": 1,
        "2": 1,
        "3": 0,
        "4": 18,
        "5": 3,
        "6": 8,
        "7": 1,
        "8": 3,
        "9": 17
      },
      "class_density": {
        "0": 0.1746031746031746,
        "1": 0.015873015873015872,
        "2": 0.015873015873015872,
        "3": 0.0,
        "4": 0.2857142857142857,
        "5": 0.047619047619047616,
        "6": 0.12698412698412698,
        "7": 0.015873015873015872,
        "8": 0.047619047619047616,
        "9": 0.2698412698412698
      },
      "entropy_nat": 1.7654
    },
    "10": {
      "n": 182,
      "class_counts": {
        "0": 0,
        "1": 4,
        "2": 9,
        "3": 11,
        "4": 72,
        "5": 25,
        "6": 1,
        "7": 4,
        "8": 24,
        "9": 32
      },
      "class_density": {
        "0": 0.0,
        "1": 0.02197802197802198,
        "2": 0.04945054945054945,
        "3": 0.06043956043956044,
        "4": 0.3956043956043956,
        "5": 0.13736263736263737,
        "6": 0.005494505494505495,
        "7": 0.02197802197802198,
        "8": 0.13186813186813187,
        "9": 0.17582417582417584
      },
      "entropy_nat": 1.727
    },
    "11": {
      "n": 5,
      "class_counts": {
        "0": 0,
        "1": 5,
        "2": 0,
        "3": 0,
        "4": 0,
        "5": 0,
        "6": 0,
        "7": 0,
        "8": 0,
        "9": 0
      },
      "class_density": {
        "0": 0.0,
        "1": 1.0,
        "2": 0.0,
        "3": 0.0,
        "4": 0.0,
        "5": 0.0,
        "6": 0.0,
        "7": 0.0,
        "8": 0.0,
        "9": 0.0
      },
      "entropy_nat": -0.0
    },
    "12": {
      "n": 29,
      "class_counts": {
        "0": 8,
        "1": 0,
        "2": 0,
        "3": 2,
        "4": 0,
        "5": 0,
        "6": 19,
        "7": 0,
        "8": 0,
        "9": 0
      },
      "class_density": {
        "0": 0.27586206896551724,
        "1": 0.0,
        "2": 0.0,
        "3": 0.06896551724137931,
        "4": 0.0,
        "5": 0.0,
        "6": 0.6551724137931034,
        "7": 0.0,
        "8": 0.0,
        "9": 0.0
      },
      "entropy_nat": 0.8167
    },
    "13": {
      "n": 399,
      "class_counts": {
        "0": 81,
        "1": 0,
        "2": 27,
        "3": 43,
        "4": 17,
        "5": 123,
        "6": 41,
        "7": 16,
        "8": 41,
        "9": 10
      },
      "class_density": {
        "0": 0.20300751879699247,
        "1": 0.0,
        "2": 0.06766917293233082,
        "3": 0.10776942355889724,
        "4": 0.042606516290726815,
        "5": 0.3082706766917293,
        "6": 0.10275689223057644,
        "7": 0.040100250626566414,
        "8": 0.10275689223057644,
        "9": 0.02506265664160401
      },
      "entropy_nat": 1.9322
    },
    "14": {
      "n": 6,
      "class_counts": {
        "0": 0,
        "1": 6,
        "2": 0,
        "3": 0,
        "4": 0,
        "5": 0,
        "6": 0,
        "7": 0,
        "8": 0,
        "9": 0
      },
      "class_density": {
        "0": 0.0,
        "1": 1.0,
        "2": 0.0,
        "3": 0.0,
        "4": 0.0,
        "5": 0.0,
        "6": 0.0,
        "7": 0.0,
        "8": 0.0,
        "9": 0.0
      },
      "entropy_nat": -0.0
    },
    "15": {
      "n": 4,