{
  "best_epoch": 1,
  "best_macro_auc": 0.5778710499999999,
  "per_digit_best_auc": {
    "0": 0.6464503333333333,
    "1": 0.41024022222222223,
    "2": 0.6477101111111111,
    "3": 0.5046267777777778,
    "4": 0.7415465,
    "5": 0.5338813888888889,
    "6": 0.6907568888888889,
    "7": 0.4975339444444445,
    "8": 0.6784423888888889,
    "9": 0.4275219444444444
  },
  "curvature": 1.0,
  "objective": "soft-boundary",
  "lambda_excl": 0.0,
  "margin_excl": 0.1,
  "lambda_overlap": 0.0,
  "margin_overlap": 0.05
}