{
  "version": 2,
  "checkpoint_selection": "min_training_loss",
  "best_epoch": 20,
  "best_training_loss": 0.6578296856446699,
  "macro_auc_test_at_best_epoch": 0.4981951383076565,
  "per_digit_auc_at_best_epoch": {
    "0": 0.2899266498052692,
    "1": 0.45951671141797723,
    "2": 0.7019299882321248,
    "3": 0.6249740421758043,
    "4": 0.3937201917500137,
    "5": 0.29521324271164867,
    "6": 0.4944652760426091,
    "7": 0.5662668954383141,
    "8": 0.6332809842113526,
    "9": 0.5226574012914509
  },
  "macro_auc_test_pruned_active_spheres": 0.49751486277218493,
  "per_digit_auc_test_pruned_active_spheres": {
    "0": 0.2674813136564972,
    "1": 0.5184081830967907,
    "2": 0.7406582920985099,
    "3": 0.6671391957234443,
    "4": 0.38708362412881747,
    "5": 0.29572376705768877,
    "6": 0.7630349321776392,
    "7": 0.3975023483694154,
    "8": 0.5861567710369563,
    "9": 0.35196020037608994
  },
  "curvature": 1.0,
  "n_spheres": 30,
  "geometry": "hyperbolic",
  "train_normal_digits": [
    2
  ],
  "test_digits": [
    0,
    1,
    2,
    3,
    4,
    5,
    6,
    7,
    8,
    9
  ],
  "objective": "union-soft",
  "unsupervised": true,
  "ae_checkpoint": "samplesvdd/hySpUnsup/runs/my_v3_ae200_stage1/ae_stage1_ep200.pth",
  "prune": {
    "train_argmin_counts": [
      237,
      126,
      122,
      67,
      116,
      465,
      83,
      365,
      599,
      83,
      206,
      249,
      17,
      77,
      59,
      116,
      69,
      38,
      328,
      71,
      68,
      63,
      1188,
      42,
      92,
      26,
      297,
      35,
      242,
      39
    ],
    "silhouette_mean_per_cluster_euclidean_z": {
      "0": null,
      "1": null,
      "2": null,
      "3": null,
      "4": null,
      "5": null,
      "6": null,
      "7": null,
      "8": null,
      "9": null,
      "10": null,
      "11": null,
      "12": null,
      "13": null,
      "14": null,
      "15": null,
      "16": null,
      "17": null,
      "18": null,
      "19": null,
      "20": null,
      "21": null,
      "22": null,
      "23": null,
      "24": null,
      "25": null,
      "26": null,
      "27": null,
      "28": null,
      "29": null
    },
    "active_cluster_mask": [
      true,
      true,
      true,
      true,
      true,
      true,
      true,
      true,
      true,
      true,
      true,
      true,
      false,
      true,
      true,
      true,
      true,
      true,
      true,
      true,
      true,
      true,
      true,
      true,
      true,
      true,
      true,
      true,
      true,
      true
    ]
  },
  "split_overloaded": {
    "enabled": true,
    "max_cluster_fraction": 0.2,
    "applied": true,
    "n_train": 5585,
    "cap_count": 1117,
    "counts_before": [
      237,
      126,
      125,
      67,
      126,
      465,
      84,
      365,
      602,
      83,
      206,
      249,
      0,
      77,
      59,
      116,
      69,
      38,
      328,
      71,
      68,
      63,
      1188,
      42,
      92,
      26,
      297,
      35,
      242,
      39
    ],
    "overloaded_clusters": [
      22
    ],
    "spare_inactive_clusters": [
      12
    ],
    "splits": [
      {
        "source_cluster": 22,
        "source_count": 1188,
        "groups_after_split": [
          652,
          536
        ],
        "new_clusters_activated": [
          12
        ]
      }
    ],
    "active_cluster_mask_after_split": [
      true,
      true,
      true,
      true,
      true,
      true,
      true,
      true,
      true,
      true,
      true,
      true,
      true,
      true,
      true,
      true,
      true,
      true,
      true,
      true,
      true,
      true,
      true,
      true,
      true,
      true,
      true,
      true,
      true,
      true
    ]
  },
  "hybrid_rebalance": {
    "enabled": true,
    "lb_min_cluster_members": 20,
    "ub_max_cluster_fraction": 0.2,
    "max_iters": 4,
    "hard_cap_enabled": true,
    "chaos_factor": 0.15,
    "iterations": [
      {
        "iter": 1,
        "lb": {
          "enabled": true,
          "counts": [
            400,
            143,
            128,
            69,
            126,
            493,
            98,
            435,
            668,
            120,
            246,
            259,
            0,
            108,
            111,
            116,
            153,
            38,
            345,
            95,
            84,
            63,
            168,
            45,
            138,
            53,
            297,
            124,
            417,
            45
          ],
          "active_before": [
            true,
            true,
            true,
            true,
            true,
            true,
            true,
            true,
            true,
            true,
            true,
            true,
            true,
            true,
            true,
            true,
            true,
            true,
            true,
            true,
            true,
            true,
            true,
            true,
            true,
            true,
            true,
            true,
            true,
            true
          ],
          "active_after": [
            true,
            true,
            true,
            true,
            true,
            true,
            true,
            true,
            true,
            true,
            true,
            true,
            false,
            true,
            true,
            true,
            true,
            true,
            true,
            true,
            true,
            true,
            true,
            true,
            true,
            true,
            true,
            true,
            true,
            true
          ],
          "changed": true
        },
        "ub": {
          "enabled": true,
          "max_cluster_fraction": 0.2,
          "applied": false,
          "n_train": 5585,
          "cap_count": 1117,
          "counts_before": [
            400,
            143,
            128,
            69,
            126,
            493,
            98,
            435,
            668,
            120,
            246,
            259,
            0,
            108,
            111,
            116,
            153,
            38,
            345,
            95,
            84,
            63,
            168,
            45,
            138,
            53,
            297,
            124,
            417,
            45
          ],
          "overloaded_clusters": [],
          "spare_inactive_clusters": [
            12
          ],
          "splits": []
        },
        "hard_cap": {
          "enabled": true,
          "max_cluster_fraction": 0.2,
          "chaos_factor": 0.15,
          "applied": false,
          "n_train": 5585,
          "cap_count": 1117,
          "counts_before": [
            400,
            143,
            128,
            69,
            126,
            493,
            98,
            435,
            668,
            120,
            246,
            259,
            0,
            108,
            111,
            116,
            153,
            38,
            345,
            95,
            84,
            63,
            168,
            45,
            138,
            53,
            297,
            124,
            417,
            45
          ],
          "counts_after": [
            400,
            143,
            128,
            69,
            126,
            493,
            98,
            435,
            668,
            120,
            246,
            259,
            0,
            108,
            111,
            116,
            153,
            38,
            345,
            95,
            84,
            63,
            168,
            45,
            138,
            53,
            297,
            124,
            417,
            45
          ],