{
  "n_samples": 2000,
  "per_cluster": {
    "0": {
      "n": 220,
      "class_counts": {
        "0": 10,
        "1": 26,
        "2": 22,
        "3": 39,
        "4": 5,
        "5": 9,
        "6": 0,
        "7": 47,
        "8": 46,
        "9": 16
      },
      "class_density": {
        "0": 0.045454545454545456,
        "1": 0.11818181818181818,
        "2": 0.1,
        "3": 0.17727272727272728,
        "4": 0.022727272727272728,
        "5": 0.04090909090909091,
        "6": 0.0,
        "7": 0.21363636363636362,
        "8": 0.20909090909090908,
        "9": 0.07272727272727272
      },
      "entropy_nat": 1.9942
    },
    "1": {
      "n": 21,
      "class_counts": {
        "0": 1,
        "1": 0,
        "2": 4,
        "3": 7,
        "4": 1,
        "5": 3,
        "6": 0,
        "7": 0,
        "8": 5,
        "9": 0
      },
      "class_density": {
        "0": 0.047619047619047616,
        "1": 0.0,
        "2": 0.19047619047619047,
        "3": 0.3333333333333333,
        "4": 0.047619047619047616,
        "5": 0.14285714285714285,
        "6": 0.0,
        "7": 0.0,
        "8": 0.23809523809523808,
        "9": 0.0
      },
      "entropy_nat": 1.5917
    },
    "2": {
      "n": 11,
      "class_counts": {
        "0": 0,
        "1": 0,
        "2": 8,
        "3": 3,
        "4": 0,
        "5": 0,
        "6": 0,
        "7": 0,
        "8": 0,
        "9": 0
      },
      "class_density": {
        "0": 0.0,
        "1": 0.0,
        "2": 0.7272727272727273,
        "3": 0.2727272727272727,
        "4": 0.0,
        "5": 0.0,
        "6": 0.0,
        "7": 0.0,
        "8": 0.0,
        "9": 0.0
      },
      "entropy_nat": 0.586
    },
    "3": {
      "n": 1,
      "class_counts": {
        "0": 0,
        "1": 0,
        "2": 1,
        "3": 0,
        "4": 0,
        "5": 0,
        "6": 0,
        "7": 0,
        "8": 0,
        "9": 0
      },
      "class_density": {
        "0": 0.0,
        "1": 0.0,
        "2": 1.0,
        "3": 0.0,
        "4": 0.0,
        "5": 0.0,
        "6": 0.0,
        "7": 0.0,
        "8": 0.0,
        "9": 0.0
      },
      "entropy_nat": -0.0
    },
    "4": {
      "n": 0,
      "class_counts": {
        "0": 0,
        "1": 0,
        "2": 0,
        "3": 0,
        "4": 0,
        "5": 0,
        "6": 0,
        "7": 0,
        "8": 0,
        "9": 0
      },
      "class_density": {
        "0": 0.0,
        "1": 0.0,
        "2": 0.0,
        "3": 0.0,
        "4": 0.0,
        "5": 0.0,
        "6": 0.0,
        "7": 0.0,
        "8": 0.0,
        "9": 0.0
      },
      "entropy_nat": 0.0
    },
    "5": {
      "n": 35,
      "class_counts": {
        "0": 0,
        "1": 0,
        "2": 16,
        "3": 16,
        "4": 0,
        "5": 2,
        "6": 0,
        "7": 0,
        "8": 1,
        "9": 0
      },
      "class_density": {
        "0": 0.0,
        "1": 0.0,
        "2": 0.45714285714285713,
        "3": 0.45714285714285713,
        "4": 0.0,
        "5": 0.05714285714285714,
        "6": 0.0,
        "7": 0.0,
        "8": 0.02857142857142857,
        "9": 0.0
      },
      "entropy_nat": 0.9808
    },
    "6": {
      "n": 23,
      "class_counts": {
        "0": 0,
        "1": 18,
        "2": 3,
        "3": 0,
        "4": 0,
        "5": 0,
        "6": 0,
        "7": 0,
        "8": 2,
        "9": 0
      },
      "class_density": {
        "0": 0.0,
        "1": 0.782608695652174,
        "2": 0.13043478260869565,
        "3": 0.0,
        "4": 0.0,
        "5": 0.0,
        "6": 0.0,
        "7": 0.0,
        "8": 0.08695652173913043,
        "9": 0.0
      },
      "entropy_nat": 0.6699
    },
    "7": {
      "n": 681,
      "class_counts": {
        "0": 74,
        "1": 109,
        "2": 25,
        "3": 26,
        "4": 45,
        "5": 57,
        "6": 190,
        "7": 116,
        "8": 19,
        "9": 20
      },
      "class_density": {
        "0": 0.10866372980910426,
        "1": 0.16005873715124816,
        "2": 0.03671071953010279,
        "3": 0.0381791483113069,
        "4": 0.06607929515418502,
        "5": 0.08370044052863436,
        "6": 0.2790014684287812,
        "7": 0.17033773861967694,
        "8": 0.027900146842878122,
        "9": 0.02936857562408223
      },
      "entropy_nat": 2.0287
    },
    "8": {
      "n": 22,
      "class_counts": {
        "0": 0,
        "1": 0,
        "2": 20,
        "3": 2,
        "4": 0,
        "5": 0,
        "6": 0,
        "7": 0,
        "8": 0,
        "9": 0
      },
      "class_density": {
        "0": 0.0,
        "1": 0.0,
        "2": 0.9090909090909091,
        "3": 0.09090909090909091,
        "4": 0.0,
        "5": 0.0,
        "6": 0.0,
        "7": 0.0,
        "8": 0.0,
        "9": 0.0
      },
      "entropy_nat": 0.3046
    },
    "9": {
      "n": 2,
      "class_counts": {
        "0": 2,
        "1": 0,
        "2": 0,
        "3": 0,
        "4": 0,
        "5": 0,
        "6": 0,
        "7": 0,
        "8": 0,
        "9": 0
      },
      "class_density": {
        "0": 1.0,
        "1": 0.0,
        "2": 0.0,
        "3": 0.0,
        "4": 0.0,
        "5": 0.0,
        "6": 0.0,
        "7": 0.0,
        "8": 0.0,
        "9": 0.0
      },
      "entropy_nat": -0.0
    },
    "10": {
      "n": 190,
      "class_counts": {
        "0": 10,
        "1": 1,
        "2": 6,
        "3": 10,
        "4": 50,
        "5": 46,
        "6": 0,
        "7": 1,
        "8": 53,
        "9": 13
      },
      "class_density": {
        "0": 0.05263157894736842,
        "1": 0.005263157894736842,
        "2": 0.031578947368421054,
        "3": 0.05263157894736842,
        "4": 0.2631578947368421,
        "5": 0.24210526315789474,
        "6": 0.0,
        "7": 0.005263157894736842,
        "8": 0.2789473684210526,
        "9": 0.06842105263157895
      },
      "entropy_nat": 1.7087
    },
    "11": {
      "n": 46,
      "class_counts": {
        "0": 1,
        "1": 1,
        "2": 8,
        "3": 15,
        "4": 2,
        "5": 11,
        "6": 1,
        "7": 0,
        "8": 5,
        "9": 2
      },
      "class_density": {
        "0": 0.021739130434782608,
        "1": 0.021739130434782608,
        "2": 0.17391304347826086,
        "3": 0.32608695652173914,
        "4": 0.043478260869565216,
        "5": 0.2391304347826087,
        "6": 0.021739130434782608,
        "7": 0.0,
        "8": 0.10869565217391304,
        "9": 0.043478260869565216
      },
      "entropy_nat": 1.7753
    },
    "12": {
      "n": 0,
      "class_counts": {
        "0": 0,
        "1": 0,
        "2": 0,
        "3": 0,
        "4": 0,
        "5": 0,
        "6": 0,
        "7": 0,
        "8": 0,
        "9": 0
      },
      "class_density": {
        "0": 0.0,
        "1": 0.0,
        "2": 0.0,
        "3": 0.0,
        "4": 0.0,
        "5": 0.0,
        "6": 0.0,
        "7": 0.0,
        "8": 0.0,
        "9": 0.0
      },
      "entropy_nat": 0.0
    },
    "13": {
      "n": 46,
      "class_counts": {
        "0": 18,
        "1": 0,
        "2": 5,
        "3": 7,
        "4": 0,
        "5": 12,
        "6": 0,
        "7": 0,
        "8": 4,
        "9": 0
      },
      "class_density": {
        "0": 0.391304347826087,
        "1": 0.0,
        "2": 0.10869565217391304,
        "3": 0.15217391304347827,
        "4": 0.0,
        "5": 0.2608695652173913,
        "6": 0.0,
        "7": 0.0,
        "8": 0.08695652173913043,
        "9": 0.0
      },
      "entropy_nat": 1.4578
    },
    "14": {
      "n": 23,
      "class_counts": {
        "0": 1,
        "1": 8,
        "2": 8,
        "3": 4,
        "4": 0,
        "5": 0,
        "6": 0,
        "7": 0,
        "8": 2,
        "9": 0
      },
      "class_density": {
        "0": 0.043478260869565216,
        "1": 0.34782608695652173,
        "2": 0.34782608695652173,
        "3": 0.17391304347826086,
        "4": 0.0,
        "5": 0.0,
        "6": 0.0,
        "7": 0.0,