{
  "n_samples": 2000,
  "per_cluster": {
    "0": {
      "n": 0,
      "class_counts": {
        "0": 0,
        "1": 0,
        "2": 0,
        "3": 0,
        "4": 0,
        "5": 0,
        "6": 0,
        "7": 0,
        "8": 0,
        "9": 0
      },
      "class_density": {
        "0": 0.0,
        "1": 0.0,
        "2": 0.0,
        "3": 0.0,
        "4": 0.0,
        "5": 0.0,
        "6": 0.0,
        "7": 0.0,
        "8": 0.0,
        "9": 0.0
      },
      "entropy_nat": 0.0
    },
    "1": {
      "n": 398,
      "class_counts": {
        "0": 85,
        "1": 9,
        "2": 36,
        "3": 48,
        "4": 35,
        "5": 48,
        "6": 86,
        "7": 10,
        "8": 29,
        "9": 12
      },
      "class_density": {
        "0": 0.2135678391959799,
        "1": 0.022613065326633167,
        "2": 0.09045226130653267,
        "3": 0.12060301507537688,
        "4": 0.08793969849246232,
        "5": 0.12060301507537688,
        "6": 0.21608040201005024,
        "7": 0.02512562814070352,
        "8": 0.0728643216080402,
        "9": 0.03015075376884422
      },
      "entropy_nat": 2.0768
    },
    "2": {
      "n": 0,
      "class_counts": {
        "0": 0,
        "1": 0,
        "2": 0,
        "3": 0,
        "4": 0,
        "5": 0,
        "6": 0,
        "7": 0,
        "8": 0,
        "9": 0
      },
      "class_density": {
        "0": 0.0,
        "1": 0.0,
        "2": 0.0,
        "3": 0.0,
        "4": 0.0,
        "5": 0.0,
        "6": 0.0,
        "7": 0.0,
        "8": 0.0,
        "9": 0.0
      },
      "entropy_nat": 0.0
    },
    "3": {
      "n": 0,
      "class_counts": {
        "0": 0,
        "1": 0,
        "2": 0,
        "3": 0,
        "4": 0,
        "5": 0,
        "6": 0,
        "7": 0,
        "8": 0,
        "9": 0
      },
      "class_density": {
        "0": 0.0,
        "1": 0.0,
        "2": 0.0,
        "3": 0.0,
        "4": 0.0,
        "5": 0.0,
        "6": 0.0,
        "7": 0.0,
        "8": 0.0,
        "9": 0.0
      },
      "entropy_nat": 0.0
    },
    "4": {
      "n": 158,
      "class_counts": {
        "0": 1,
        "1": 52,
        "2": 0,
        "3": 4,
        "4": 31,
        "5": 41,
        "6": 1,
        "7": 4,
        "8": 18,
        "9": 6
      },
      "class_density": {
        "0": 0.006329113924050633,
        "1": 0.3291139240506329,
        "2": 0.0,
        "3": 0.02531645569620253,
        "4": 0.1962025316455696,
        "5": 0.25949367088607594,
        "6": 0.006329113924050633,
        "7": 0.02531645569620253,
        "8": 0.11392405063291139,
        "9": 0.0379746835443038
      },
      "entropy_nat": 1.6573
    },
    "5": {
      "n": 0,
      "class_counts": {
        "0": 0,
        "1": 0,
        "2": 0,
        "3": 0,
        "4": 0,
        "5": 0,
        "6": 0,
        "7": 0,
        "8": 0,
        "9": 0
      },
      "class_density": {
        "0": 0.0,
        "1": 0.0,
        "2": 0.0,
        "3": 0.0,
        "4": 0.0,
        "5": 0.0,
        "6": 0.0,
        "7": 0.0,
        "8": 0.0,
        "9": 0.0
      },
      "entropy_nat": 0.0
    },
    "6": {
      "n": 0,
      "class_counts": {
        "0": 0,
        "1": 0,
        "2": 0,
        "3": 0,
        "4": 0,
        "5": 0,
        "6": 0,
        "7": 0,
        "8": 0,
        "9": 0
      },
      "class_density": {
        "0": 0.0,
        "1": 0.0,
        "2": 0.0,
        "3": 0.0,
        "4": 0.0,
        "5": 0.0,
        "6": 0.0,
        "7": 0.0,
        "8": 0.0,
        "9": 0.0
      },
      "entropy_nat": 0.0
    },
    "7": {
      "n": 0,
      "class_counts": {
        "0": 0,
        "1": 0,
        "2": 0,
        "3": 0,
        "4": 0,
        "5": 0,
        "6": 0,
        "7": 0,
        "8": 0,
        "9": 0
      },
      "class_density": {
        "0": 0.0,
        "1": 0.0,
        "2": 0.0,
        "3": 0.0,
        "4": 0.0,
        "5": 0.0,
        "6": 0.0,
        "7": 0.0,
        "8": 0.0,
        "9": 0.0
      },
      "entropy_nat": 0.0
    },
    "8": {
      "n": 0,
      "class_counts": {
        "0": 0,
        "1": 0,
        "2": 0,
        "3": 0,
        "4": 0,
        "5": 0,
        "6": 0,
        "7": 0,
        "8": 0,
        "9": 0
      },
      "class_density": {
        "0": 0.0,
        "1": 0.0,
        "2": 0.0,
        "3": 0.0,
        "4": 0.0,
        "5": 0.0,
        "6": 0.0,
        "7": 0.0,
        "8": 0.0,
        "9": 0.0
      },
      "entropy_nat": 0.0
    },
    "9": {
      "n": 0,
      "class_counts": {
        "0": 0,
        "1": 0,
        "2": 0,
        "3": 0,
        "4": 0,
        "5": 0,
        "6": 0,
        "7": 0,
        "8": 0,
        "9": 0
      },
      "class_density": {
        "0": 0.0,
        "1": 0.0,
        "2": 0.0,
        "3": 0.0,
        "4": 0.0,
        "5": 0.0,
        "6": 0.0,
        "7": 0.0,
        "8": 0.0,
        "9": 0.0
      },
      "entropy_nat": 0.0
    },
    "10": {
      "n": 0,
      "class_counts": {
        "0": 0,
        "1": 0,
        "2": 0,
        "3": 0,
        "4": 0,
        "5": 0,
        "6": 0,
        "7": 0,
        "8": 0,
        "9": 0
      },
      "class_density": {
        "0": 0.0,
        "1": 0.0,
        "2": 0.0,
        "3": 0.0,
        "4": 0.0,
        "5": 0.0,
        "6": 0.0,
        "7": 0.0,
        "8": 0.0,
        "9": 0.0
      },
      "entropy_nat": 0.0
    },
    "11": {
      "n": 0,
      "class_counts": {
        "0": 0,
        "1": 0,
        "2": 0,
        "3": 0,
        "4": 0,
        "5": 0,
        "6": 0,
        "7": 0,
        "8": 0,
        "9": 0
      },
      "class_density": {
        "0": 0.0,
        "1": 0.0,
        "2": 0.0,
        "3": 0.0,
        "4": 0.0,
        "5": 0.0,
        "6": 0.0,
        "7": 0.0,
        "8": 0.0,
        "9": 0.0
      },
      "entropy_nat": 0.0
    },
    "12": {
      "n": 105,
      "class_counts": {
        "0": 4,
        "1": 68,
        "2": 13,
        "3": 2,
        "4": 2,
        "5": 7,
        "6": 4,
        "7": 1,
        "8": 3,
        "9": 1
      },
      "class_density": {
        "0": 0.0380952380952381,
        "1": 0.6476190476190476,
        "2": 0.12380952380952381,
        "3": 0.01904761904761905,
        "4": 0.01904761904761905,
        "5": 0.06666666666666667,
        "6": 0.0380952380952381,
        "7": 0.009523809523809525,
        "8": 0.02857142857142857,
        "9": 0.009523809523809525
      },
      "entropy_nat": 1.3106
    },
    "13": {
      "n": 924,
      "class_counts": {
        "0": 18,
        "1": 22,
        "2": 120,
        "3": 119,
        "4": 110,
        "5": 94,
        "6": 19,
        "7": 166,
        "8": 107,
        "9": 149
      },
      "class_density": {
        "0": 0.01948051948051948,
        "1": 0.023809523809523808,
        "2": 0.12987012987012986,
        "3": 0.12878787878787878,
        "4": 0.11904761904761904,
        "5": 0.10173160173160173,
        "6": 0.020562770562770564,
        "7": 0.17965367965367965,
        "8": 0.11580086580086581,
        "9": 0.16125541125541126
      },
      "entropy_nat": 2.1128
    },
    "14": {
      "n": 0,
      "class_counts": {
        "0": 0,
        "1": 0,
        "2": 0,
        "3": 0,
        "4": 0,
        "5": 0,
        "6": 0,
        "7": 0,
        "8": 0,
        "9": 0
      },
      "class_density": {
        "0": 0.0,
        "1": 0.0,
        "2": 0.0,
        "3": 0.0,
        "4": 0.0,
        "5": 0.0,
        "6": 0.0,
        "7": 0.0,
        "8": 0.0,
        "9": 0.0
      },
      "entropy_nat": 0.0
    },
    "15": {
      "n": 219,
      "class_counts": {
        "0": 86,
        "1": 3,
        "2": 3,
        "3": 8,
        "4": 6,
        "5": 9,
        "6": 70,
        "7": 18,
        "8": 10,
        "9": 6
      },
      "class_density": {
        "0": 0.3926940639269406,
        "1": 0.0136986301369863,
        "2": 0.0136986301369863,