{
  "n_samples": 2000,
  "per_cluster": {
    "0": {
      "n": 23,
      "class_counts": {
        "0": 0,
        "1": 18,
        "2": 0,
        "3": 1,
        "4": 0,
        "5": 0,
        "6": 0,
        "7": 2,
        "8": 0,
        "9": 2
      },
      "class_density": {
        "0": 0.0,
        "1": 0.782608695652174,
        "2": 0.0,
        "3": 0.043478260869565216,
        "4": 0.0,
        "5": 0.0,
        "6": 0.0,
        "7": 0.08695652173913043,
        "8": 0.0,
        "9": 0.08695652173913043
      },
      "entropy_nat": 0.7529
    },
    "1": {
      "n": 22,
      "class_counts": {
        "0": 0,
        "1": 21,
        "2": 0,
        "3": 0,
        "4": 0,
        "5": 1,
        "6": 0,
        "7": 0,
        "8": 0,
        "9": 0
      },
      "class_density": {
        "0": 0.0,
        "1": 0.9545454545454546,
        "2": 0.0,
        "3": 0.0,
        "4": 0.0,
        "5": 0.045454545454545456,
        "6": 0.0,
        "7": 0.0,
        "8": 0.0,
        "9": 0.0
      },
      "entropy_nat": 0.1849
    },
    "2": {
      "n": 16,
      "class_counts": {
        "0": 0,
        "1": 16,
        "2": 0,
        "3": 0,
        "4": 0,
        "5": 0,
        "6": 0,
        "7": 0,
        "8": 0,
        "9": 0
      },
      "class_density": {
        "0": 0.0,
        "1": 1.0,
        "2": 0.0,
        "3": 0.0,
        "4": 0.0,
        "5": 0.0,
        "6": 0.0,
        "7": 0.0,
        "8": 0.0,
        "9": 0.0
      },
      "entropy_nat": -0.0
    },
    "3": {
      "n": 169,
      "class_counts": {
        "0": 5,
        "1": 5,
        "2": 6,
        "3": 5,
        "4": 40,
        "5": 14,
        "6": 12,
        "7": 5,
        "8": 12,
        "9": 65
      },
      "class_density": {
        "0": 0.029585798816568046,
        "1": 0.029585798816568046,
        "2": 0.03550295857988166,
        "3": 0.029585798816568046,
        "4": 0.23668639053254437,
        "5": 0.08284023668639054,
        "6": 0.07100591715976332,
        "7": 0.029585798816568046,
        "8": 0.07100591715976332,
        "9": 0.38461538461538464
      },
      "entropy_nat": 1.8257
    },
    "4": {
      "n": 0,
      "class_counts": {
        "0": 0,
        "1": 0,
        "2": 0,
        "3": 0,
        "4": 0,
        "5": 0,
        "6": 0,
        "7": 0,
        "8": 0,
        "9": 0
      },
      "class_density": {
        "0": 0.0,
        "1": 0.0,
        "2": 0.0,
        "3": 0.0,
        "4": 0.0,
        "5": 0.0,
        "6": 0.0,
        "7": 0.0,
        "8": 0.0,
        "9": 0.0
      },
      "entropy_nat": 0.0
    },
    "5": {
      "n": 2,
      "class_counts": {
        "0": 0,
        "1": 2,
        "2": 0,
        "3": 0,
        "4": 0,
        "5": 0,
        "6": 0,
        "7": 0,
        "8": 0,
        "9": 0
      },
      "class_density": {
        "0": 0.0,
        "1": 1.0,
        "2": 0.0,
        "3": 0.0,
        "4": 0.0,
        "5": 0.0,
        "6": 0.0,
        "7": 0.0,
        "8": 0.0,
        "9": 0.0
      },
      "entropy_nat": -0.0
    },
    "6": {
      "n": 42,
      "class_counts": {
        "0": 0,
        "1": 19,
        "2": 1,
        "3": 0,
        "4": 0,
        "5": 0,
        "6": 0,
        "7": 22,
        "8": 0,
        "9": 0
      },
      "class_density": {
        "0": 0.0,
        "1": 0.4523809523809524,
        "2": 0.023809523809523808,
        "3": 0.0,
        "4": 0.0,
        "5": 0.0,
        "6": 0.0,
        "7": 0.5238095238095238,
        "8": 0.0,
        "9": 0.0
      },
      "entropy_nat": 0.7865
    },
    "7": {
      "n": 88,
      "class_counts": {
        "0": 53,
        "1": 0,
        "2": 1,
        "3": 4,
        "4": 0,
        "5": 25,
        "6": 0,
        "7": 3,
        "8": 1,
        "9": 1
      },
      "class_density": {
        "0": 0.6022727272727273,
        "1": 0.0,
        "2": 0.011363636363636364,
        "3": 0.045454545454545456,
        "4": 0.0,
        "5": 0.2840909090909091,
        "6": 0.0,
        "7": 0.03409090909090909,
        "8": 0.011363636363636364,
        "9": 0.011363636363636364
      },
      "entropy_nat": 1.0712
    },
    "8": {
      "n": 1,
      "class_counts": {
        "0": 0,
        "1": 1,
        "2": 0,
        "3": 0,
        "4": 0,
        "5": 0,
        "6": 0,
        "7": 0,
        "8": 0,
        "9": 0
      },
      "class_density": {
        "0": 0.0,
        "1": 1.0,
        "2": 0.0,
        "3": 0.0,
        "4": 0.0,
        "5": 0.0,
        "6": 0.0,
        "7": 0.0,
        "8": 0.0,
        "9": 0.0
      },
      "entropy_nat": -0.0
    },
    "9": {
      "n": 0,
      "class_counts": {
        "0": 0,
        "1": 0,
        "2": 0,
        "3": 0,
        "4": 0,
        "5": 0,
        "6": 0,
        "7": 0,
        "8": 0,
        "9": 0
      },
      "class_density": {
        "0": 0.0,
        "1": 0.0,
        "2": 0.0,
        "3": 0.0,
        "4": 0.0,
        "5": 0.0,
        "6": 0.0,
        "7": 0.0,
        "8": 0.0,
        "9": 0.0
      },
      "entropy_nat": 0.0
    },
    "10": {
      "n": 7,
      "class_counts": {
        "0": 0,
        "1": 7,
        "2": 0,
        "3": 0,
        "4": 0,
        "5": 0,
        "6": 0,
        "7": 0,
        "8": 0,
        "9": 0
      },
      "class_density": {
        "0": 0.0,
        "1": 1.0,
        "2": 0.0,
        "3": 0.0,
        "4": 0.0,
        "5": 0.0,
        "6": 0.0,
        "7": 0.0,
        "8": 0.0,
        "9": 0.0
      },
      "entropy_nat": -0.0
    },
    "11": {
      "n": 13,
      "class_counts": {
        "0": 12,
        "1": 0,
        "2": 0,
        "3": 0,
        "4": 0,
        "5": 0,
        "6": 0,
        "7": 0,
        "8": 1,
        "9": 0
      },
      "class_density": {
        "0": 0.9230769230769231,
        "1": 0.0,
        "2": 0.0,
        "3": 0.0,
        "4": 0.0,
        "5": 0.0,
        "6": 0.0,
        "7": 0.0,
        "8": 0.07692307692307693,
        "9": 0.0
      },
      "entropy_nat": 0.2712
    },
    "12": {
      "n": 0,
      "class_counts": {
        "0": 0,
        "1": 0,
        "2": 0,
        "3": 0,
        "4": 0,
        "5": 0,
        "6": 0,
        "7": 0,
        "8": 0,
        "9": 0
      },
      "class_density": {
        "0": 0.0,
        "1": 0.0,
        "2": 0.0,
        "3": 0.0,
        "4": 0.0,
        "5": 0.0,
        "6": 0.0,
        "7": 0.0,
        "8": 0.0,
        "9": 0.0
      },
      "entropy_nat": 0.0
    },
    "13": {
      "n": 4,
      "class_counts": {
        "0": 0,
        "1": 4,
        "2": 0,
        "3": 0,
        "4": 0,
        "5": 0,
        "6": 0,
        "7": 0,
        "8": 0,
        "9": 0
      },
      "class_density": {
        "0": 0.0,
        "1": 1.0,
        "2": 0.0,
        "3": 0.0,
        "4": 0.0,
        "5": 0.0,
        "6": 0.0,
        "7": 0.0,
        "8": 0.0,
        "9": 0.0
      },
      "entropy_nat": -0.0
    },
    "14": {
      "n": 0,
      "class_counts": {
        "0": 0,
        "1": 0,
        "2": 0,
        "3": 0,
        "4": 0,
        "5": 0,
        "6": 0,
        "7": 0,
        "8": 0,
        "9": 0
      },
      "class_density": {
        "0": 0.0,
        "1": 0.0,
        "2": 0.0,
        "3": 0.0,
        "4": 0.0,
        "5": 0.0,
        "6": 0.0,
        "7": 0.0,
        "8": 0.0,
        "9": 0.0
      },
      "entropy_nat": 0.0
    },
    "15": {
      "n": 33,
      "class_counts": {
        "0": 0,
        "1": 11,
        "2": 0,
        "3": 1,
        "4": 8,
        "5": 10,
        "6": 2,
        "7": 0,
        "8": 0,
        "9": 1
      },
      "class_density": {
        "0": 0.0,
        "1": 0.3333333333333333,
        "2": 0.0,
        "3": 0.030303030303030304,
        "4": 0.24242424242424243,
        "5": 0.30303030303030304,
        "6": 0.06060606060606061,
        "7": 0.0,
        "8": 0.0,