{
  "macro_svdd_auc": 0.910886058262865,
  "per_digit_svdd_auc": {
    "0": 0.9824206560213777,
    "1": 0.9980449435486867,
    "2": 0.7798328181446325,
    "3": 0.8889382955859666,
    "4": 0.8304321253017907,
    "5": 0.9133707029718566,
    "6": 0.9626046296480293,
    "7": 0.9412550851627982,
    "8": 0.8959082102449166,
    "9": 0.916053115998594
  },
  "csv": "D:\\Doctorate\\EngineCheck\\oasplTurbojet\\SampleSvDD\\samplesvdd\\hySpCheck\\runs\\ablate_mnist_indep\\eval_hyperbolic\\global_top_anomalies.csv"
}