{
  "version": 2,
  "checkpoint_selection": "min_training_loss",
  "best_epoch": 20,
  "best_training_loss": 0.4171700450507077,
  "macro_auc_test_at_best_epoch": 0.5028357903785619,
  "per_digit_auc_at_best_epoch": {
    "0": 0.9213699921978435,
    "1": 0.3298095128500192,
    "2": 0.45365881669053326,
    "3": 0.5381960600316646,
    "4": 0.3691201270565827,
    "5": 0.4988868748167298,
    "6": 0.6440052098142102,
    "7": 0.23644926320922177,
    "8": 0.5794454660980346,
    "9": 0.45741658102077865
  },
  "macro_auc_test_pruned_active_spheres": 0.5014393059654413,
  "per_digit_auc_test_pruned_active_spheres": {
    "0": 0.9261122746580628,
    "1": 0.3759791075310063,
    "2": 0.5700898611957863,
    "3": 0.6098174052480865,
    "4": 0.2881456922373286,
    "5": 0.4766985154903443,
    "6": 0.581613979763864,
    "7": 0.24209660700704047,
    "8": 0.5524984765422818,
    "9": 0.39134113998061126
  },
  "curvature": 1.0,
  "n_spheres": 30,
  "train_normal_digits": [
    0
  ],
  "test_digits": [
    0,
    1,
    2,
    3,
    4,
    5,
    6,
    7,
    8,
    9
  ],
  "objective": "union-soft",
  "unsupervised": true,
  "ae_checkpoint": "samplesvdd/hySpUnsup/runs/my_v3_ae200_stage1/ae_stage1_ep200.pth",
  "prune": {
    "train_argmin_counts": [
      202,
      88,
      199,
      140,
      204,
      854,
      234,
      89,
      637,
      227,
      60,
      84,
      412,
      145,
      82,
      200,
      125,
      56,
      76,
      343,
      33,
      91,
      107,
      294,
      44,
      163,
      139,
      27,
      61,
      109
    ],
    "silhouette_mean_per_cluster_euclidean_z": {
      "0": null,
      "1": null,
      "2": null,
      "3": null,
      "4": null,
      "5": null,
      "6": null,
      "7": null,
      "8": null,
      "9": null,
      "10": null,
      "11": null,
      "12": null,
      "13": null,
      "14": null,
      "15": null,
      "16": null,
      "17": null,
      "18": null,
      "19": null,
      "20": null,
      "21": null,
      "22": null,
      "23": null,
      "24": null,
      "25": null,
      "26": null,
      "27": null,
      "28": null,
      "29": null
    },
    "active_cluster_mask": [
      true,
      true,
      true,
      true,
      true,
      true,
      true,
      true,
      true,
      true,
      true,
      true,
      true,
      true,
      true,
      true,
      true,
      true,
      true,
      true,
      false,
      true,
      true,
      true,
      false,
      true,
      true,
      false,
      true,
      true
    ]
  },
  "split_overloaded": {
    "enabled": true,
    "max_cluster_fraction": 0.2,
    "applied": false,
    "n_train": 5525,
    "cap_count": 1105,
    "counts_before": [
      202,
      88,
      199,
      167,
      204,
      879,
      257,
      110,
      637,
      234,
      60,
      84,
      412,
      145,
      82,
      200,
      125,
      56,
      76,
      343,
      0,
      91,
      107,
      294,
      0,
      163,
      140,
      0,
      61,
      109
    ],
    "overloaded_clusters": [],
    "spare_inactive_clusters": [
      20,
      24,
      27
    ],
    "splits": []
  },
  "hybrid_rebalance": {
    "enabled": true,
    "lb_min_cluster_members": 50,
    "ub_max_cluster_fraction": 0.2,
    "max_iters": 4,
    "hard_cap_enabled": true,
    "chaos_factor": 0.15,
    "iterations": [
      {
        "iter": 1,
        "lb": {
          "enabled": true,
          "counts": [
            202,
            88,
            199,
            140,
            204,
            854,
            234,
            89,
            637,
            227,
            60,
            84,
            412,
            145,
            82,
            200,
            125,
            56,
            76,
            343,
            33,
            91,
            107,
            294,
            44,
            163,
            139,
            27,
            61,
            109
          ],
          "active_before": [
            true,
            true,
            true,
            true,
            true,
            true,
            true,
            true,
            true,
            true,
            true,
            true,
            true,
            true,
            true,
            true,
            true,
            true,
            true,
            true,
            false,
            true,
            true,
            true,
            false,
            true,
            true,
            false,
            true,
            true
          ],
          "active_after": [
            true,
            true,
            true,
            true,
            true,
            true,
            true,
            true,
            true,
            true,
            true,
            true,
            true,
            true,
            true,
            true,
            true,
            true,
            true,
            true,
            false,
            true,
            true,
            true,
            false,
            true,
            true,
            false,
            true,
            true
          ],
          "changed": false
        },
        "ub": {
          "enabled": true,
          "max_cluster_fraction": 0.2,
          "applied": false,
          "n_train": 5525,
          "cap_count": 1105,
          "counts_before": [
            202,
            88,
            199,
            167,
            204,
            879,
            257,
            110,
            637,
            234,
            60,
            84,
            412,
            145,
            82,
            200,
            125,
            56,
            76,
            343,
            0,
            91,
            107,
            294,
            0,
            163,
            140,
            0,
            61,
            109
          ],
          "overloaded_clusters": [],
          "spare_inactive_clusters": [
            20,
            24,
            27
          ],
          "splits": []
        },
        "hard_cap": {
          "enabled": true,
          "max_cluster_fraction": 0.2,
          "chaos_factor": 0.15,
          "applied": false,
          "n_train": 5525,
          "cap_count": 1105,
          "counts_before": [
            202,
            88,
            199,
            167,
            204,
            879,
            257,
            110,
            637,
            234,
            60,
            84,
            412,
            145,
            82,
            200,
            125,
            56,
            76,
            343,
            0,
            91,
            107,
            294,
            0,
            163,
            140,
            0,
            61,
            109
          ],
          "counts_after": [
            202,
            88,
            199,
            167,
            204,
            879,
            257,
            110,
            637,
            234,
            60,
            84,
            412,
            145,
            82,
            200,
            125,
            56,
            76,
            343,
            0,
            91,
            107,
            294,
            0,
            163,
            140,
            0,
            61,
            109
          ],
          "overflow_reassigned": 0
        },
        "changed": false
      }
    ],
    "applied": false,
    "active_cluster_mask_after_hybrid": [
      true,
      true,
      true,
      true,
      true,
      true,
      true,
      true,
      true,
      true,
      true,
      true,
      true,
      true,
      true,
      true,
      true,
      true,
      true,
      true,
      false,
      true,
      true,
      true,
      false,
      true,
      true,
      false,
      true,
      true
    ]
  },
  "union_test_metrics_active_spheres": {
    "union_frac_inside": 0.09193837334288785,