{
  "version": 2,
  "checkpoint_selection": "min_training_loss",
  "best_epoch": 20,
  "best_training_loss": 0.6582812206311659,
  "macro_auc_test_at_best_epoch": 0.5003249395483138,
  "per_digit_auc_at_best_epoch": {
    "0": 0.3130989159030012,
    "1": 0.3544062907556579,
    "2": 0.7292245112078377,
    "3": 0.6378157765131154,
    "4": 0.4824415709557034,
    "5": 0.32172352944892985,
    "6": 0.61239464773442,
    "7": 0.4146853062075948,
    "8": 0.6918883849794719,
    "9": 0.4455704617774059
  },
  "macro_auc_test_pruned_active_spheres": 0.499987534976006,
  "per_digit_auc_test_pruned_active_spheres": {
    "0": 0.3165306068752912,
    "1": 0.3834663342283595,
    "2": 0.7446513164424153,
    "3": 0.650654415986317,
    "4": 0.46298012967344854,
    "5": 0.32269666615585324,
    "6": 0.7420675839845601,
    "7": 0.33306956659609177,
    "8": 0.6616109426749164,
    "9": 0.38214778714280806
  },
  "curvature": 1.0,
  "n_spheres": 30,
  "geometry": "hyperbolic",
  "train_normal_digits": [
    2
  ],
  "test_digits": [
    0,
    1,
    2,
    3,
    4,
    5,
    6,
    7,
    8,
    9
  ],
  "objective": "union-soft",
  "unsupervised": true,
  "ae_checkpoint": "samplesvdd/hySpUnsup/runs/my_v3_ae200_stage1/ae_stage1_ep200.pth",
  "prune": {
    "train_argmin_counts": [
      486,
      572,
      265,
      147,
      78,
      57,
      25,
      439,
      550,
      68,
      78,
      270,
      56,
      80,
      68,
      25,
      729,
      16,
      171,
      418,
      31,
      28,
      192,
      25,
      401,
      94,
      30,
      101,
      41,
      44
    ],
    "silhouette_mean_per_cluster_euclidean_z": {
      "0": null,
      "1": null,
      "2": null,
      "3": null,
      "4": null,
      "5": null,
      "6": null,
      "7": null,
      "8": null,
      "9": null,
      "10": null,
      "11": null,
      "12": null,
      "13": null,
      "14": null,
      "15": null,
      "16": null,
      "17": null,
      "18": null,
      "19": null,
      "20": null,
      "21": null,
      "22": null,
      "23": null,
      "24": null,
      "25": null,
      "26": null,
      "27": null,
      "28": null,
      "29": null
    },
    "active_cluster_mask": [
      true,
      true,
      true,
      true,
      true,
      true,
      false,
      true,
      true,
      true,
      true,
      true,
      true,
      true,
      true,
      false,
      true,
      false,
      true,
      true,
      false,
      false,
      true,
      false,
      true,
      true,
      false,
      true,
      false,
      false
    ]
  },
  "split_overloaded": {
    "enabled": true,
    "max_cluster_fraction": 0.2,
    "applied": false,
    "n_train": 5585,
    "cap_count": 1117,
    "counts_before": [
      595,
      596,
      275,
      148,
      83,
      57,
      0,
      439,
      564,
      69,
      78,
      308,
      67,
      80,
      68,
      0,
      753,
      0,
      171,
      421,
      0,
      0,
      199,
      0,
      408,
      105,
      0,
      101,
      0,
      0
    ],
    "overloaded_clusters": [],
    "spare_inactive_clusters": [
      6,
      15,
      17,
      20,
      21,
      23,
      26,
      28,
      29
    ],
    "splits": []
  },
  "hybrid_rebalance": {
    "enabled": true,
    "lb_min_cluster_members": 50,
    "ub_max_cluster_fraction": 0.2,
    "max_iters": 4,
    "hard_cap_enabled": true,
    "chaos_factor": 0.15,
    "iterations": [
      {
        "iter": 1,
        "lb": {
          "enabled": true,
          "counts": [
            486,
            572,
            265,
            147,
            78,
            57,
            25,
            439,
            550,
            68,
            78,
            270,
            56,
            80,
            68,
            25,
            729,
            16,
            171,
            418,
            31,
            28,
            192,
            25,
            401,
            94,
            30,
            101,
            41,
            44
          ],
          "active_before": [
            true,
            true,
            true,
            true,
            true,
            true,
            false,
            true,
            true,
            true,
            true,
            true,
            true,
            true,
            true,
            false,
            true,
            false,
            true,
            true,
            false,
            false,
            true,
            false,
            true,
            true,
            false,
            true,
            false,
            false
          ],
          "active_after": [
            true,
            true,
            true,
            true,
            true,
            true,
            false,
            true,
            true,
            true,
            true,
            true,
            true,
            true,
            true,
            false,
            true,
            false,
            true,
            true,
            false,
            false,
            true,
            false,
            true,
            true,
            false,
            true,
            false,
            false
          ],
          "changed": false
        },
        "ub": {
          "enabled": true,
          "max_cluster_fraction": 0.2,
          "applied": false,
          "n_train": 5585,
          "cap_count": 1117,
          "counts_before": [
            595,
            596,
            275,
            148,
            83,
            57,
            0,
            439,
            564,
            69,
            78,
            308,
            67,
            80,
            68,
            0,
            753,
            0,
            171,
            421,
            0,
            0,
            199,
            0,
            408,
            105,
            0,
            101,
            0,
            0
          ],
          "overloaded_clusters": [],
          "spare_inactive_clusters": [
            6,
            15,
            17,
            20,
            21,
            23,
            26,
            28,
            29
          ],
          "splits": []
        },
        "hard_cap": {
          "enabled": true,
          "max_cluster_fraction": 0.2,
          "chaos_factor": 0.15,
          "applied": false,
          "n_train": 5585,
          "cap_count": 1117,
          "counts_before": [
            595,
            596,
            275,
            148,
            83,
            57,
            0,
            439,
            564,
            69,
            78,
            308,
            67,
            80,
            68,
            0,
            753,
            0,
            171,
            421,
            0,
            0,
            199,
            0,
            408,
            105,
            0,
            101,
            0,
            0
          ],
          "counts_after": [
            595,
            596,
            275,
            148,
            83,
            57,
            0,
            439,
            564,
            69,
            78,
            308,
            67,
            80,
            68,
            0,
            753,
            0,
            171,
            421,
            0,
            0,
            199,
            0,
            408,
            105,
            0,
            101,
            0,
            0
          ],
          "overflow_reassigned": 0
        },
        "changed": false
      }
    ],
    "applied": false,