{
  "n_samples": 2000,
  "per_cluster": {
    "0": {
      "n": 67,
      "class_counts": {
        "0": 1,
        "1": 6,
        "2": 28,
        "3": 23,
        "4": 0,
        "5": 3,
        "6": 0,
        "7": 1,
        "8": 5,
        "9": 0
      },
      "class_density": {
        "0": 0.014925373134328358,
        "1": 0.08955223880597014,
        "2": 0.417910447761194,
        "3": 0.34328358208955223,
        "4": 0.0,
        "5": 0.04477611940298507,
        "6": 0.0,
        "7": 0.014925373134328358,
        "8": 0.07462686567164178,
        "9": 0.0
      },
      "entropy_nat": 1.406
    },
    "1": {
      "n": 45,
      "class_counts": {
        "0": 3,
        "1": 0,
        "2": 24,
        "3": 15,
        "4": 2,
        "5": 0,
        "6": 0,
        "7": 0,
        "8": 1,
        "9": 0
      },
      "class_density": {
        "0": 0.06666666666666667,
        "1": 0.0,
        "2": 0.5333333333333333,
        "3": 0.3333333333333333,
        "4": 0.044444444444444446,
        "5": 0.0,
        "6": 0.0,
        "7": 0.0,
        "8": 0.022222222222222223,
        "9": 0.0
      },
      "entropy_nat": 1.105
    },
    "2": {
      "n": 59,
      "class_counts": {
        "0": 4,
        "1": 0,
        "2": 9,
        "3": 28,
        "4": 0,
        "5": 9,
        "6": 1,
        "7": 0,
        "8": 8,
        "9": 0
      },
      "class_density": {
        "0": 0.06779661016949153,
        "1": 0.0,
        "2": 0.15254237288135594,
        "3": 0.4745762711864407,
        "4": 0.0,
        "5": 0.15254237288135594,
        "6": 0.01694915254237288,
        "7": 0.0,
        "8": 0.13559322033898305,
        "9": 0.0
      },
      "entropy_nat": 1.4499
    },
    "3": {
      "n": 36,
      "class_counts": {
        "0": 0,
        "1": 0,
        "2": 4,
        "3": 8,
        "4": 0,
        "5": 3,
        "6": 0,
        "7": 3,
        "8": 13,
        "9": 5
      },
      "class_density": {
        "0": 0.0,
        "1": 0.0,
        "2": 0.1111111111111111,
        "3": 0.2222222222222222,
        "4": 0.0,
        "5": 0.08333333333333333,
        "6": 0.0,
        "7": 0.08333333333333333,
        "8": 0.3611111111111111,
        "9": 0.1388888888888889
      },
      "entropy_nat": 1.6345
    },
    "4": {
      "n": 0,
      "class_counts": {
        "0": 0,
        "1": 0,
        "2": 0,
        "3": 0,
        "4": 0,
        "5": 0,
        "6": 0,
        "7": 0,
        "8": 0,
        "9": 0
      },
      "class_density": {
        "0": 0.0,
        "1": 0.0,
        "2": 0.0,
        "3": 0.0,
        "4": 0.0,
        "5": 0.0,
        "6": 0.0,
        "7": 0.0,
        "8": 0.0,
        "9": 0.0
      },
      "entropy_nat": 0.0
    },
    "5": {
      "n": 2,
      "class_counts": {
        "0": 0,
        "1": 0,
        "2": 1,
        "3": 1,
        "4": 0,
        "5": 0,
        "6": 0,
        "7": 0,
        "8": 0,
        "9": 0
      },
      "class_density": {
        "0": 0.0,
        "1": 0.0,
        "2": 0.5,
        "3": 0.5,
        "4": 0.0,
        "5": 0.0,
        "6": 0.0,
        "7": 0.0,
        "8": 0.0,
        "9": 0.0
      },
      "entropy_nat": 0.6931
    },
    "6": {
      "n": 0,
      "class_counts": {
        "0": 0,
        "1": 0,
        "2": 0,
        "3": 0,
        "4": 0,
        "5": 0,
        "6": 0,
        "7": 0,
        "8": 0,
        "9": 0
      },
      "class_density": {
        "0": 0.0,
        "1": 0.0,
        "2": 0.0,
        "3": 0.0,
        "4": 0.0,
        "5": 0.0,
        "6": 0.0,
        "7": 0.0,
        "8": 0.0,
        "9": 0.0
      },
      "entropy_nat": 0.0
    },
    "7": {
      "n": 123,
      "class_counts": {
        "0": 20,
        "1": 7,
        "2": 16,
        "3": 23,
        "4": 2,
        "5": 43,
        "6": 4,
        "7": 0,
        "8": 7,
        "9": 1
      },
      "class_density": {
        "0": 0.16260162601626016,
        "1": 0.056910569105691054,
        "2": 0.13008130081300814,
        "3": 0.18699186991869918,
        "4": 0.016260162601626018,
        "5": 0.34959349593495936,
        "6": 0.032520325203252036,
        "7": 0.0,
        "8": 0.056910569105691054,
        "9": 0.008130081300813009
      },
      "entropy_nat": 1.7854
    },
    "8": {
      "n": 40,
      "class_counts": {
        "0": 1,
        "1": 1,
        "2": 23,
        "3": 13,
        "4": 0,
        "5": 1,
        "6": 1,
        "7": 0,
        "8": 0,
        "9": 0
      },
      "class_density": {
        "0": 0.025,
        "1": 0.025,
        "2": 0.575,
        "3": 0.325,
        "4": 0.0,
        "5": 0.025,
        "6": 0.025,
        "7": 0.0,
        "8": 0.0,
        "9": 0.0
      },
      "entropy_nat": 1.0524
    },
    "9": {
      "n": 13,
      "class_counts": {
        "0": 3,
        "1": 0,
        "2": 2,
        "3": 6,
        "4": 0,
        "5": 1,
        "6": 0,
        "7": 0,
        "8": 1,
        "9": 0
      },
      "class_density": {
        "0": 0.23076923076923078,
        "1": 0.0,
        "2": 0.15384615384615385,
        "3": 0.46153846153846156,
        "4": 0.0,
        "5": 0.07692307692307693,
        "6": 0.0,
        "7": 0.0,
        "8": 0.07692307692307693,
        "9": 0.0
      },
      "entropy_nat": 1.3778
    },
    "10": {
      "n": 4,
      "class_counts": {
        "0": 0,
        "1": 0,
        "2": 2,
        "3": 0,
        "4": 0,
        "5": 0,
        "6": 0,
        "7": 1,
        "8": 1,
        "9": 0
      },
      "class_density": {
        "0": 0.0,
        "1": 0.0,
        "2": 0.5,
        "3": 0.0,
        "4": 0.0,
        "5": 0.0,
        "6": 0.0,
        "7": 0.25,
        "8": 0.25,
        "9": 0.0
      },
      "entropy_nat": 1.0397
    },
    "11": {
      "n": 10,
      "class_counts": {
        "0": 0,
        "1": 0,
        "2": 10,
        "3": 0,
        "4": 0,
        "5": 0,
        "6": 0,
        "7": 0,
        "8": 0,
        "9": 0
      },
      "class_density": {
        "0": 0.0,
        "1": 0.0,
        "2": 1.0,
        "3": 0.0,
        "4": 0.0,
        "5": 0.0,
        "6": 0.0,
        "7": 0.0,
        "8": 0.0,
        "9": 0.0
      },
      "entropy_nat": -0.0
    },
    "12": {
      "n": 6,
      "class_counts": {
        "0": 0,
        "1": 0,
        "2": 6,
        "3": 0,
        "4": 0,
        "5": 0,
        "6": 0,
        "7": 0,
        "8": 0,
        "9": 0
      },
      "class_density": {
        "0": 0.0,
        "1": 0.0,
        "2": 1.0,
        "3": 0.0,
        "4": 0.0,
        "5": 0.0,
        "6": 0.0,
        "7": 0.0,
        "8": 0.0,
        "9": 0.0
      },
      "entropy_nat": -0.0
    },
    "13": {
      "n": 4,
      "class_counts": {
        "0": 0,
        "1": 0,
        "2": 1,
        "3": 1,
        "4": 0,
        "5": 1,
        "6": 0,
        "7": 0,
        "8": 1,
        "9": 0
      },
      "class_density": {
        "0": 0.0,
        "1": 0.0,
        "2": 0.25,
        "3": 0.25,
        "4": 0.0,
        "5": 0.25,
        "6": 0.0,
        "7": 0.0,
        "8": 0.25,
        "9": 0.0
      },
      "entropy_nat": 1.3863
    },
    "14": {
      "n": 31,
      "class_counts": {
        "0": 0,
        "1": 0,
        "2": 1,
        "3": 1,
        "4": 8,
        "5": 12,
        "6": 0,
        "7": 0,
        "8": 7,
        "9": 2
      },
      "class_density": {
        "0": 0.0,
        "1": 0.0,
        "2": 0.03225806451612903,
        "3": 0.03225806451612903,
        "4": 0.25806451612903225,
        "5": 0.3870967741935484,
        "6": 0.0,
        "7": 0.0,
        "8": 0.22580645161290322,
        "9": 0.06451612903225806
      },
      "entropy_nat": 1.4513
    },
    "15": {
      "n": 0,
      "class_counts": {
        "0": 0,
        "1": 0,
        "2": 0,
        "3": 0,
        "4": 0,
        "5": 0,
        "6": 0,
        "7": 0,
        "8": 0,
        "9": 0
      },