{
  "version": 2,
  "checkpoint_selection": "min_training_loss",
  "best_epoch": 20,
  "best_training_loss": 0.4175667586651715,
  "macro_auc_test_at_best_epoch": 0.505422354090362,
  "per_digit_auc_at_best_epoch": {
    "0": 0.9272865217026541,
    "1": 0.1884669223884414,
    "2": 0.38058121960556346,
    "3": 0.47149384796778393,
    "4": 0.44164979641771285,
    "5": 0.5610526910430789,
    "6": 0.5958765210848131,
    "7": 0.3309340504570647,
    "8": 0.6510619836043232,
    "9": 0.505819986632184
  },
  "macro_auc_test_pruned_active_spheres": 0.5050402735892531,
  "per_digit_auc_test_pruned_active_spheres": {
    "0": 0.9362115724178249,
    "1": 0.18547507991305462,
    "2": 0.5112401071869108,
    "3": 0.5328285619265021,
    "4": 0.3733231446269334,
    "5": 0.5574169549334974,
    "6": 0.5887274727231475,
    "7": 0.27723013528641394,
    "8": 0.6527110721541116,
    "9": 0.43523863472413465
  },
  "curvature": 1.0,
  "n_spheres": 30,
  "train_normal_digits": [
    0
  ],
  "test_digits": [
    0,
    1,
    2,
    3,
    4,
    5,
    6,
    7,
    8,
    9
  ],
  "objective": "union-soft",
  "unsupervised": true,
  "ae_checkpoint": "samplesvdd/hySpUnsup/runs/my_v3_ae200_stage1/ae_stage1_ep200.pth",
  "prune": {
    "train_argmin_counts": [
      87,
      147,
      780,
      57,
      166,
      358,
      304,
      107,
      40,
      69,
      37,
      79,
      108,
      755,
      73,
      73,
      63,
      106,
      147,
      191,
      108,
      36,
      255,
      121,
      53,
      79,
      28,
      951,
      16,
      131
    ],
    "silhouette_mean_per_cluster_euclidean_z": {
      "0": null,
      "1": null,
      "2": null,
      "3": null,
      "4": null,
      "5": null,
      "6": null,
      "7": null,
      "8": null,
      "9": null,
      "10": null,
      "11": null,
      "12": null,
      "13": null,
      "14": null,
      "15": null,
      "16": null,
      "17": null,
      "18": null,
      "19": null,
      "20": null,
      "21": null,
      "22": null,
      "23": null,
      "24": null,
      "25": null,
      "26": null,
      "27": null,
      "28": null,
      "29": null
    },
    "active_cluster_mask": [
      true,
      true,
      true,
      true,
      true,
      true,
      true,
      true,
      false,
      true,
      false,
      true,
      true,
      true,
      true,
      true,
      true,
      true,
      true,
      true,
      true,
      false,
      true,
      true,
      true,
      true,
      false,
      true,
      false,
      true
    ]
  },
  "split_overloaded": {
    "enabled": true,
    "max_cluster_fraction": 0.2,
    "applied": false,
    "n_train": 5525,
    "cap_count": 1105,
    "counts_before": [
      89,
      147,
      783,
      57,
      172,
      366,
      304,
      107,
      0,
      75,
      0,
      80,
      108,
      755,
      76,
      73,
      63,
      106,
      153,
      194,
      108,
      0,
      295,
      121,
      53,
      86,
      0,
      1000,
      0,
      154
    ],
    "overloaded_clusters": [],
    "spare_inactive_clusters": [
      8,
      10,
      21,
      26,
      28
    ],
    "splits": []
  },
  "hybrid_rebalance": {
    "enabled": true,
    "lb_min_cluster_members": 50,
    "ub_max_cluster_fraction": 0.2,
    "max_iters": 4,
    "hard_cap_enabled": true,
    "chaos_factor": 0.15,
    "iterations": [
      {
        "iter": 1,
        "lb": {
          "enabled": true,
          "counts": [
            87,
            147,
            780,
            57,
            166,
            358,
            304,
            107,
            40,
            69,
            37,
            79,
            108,
            755,
            73,
            73,
            63,
            106,
            147,
            191,
            108,
            36,
            255,
            121,
            53,
            79,
            28,
            951,
            16,
            131
          ],
          "active_before": [
            true,
            true,
            true,
            true,
            true,
            true,
            true,
            true,
            false,
            true,
            false,
            true,
            true,
            true,
            true,
            true,
            true,
            true,
            true,
            true,
            true,
            false,
            true,
            true,
            true,
            true,
            false,
            true,
            false,
            true
          ],
          "active_after": [
            true,
            true,
            true,
            true,
            true,
            true,
            true,
            true,
            false,
            true,
            false,
            true,
            true,
            true,
            true,
            true,
            true,
            true,
            true,
            true,
            true,
            false,
            true,
            true,
            true,
            true,
            false,
            true,
            false,
            true
          ],
          "changed": false
        },
        "ub": {
          "enabled": true,
          "max_cluster_fraction": 0.2,
          "applied": false,
          "n_train": 5525,
          "cap_count": 1105,
          "counts_before": [
            89,
            147,
            783,
            57,
            172,
            366,
            304,
            107,
            0,
            75,
            0,
            80,
            108,
            755,
            76,
            73,
            63,
            106,
            153,
            194,
            108,
            0,
            295,
            121,
            53,
            86,
            0,
            1000,
            0,
            154
          ],
          "overloaded_clusters": [],
          "spare_inactive_clusters": [
            8,
            10,
            21,
            26,
            28
          ],
          "splits": []
        },
        "hard_cap": {
          "enabled": true,
          "max_cluster_fraction": 0.2,
          "chaos_factor": 0.15,
          "applied": false,
          "n_train": 5525,
          "cap_count": 1105,
          "counts_before": [
            89,
            147,
            783,
            57,
            172,
            366,
            304,
            107,
            0,
            75,
            0,
            80,
            108,
            755,
            76,
            73,
            63,
            106,
            153,
            194,
            108,
            0,
            295,
            121,
            53,
            86,
            0,
            1000,
            0,
            154
          ],
          "counts_after": [
            89,
            147,
            783,
            57,
            172,
            366,
            304,
            107,
            0,
            75,
            0,
            80,
            108,
            755,
            76,
            73,
            63,
            106,
            153,
            194,
            108,
            0,
            295,
            121,
            53,
            86,
            0,
            1000,
            0,
            154
          ],
          "overflow_reassigned": 0
        },
        "changed": false
      }
    ],
    "applied": false,
    "active_cluster_mask_after_hybrid": [
      true,
      true,
      true,
      true,
      true,
      true,
      true,
      true,
      false,
      true,
      false,
      true,
      true,
      true,
      true,
      true,
      true,
      true,
      true,
      true,
      true,
      false,
      true,
      true,
      true,
      true,
      false,
      true,
      false,
      true
    ]
  },