{
  "n_samples": 2000,
  "per_cluster": {
    "0": {
      "n": 8,
      "class_counts": {
        "0": 5,
        "1": 0,
        "2": 0,
        "3": 0,
        "4": 0,
        "5": 0,
        "6": 0,
        "7": 0,
        "8": 2,
        "9": 1
      },
      "class_density": {
        "0": 0.625,
        "1": 0.0,
        "2": 0.0,
        "3": 0.0,
        "4": 0.0,
        "5": 0.0,
        "6": 0.0,
        "7": 0.0,
        "8": 0.25,
        "9": 0.125
      },
      "entropy_nat": 0.9003
    },
    "1": {
      "n": 199,
      "class_counts": {
        "0": 11,
        "1": 6,
        "2": 78,
        "3": 44,
        "4": 11,
        "5": 11,
        "6": 21,
        "7": 2,
        "8": 11,
        "9": 4
      },
      "class_density": {
        "0": 0.05527638190954774,
        "1": 0.03015075376884422,
        "2": 0.39195979899497485,
        "3": 0.22110552763819097,
        "4": 0.05527638190954774,
        "5": 0.05527638190954774,
        "6": 0.10552763819095477,
        "7": 0.010050251256281407,
        "8": 0.05527638190954774,
        "9": 0.020100502512562814
      },
      "entropy_nat": 1.8086
    },
    "2": {
      "n": 129,
      "class_counts": {
        "0": 20,
        "1": 8,
        "2": 27,
        "3": 47,
        "4": 0,
        "5": 15,
        "6": 2,
        "7": 2,
        "8": 7,
        "9": 1
      },
      "class_density": {
        "0": 0.15503875968992248,
        "1": 0.06201550387596899,
        "2": 0.20930232558139536,
        "3": 0.3643410852713178,
        "4": 0.0,
        "5": 0.11627906976744186,
        "6": 0.015503875968992248,
        "7": 0.015503875968992248,
        "8": 0.05426356589147287,
        "9": 0.007751937984496124
      },
      "entropy_nat": 1.7318
    },
    "3": {
      "n": 3,
      "class_counts": {
        "0": 1,
        "1": 0,
        "2": 2,
        "3": 0,
        "4": 0,
        "5": 0,
        "6": 0,
        "7": 0,
        "8": 0,
        "9": 0
      },
      "class_density": {
        "0": 0.3333333333333333,
        "1": 0.0,
        "2": 0.6666666666666666,
        "3": 0.0,
        "4": 0.0,
        "5": 0.0,
        "6": 0.0,
        "7": 0.0,
        "8": 0.0,
        "9": 0.0
      },
      "entropy_nat": 0.6365
    },
    "4": {
      "n": 6,
      "class_counts": {
        "0": 1,
        "1": 0,
        "2": 0,
        "3": 3,
        "4": 0,
        "5": 1,
        "6": 0,
        "7": 0,
        "8": 1,
        "9": 0
      },
      "class_density": {
        "0": 0.16666666666666666,
        "1": 0.0,
        "2": 0.0,
        "3": 0.5,
        "4": 0.0,
        "5": 0.16666666666666666,
        "6": 0.0,
        "7": 0.0,
        "8": 0.16666666666666666,
        "9": 0.0
      },
      "entropy_nat": 1.2425
    },
    "5": {
      "n": 7,
      "class_counts": {
        "0": 7,
        "1": 0,
        "2": 0,
        "3": 0,
        "4": 0,
        "5": 0,
        "6": 0,
        "7": 0,
        "8": 0,
        "9": 0
      },
      "class_density": {
        "0": 1.0,
        "1": 0.0,
        "2": 0.0,
        "3": 0.0,
        "4": 0.0,
        "5": 0.0,
        "6": 0.0,
        "7": 0.0,
        "8": 0.0,
        "9": 0.0
      },
      "entropy_nat": -0.0
    },
    "6": {
      "n": 9,
      "class_counts": {
        "0": 7,
        "1": 0,
        "2": 0,
        "3": 2,
        "4": 0,
        "5": 0,
        "6": 0,
        "7": 0,
        "8": 0,
        "9": 0
      },
      "class_density": {
        "0": 0.7777777777777778,
        "1": 0.0,
        "2": 0.0,
        "3": 0.2222222222222222,
        "4": 0.0,
        "5": 0.0,
        "6": 0.0,
        "7": 0.0,
        "8": 0.0,
        "9": 0.0
      },
      "entropy_nat": 0.5297
    },
    "7": {
      "n": 9,
      "class_counts": {
        "0": 2,
        "1": 0,
        "2": 0,
        "3": 1,
        "4": 0,
        "5": 1,
        "6": 0,
        "7": 0,
        "8": 4,
        "9": 1
      },
      "class_density": {
        "0": 0.2222222222222222,
        "1": 0.0,
        "2": 0.0,
        "3": 0.1111111111111111,
        "4": 0.0,
        "5": 0.1111111111111111,
        "6": 0.0,
        "7": 0.0,
        "8": 0.4444444444444444,
        "9": 0.1111111111111111
      },
      "entropy_nat": 1.4271
    },
    "8": {
      "n": 0,
      "class_counts": {
        "0": 0,
        "1": 0,
        "2": 0,
        "3": 0,
        "4": 0,
        "5": 0,
        "6": 0,
        "7": 0,
        "8": 0,
        "9": 0
      },
      "class_density": {
        "0": 0.0,
        "1": 0.0,
        "2": 0.0,
        "3": 0.0,
        "4": 0.0,
        "5": 0.0,
        "6": 0.0,
        "7": 0.0,
        "8": 0.0,
        "9": 0.0
      },
      "entropy_nat": 0.0
    },
    "9": {
      "n": 1,
      "class_counts": {
        "0": 1,
        "1": 0,
        "2": 0,
        "3": 0,
        "4": 0,
        "5": 0,
        "6": 0,
        "7": 0,
        "8": 0,
        "9": 0
      },
      "class_density": {
        "0": 1.0,
        "1": 0.0,
        "2": 0.0,
        "3": 0.0,
        "4": 0.0,
        "5": 0.0,
        "6": 0.0,
        "7": 0.0,
        "8": 0.0,
        "9": 0.0
      },
      "entropy_nat": -0.0
    },
    "10": {
      "n": 0,
      "class_counts": {
        "0": 0,
        "1": 0,
        "2": 0,
        "3": 0,
        "4": 0,
        "5": 0,
        "6": 0,
        "7": 0,
        "8": 0,
        "9": 0
      },
      "class_density": {
        "0": 0.0,
        "1": 0.0,
        "2": 0.0,
        "3": 0.0,
        "4": 0.0,
        "5": 0.0,
        "6": 0.0,
        "7": 0.0,
        "8": 0.0,
        "9": 0.0
      },
      "entropy_nat": 0.0
    },
    "11": {
      "n": 4,
      "class_counts": {
        "0": 4,
        "1": 0,
        "2": 0,
        "3": 0,
        "4": 0,
        "5": 0,
        "6": 0,
        "7": 0,
        "8": 0,
        "9": 0
      },
      "class_density": {
        "0": 1.0,
        "1": 0.0,
        "2": 0.0,
        "3": 0.0,
        "4": 0.0,
        "5": 0.0,
        "6": 0.0,
        "7": 0.0,
        "8": 0.0,
        "9": 0.0
      },
      "entropy_nat": -0.0
    },
    "12": {
      "n": 5,
      "class_counts": {
        "0": 3,
        "1": 0,
        "2": 0,
        "3": 2,
        "4": 0,
        "5": 0,
        "6": 0,
        "7": 0,
        "8": 0,
        "9": 0
      },
      "class_density": {
        "0": 0.6,
        "1": 0.0,
        "2": 0.0,
        "3": 0.4,
        "4": 0.0,
        "5": 0.0,
        "6": 0.0,
        "7": 0.0,
        "8": 0.0,
        "9": 0.0
      },
      "entropy_nat": 0.673
    },
    "13": {
      "n": 363,
      "class_counts": {
        "0": 46,
        "1": 93,
        "2": 23,
        "3": 13,
        "4": 4,
        "5": 42,
        "6": 104,
        "7": 32,
        "8": 6,
        "9": 0
      },
      "class_density": {
        "0": 0.12672176308539945,
        "1": 0.256198347107438,
        "2": 0.06336088154269973,
        "3": 0.03581267217630854,
        "4": 0.011019283746556474,
        "5": 0.11570247933884298,
        "6": 0.2865013774104683,
        "7": 0.0881542699724518,
        "8": 0.01652892561983471,
        "9": 0.0
      },
      "entropy_nat": 1.844
    },
    "14": {
      "n": 62,
      "class_counts": {
        "0": 6,
        "1": 0,
        "2": 3,
        "3": 1,
        "4": 14,
        "5": 27,
        "6": 2,
        "7": 0,
        "8": 9,
        "9": 0
      },
      "class_density": {
        "0": 0.0967741935483871,
        "1": 0.0,
        "2": 0.04838709677419355,
        "3": 0.016129032258064516,
        "4": 0.22580645161290322,
        "5": 0.43548387096774194,
        "6": 0.03225806451612903,
        "7": 0.0,
        "8": 0.14516129032258066,
        "9": 0.0
      },
      "entropy_nat": 1.5281
    },
    "15": {
      "n": 10,
      "class_counts": {
        "0": 5,
        "1": 0,
        "2": 3,
        "3": 2,
        "4": 0,
        "5": 0,
        "6": 0,
        "7": 0,
        "8": 0,