{
  "run_dir": "samplesvdd/hySpUnsup/runs/sensitivity_v3/grid_lb20_ub0p20",
  "checkpoint": "samplesvdd/hySpUnsup/runs/sensitivity_v3/grid_lb20_ub0p20/checkpoint_v2.pth",
  "n_spheres": 30,
  "curvature": 1.0,
  "objective": "union-soft",
  "active_cluster_mask": [
    true,
    true,
    true,
    true,
    false,
    false,
    true,
    true,
    true,
    true,
    true,
    true,
    true,
    true,
    false,
    true,
    false,
    true,
    true,
    true,
    true,
    false,
    true,
    true,
    true,
    true,
    true,
    false,
    true,
    true
  ],
  "train_macro_auc": 0.5009707816931852,
  "train_per_digit_auc": {
    "0": 0.21087342139486892,
    "1": 0.6667784448931493,
    "2": 0.398947267945998,
    "3": 0.301212675135578,
    "4": 0.6583808997767893,
    "5": 0.6483644849633478,
    "6": 0.8434391109680843,
    "7": 0.3410558756836405,
    "8": 0.449958829211929,
    "9": 0.49069680695846757
  },
  "test_macro_auc": 0.5004335990710237,
  "test_per_digit_auc": {
    "0": 0.21579514313743164,
    "1": 0.6595645569620253,
    "2": 0.39593339099119534,
    "3": 0.29312392014336075,
    "4": 0.6627172803107164,
    "5": 0.6541123535122798,
    "6": 0.8449221256271737,
    "7": 0.3457958461096511,
    "8": 0.4447016917971482,
    "9": 0.4876696821192559
  }
}