{
  "n_samples": 2000,
  "per_cluster": {
    "0": {
      "n": 22,
      "class_counts": {
        "0": 0,
        "1": 1,
        "2": 1,
        "3": 0,
        "4": 0,
        "5": 1,
        "6": 2,
        "7": 17,
        "8": 0,
        "9": 0
      },
      "class_density": {
        "0": 0.0,
        "1": 0.045454545454545456,
        "2": 0.045454545454545456,
        "3": 0.0,
        "4": 0.0,
        "5": 0.045454545454545456,
        "6": 0.09090909090909091,
        "7": 0.7727272727272727,
        "8": 0.0,
        "9": 0.0
      },
      "entropy_nat": 0.8387
    },
    "1": {
      "n": 0,
      "class_counts": {
        "0": 0,
        "1": 0,
        "2": 0,
        "3": 0,
        "4": 0,
        "5": 0,
        "6": 0,
        "7": 0,
        "8": 0,
        "9": 0
      },
      "class_density": {
        "0": 0.0,
        "1": 0.0,
        "2": 0.0,
        "3": 0.0,
        "4": 0.0,
        "5": 0.0,
        "6": 0.0,
        "7": 0.0,
        "8": 0.0,
        "9": 0.0
      },
      "entropy_nat": 0.0
    },
    "2": {
      "n": 0,
      "class_counts": {
        "0": 0,
        "1": 0,
        "2": 0,
        "3": 0,
        "4": 0,
        "5": 0,
        "6": 0,
        "7": 0,
        "8": 0,
        "9": 0
      },
      "class_density": {
        "0": 0.0,
        "1": 0.0,
        "2": 0.0,
        "3": 0.0,
        "4": 0.0,
        "5": 0.0,
        "6": 0.0,
        "7": 0.0,
        "8": 0.0,
        "9": 0.0
      },
      "entropy_nat": 0.0
    },
    "3": {
      "n": 1613,
      "class_counts": {
        "0": 51,
        "1": 216,
        "2": 201,
        "3": 178,
        "4": 171,
        "5": 178,
        "6": 141,
        "7": 197,
        "8": 136,
        "9": 144
      },
      "class_density": {
        "0": 0.03161810291382517,
        "1": 0.13391196528208307,
        "2": 0.12461252324860508,
        "3": 0.11035337879727217,
        "4": 0.1060136391816491,
        "5": 0.11035337879727217,
        "6": 0.08741475511469311,
        "7": 0.12213267203967762,
        "8": 0.08431494110353378,
        "9": 0.08927464352138871
      },
      "entropy_nat": 2.2564
    },
    "4": {
      "n": 0,
      "class_counts": {
        "0": 0,
        "1": 0,
        "2": 0,
        "3": 0,
        "4": 0,
        "5": 0,
        "6": 0,
        "7": 0,
        "8": 0,
        "9": 0
      },
      "class_density": {
        "0": 0.0,
        "1": 0.0,
        "2": 0.0,
        "3": 0.0,
        "4": 0.0,
        "5": 0.0,
        "6": 0.0,
        "7": 0.0,
        "8": 0.0,
        "9": 0.0
      },
      "entropy_nat": 0.0
    },
    "5": {
      "n": 0,
      "class_counts": {
        "0": 0,
        "1": 0,
        "2": 0,
        "3": 0,
        "4": 0,
        "5": 0,
        "6": 0,
        "7": 0,
        "8": 0,
        "9": 0
      },
      "class_density": {
        "0": 0.0,
        "1": 0.0,
        "2": 0.0,
        "3": 0.0,
        "4": 0.0,
        "5": 0.0,
        "6": 0.0,
        "7": 0.0,
        "8": 0.0,
        "9": 0.0
      },
      "entropy_nat": 0.0
    },
    "6": {
      "n": 0,
      "class_counts": {
        "0": 0,
        "1": 0,
        "2": 0,
        "3": 0,
        "4": 0,
        "5": 0,
        "6": 0,
        "7": 0,
        "8": 0,
        "9": 0
      },
      "class_density": {
        "0": 0.0,
        "1": 0.0,
        "2": 0.0,
        "3": 0.0,
        "4": 0.0,
        "5": 0.0,
        "6": 0.0,
        "7": 0.0,
        "8": 0.0,
        "9": 0.0
      },
      "entropy_nat": 0.0
    },
    "7": {
      "n": 0,
      "class_counts": {
        "0": 0,
        "1": 0,
        "2": 0,
        "3": 0,
        "4": 0,
        "5": 0,
        "6": 0,
        "7": 0,
        "8": 0,
        "9": 0
      },
      "class_density": {
        "0": 0.0,
        "1": 0.0,
        "2": 0.0,
        "3": 0.0,
        "4": 0.0,
        "5": 0.0,
        "6": 0.0,
        "7": 0.0,
        "8": 0.0,
        "9": 0.0
      },
      "entropy_nat": 0.0
    },
    "8": {
      "n": 34,
      "class_counts": {
        "0": 15,
        "1": 0,
        "2": 0,
        "3": 1,
        "4": 4,
        "5": 2,
        "6": 0,
        "7": 1,
        "8": 6,
        "9": 5
      },
      "class_density": {
        "0": 0.4411764705882353,
        "1": 0.0,
        "2": 0.0,
        "3": 0.029411764705882353,
        "4": 0.11764705882352941,
        "5": 0.058823529411764705,
        "6": 0.0,
        "7": 0.029411764705882353,
        "8": 0.17647058823529413,
        "9": 0.14705882352941177
      },
      "entropy_nat": 1.5749
    },
    "9": {
      "n": 14,
      "class_counts": {
        "0": 0,
        "1": 0,
        "2": 0,
        "3": 5,
        "4": 0,
        "5": 4,
        "6": 0,
        "7": 0,
        "8": 5,
        "9": 0
      },
      "class_density": {
        "0": 0.0,
        "1": 0.0,
        "2": 0.0,
        "3": 0.35714285714285715,
        "4": 0.0,
        "5": 0.2857142857142857,
        "6": 0.0,
        "7": 0.0,
        "8": 0.35714285714285715,
        "9": 0.0
      },
      "entropy_nat": 1.0934
    },
    "10": {
      "n": 0,
      "class_counts": {
        "0": 0,
        "1": 0,
        "2": 0,
        "3": 0,
        "4": 0,
        "5": 0,
        "6": 0,
        "7": 0,
        "8": 0,
        "9": 0
      },
      "class_density": {
        "0": 0.0,
        "1": 0.0,
        "2": 0.0,
        "3": 0.0,
        "4": 0.0,
        "5": 0.0,
        "6": 0.0,
        "7": 0.0,
        "8": 0.0,
        "9": 0.0
      },
      "entropy_nat": 0.0
    },
    "11": {
      "n": 0,
      "class_counts": {
        "0": 0,
        "1": 0,
        "2": 0,
        "3": 0,
        "4": 0,
        "5": 0,
        "6": 0,
        "7": 0,
        "8": 0,
        "9": 0
      },
      "class_density": {
        "0": 0.0,
        "1": 0.0,
        "2": 0.0,
        "3": 0.0,
        "4": 0.0,
        "5": 0.0,
        "6": 0.0,
        "7": 0.0,
        "8": 0.0,
        "9": 0.0
      },
      "entropy_nat": 0.0
    },
    "12": {
      "n": 98,
      "class_counts": {
        "0": 76,
        "1": 0,
        "2": 2,
        "3": 9,
        "4": 0,
        "5": 7,
        "6": 0,
        "7": 0,
        "8": 4,
        "9": 0
      },
      "class_density": {
        "0": 0.7755102040816326,
        "1": 0.0,
        "2": 0.02040816326530612,
        "3": 0.09183673469387756,
        "4": 0.0,
        "5": 0.07142857142857142,
        "6": 0.0,
        "7": 0.0,
        "8": 0.04081632653061224,
        "9": 0.0
      },
      "entropy_nat": 0.8149
    },
    "13": {
      "n": 6,
      "class_counts": {
        "0": 3,
        "1": 0,
        "2": 0,
        "3": 1,
        "4": 0,
        "5": 2,
        "6": 0,
        "7": 0,
        "8": 0,
        "9": 0
      },
      "class_density": {
        "0": 0.5,
        "1": 0.0,
        "2": 0.0,
        "3": 0.16666666666666666,
        "4": 0.0,
        "5": 0.3333333333333333,
        "6": 0.0,
        "7": 0.0,
        "8": 0.0,
        "9": 0.0
      },
      "entropy_nat": 1.0114
    },
    "14": {
      "n": 23,
      "class_counts": {
        "0": 21,
        "1": 0,
        "2": 0,
        "3": 0,
        "4": 0,
        "5": 0,
        "6": 0,
        "7": 0,
        "8": 2,
        "9": 0
      },
      "class_density": {
        "0": 0.9130434782608695,
        "1": 0.0,
        "2": 0.0,
        "3": 0.0,
        "4": 0.0,
        "5": 0.0,
        "6": 0.0,
        "7": 0.0,
        "8": 0.08695652173913043,
        "9": 0.0
      },
      "entropy_nat": 0.2954
    },
    "15": {
      "n": 0,
      "class_counts": {
        "0": 0,
        "1": 0,
        "2": 0,
        "3": 0,
        "4": 0,
        "5": 0,
        "6": 0,
        "7": 0,
        "8": 0,
        "9": 0
      },
      "class_density": {
        "0": 0.0,
        "1": 0.0,
        "2": 0.0,
        "3": 0.0,
        "4": 0.0,
        "5": 0.0,
        "6": 0.0,
        "7": 0.0,
        "8": 0.0,