{
  "n_samples": 2000,
  "per_cluster": {
    "0": {
      "n": 307,
      "class_counts": {
        "0": 19,
        "1": 0,
        "2": 13,
        "3": 26,
        "4": 52,
        "5": 64,
        "6": 1,
        "7": 9,
        "8": 79,
        "9": 44
      },
      "class_density": {
        "0": 0.06188925081433225,
        "1": 0.0,
        "2": 0.04234527687296417,
        "3": 0.08469055374592833,
        "4": 0.16938110749185667,
        "5": 0.20846905537459284,
        "6": 0.003257328990228013,
        "7": 0.029315960912052116,
        "8": 0.25732899022801303,
        "9": 0.14332247557003258
      },
      "entropy_nat": 1.8927
    },
    "1": {
      "n": 19,
      "class_counts": {
        "0": 8,
        "1": 0,
        "2": 0,
        "3": 0,
        "4": 8,
        "5": 0,
        "6": 0,
        "7": 0,
        "8": 1,
        "9": 2
      },
      "class_density": {
        "0": 0.42105263157894735,
        "1": 0.0,
        "2": 0.0,
        "3": 0.0,
        "4": 0.42105263157894735,
        "5": 0.0,
        "6": 0.0,
        "7": 0.0,
        "8": 0.05263157894736842,
        "9": 0.10526315789473684
      },
      "entropy_nat": 1.1204
    },
    "2": {
      "n": 0,
      "class_counts": {
        "0": 0,
        "1": 0,
        "2": 0,
        "3": 0,
        "4": 0,
        "5": 0,
        "6": 0,
        "7": 0,
        "8": 0,
        "9": 0
      },
      "class_density": {
        "0": 0.0,
        "1": 0.0,
        "2": 0.0,
        "3": 0.0,
        "4": 0.0,
        "5": 0.0,
        "6": 0.0,
        "7": 0.0,
        "8": 0.0,
        "9": 0.0
      },
      "entropy_nat": 0.0
    },
    "3": {
      "n": 32,
      "class_counts": {
        "0": 0,
        "1": 28,
        "2": 2,
        "3": 0,
        "4": 0,
        "5": 0,
        "6": 0,
        "7": 0,
        "8": 2,
        "9": 0
      },
      "class_density": {
        "0": 0.0,
        "1": 0.875,
        "2": 0.0625,
        "3": 0.0,
        "4": 0.0,
        "5": 0.0,
        "6": 0.0,
        "7": 0.0,
        "8": 0.0625,
        "9": 0.0
      },
      "entropy_nat": 0.4634
    },
    "4": {
      "n": 6,
      "class_counts": {
        "0": 0,
        "1": 6,
        "2": 0,
        "3": 0,
        "4": 0,
        "5": 0,
        "6": 0,
        "7": 0,
        "8": 0,
        "9": 0
      },
      "class_density": {
        "0": 0.0,
        "1": 1.0,
        "2": 0.0,
        "3": 0.0,
        "4": 0.0,
        "5": 0.0,
        "6": 0.0,
        "7": 0.0,
        "8": 0.0,
        "9": 0.0
      },
      "entropy_nat": -0.0
    },
    "5": {
      "n": 24,
      "class_counts": {
        "0": 0,
        "1": 20,
        "2": 2,
        "3": 0,
        "4": 0,
        "5": 1,
        "6": 0,
        "7": 1,
        "8": 0,
        "9": 0
      },
      "class_density": {
        "0": 0.0,
        "1": 0.8333333333333334,
        "2": 0.08333333333333333,
        "3": 0.0,
        "4": 0.0,
        "5": 0.041666666666666664,
        "6": 0.0,
        "7": 0.041666666666666664,
        "8": 0.0,
        "9": 0.0
      },
      "entropy_nat": 0.6238
    },
    "6": {
      "n": 4,
      "class_counts": {
        "0": 2,
        "1": 0,
        "2": 1,
        "3": 0,
        "4": 0,
        "5": 0,
        "6": 0,
        "7": 0,
        "8": 1,
        "9": 0
      },
      "class_density": {
        "0": 0.5,
        "1": 0.0,
        "2": 0.25,
        "3": 0.0,
        "4": 0.0,
        "5": 0.0,
        "6": 0.0,
        "7": 0.0,
        "8": 0.25,
        "9": 0.0
      },
      "entropy_nat": 1.0397
    },
    "7": {
      "n": 131,
      "class_counts": {
        "0": 0,
        "1": 50,
        "2": 8,
        "3": 2,
        "4": 7,
        "5": 1,
        "6": 28,
        "7": 34,
        "8": 1,
        "9": 0
      },
      "class_density": {
        "0": 0.0,
        "1": 0.3816793893129771,
        "2": 0.061068702290076333,
        "3": 0.015267175572519083,
        "4": 0.05343511450381679,
        "5": 0.007633587786259542,
        "6": 0.21374045801526717,
        "7": 0.2595419847328244,
        "8": 0.007633587786259542,
        "9": 0.0
      },
      "entropy_nat": 1.513
    },
    "8": {
      "n": 0,
      "class_counts": {
        "0": 0,
        "1": 0,
        "2": 0,
        "3": 0,
        "4": 0,
        "5": 0,
        "6": 0,
        "7": 0,
        "8": 0,
        "9": 0
      },
      "class_density": {
        "0": 0.0,
        "1": 0.0,
        "2": 0.0,
        "3": 0.0,
        "4": 0.0,
        "5": 0.0,
        "6": 0.0,
        "7": 0.0,
        "8": 0.0,
        "9": 0.0
      },
      "entropy_nat": 0.0
    },
    "9": {
      "n": 12,
      "class_counts": {
        "0": 0,
        "1": 7,
        "2": 0,
        "3": 1,
        "4": 1,
        "5": 1,
        "6": 0,
        "7": 1,
        "8": 0,
        "9": 1
      },
      "class_density": {
        "0": 0.0,
        "1": 0.5833333333333334,
        "2": 0.0,
        "3": 0.08333333333333333,
        "4": 0.08333333333333333,
        "5": 0.08333333333333333,
        "6": 0.0,
        "7": 0.08333333333333333,
        "8": 0.0,
        "9": 0.08333333333333333
      },
      "entropy_nat": 1.3498
    },
    "10": {
      "n": 0,
      "class_counts": {
        "0": 0,
        "1": 0,
        "2": 0,
        "3": 0,
        "4": 0,
        "5": 0,
        "6": 0,
        "7": 0,
        "8": 0,
        "9": 0
      },
      "class_density": {
        "0": 0.0,
        "1": 0.0,
        "2": 0.0,
        "3": 0.0,
        "4": 0.0,
        "5": 0.0,
        "6": 0.0,
        "7": 0.0,
        "8": 0.0,
        "9": 0.0
      },
      "entropy_nat": 0.0
    },
    "11": {
      "n": 22,
      "class_counts": {
        "0": 0,
        "1": 9,
        "2": 0,
        "3": 2,
        "4": 0,
        "5": 0,
        "6": 3,
        "7": 8,
        "8": 0,
        "9": 0
      },
      "class_density": {
        "0": 0.0,
        "1": 0.4090909090909091,
        "2": 0.0,
        "3": 0.09090909090909091,
        "4": 0.0,
        "5": 0.0,
        "6": 0.13636363636363635,
        "7": 0.36363636363636365,
        "8": 0.0,
        "9": 0.0
      },
      "entropy_nat": 1.2232
    },
    "12": {
      "n": 385,
      "class_counts": {
        "0": 70,
        "1": 6,
        "2": 54,
        "3": 66,
        "4": 21,
        "5": 50,
        "6": 48,
        "7": 36,
        "8": 27,
        "9": 7
      },
      "class_density": {
        "0": 0.18181818181818182,
        "1": 0.015584415584415584,
        "2": 0.14025974025974025,
        "3": 0.17142857142857143,
        "4": 0.05454545454545454,
        "5": 0.12987012987012986,
        "6": 0.12467532467532468,
        "7": 0.09350649350649351,
        "8": 0.07012987012987013,
        "9": 0.01818181818181818
      },
      "entropy_nat": 2.1168
    },
    "13": {
      "n": 0,
      "class_counts": {
        "0": 0,
        "1": 0,
        "2": 0,
        "3": 0,
        "4": 0,
        "5": 0,
        "6": 0,
        "7": 0,
        "8": 0,
        "9": 0
      },
      "class_density": {
        "0": 0.0,
        "1": 0.0,
        "2": 0.0,
        "3": 0.0,
        "4": 0.0,
        "5": 0.0,
        "6": 0.0,
        "7": 0.0,
        "8": 0.0,
        "9": 0.0
      },
      "entropy_nat": 0.0
    },
    "14": {
      "n": 0,
      "class_counts": {
        "0": 0,
        "1": 0,
        "2": 0,
        "3": 0,
        "4": 0,
        "5": 0,
        "6": 0,
        "7": 0,
        "8": 0,
        "9": 0
      },
      "class_density": {
        "0": 0.0,
        "1": 0.0,
        "2": 0.0,
        "3": 0.0,
        "4": 0.0,
        "5": 0.0,
        "6": 0.0,
        "7": 0.0,
        "8": 0.0,
        "9": 0.0
      },
      "entropy_nat": 0.0
    },
    "15": {
      "n": 432,
      "class_counts": {
        "0": 38,
        "1": 0,
        "2": 13,
        "3": 24,
        "4": 42,
        "5": 18,
        "6": 82,
        "7": 103,
        "8": 30,
        "9": 82
      },