{
  "run_dir": "samplesvdd/hySpUnsup/runs/sensitivity_v3/chaos_0p15",
  "checkpoint": "samplesvdd/hySpUnsup/runs/sensitivity_v3/chaos_0p15/checkpoint_v2.pth",
  "n_spheres": 30,
  "curvature": 1.0,
  "objective": "union-soft",
  "active_cluster_mask": [
    true,
    true,
    false,
    false,
    true,
    true,
    true,
    true,
    true,
    true,
    true,
    true,
    true,
    true,
    true,
    true,
    true,
    true,
    true,
    true,
    true,
    true,
    true,
    true,
    true,
    true,
    true,
    false,
    true,
    true
  ],
  "train_macro_auc": 0.4996426000066874,
  "train_per_digit_auc": {
    "0": 0.6104975781286386,
    "1": 0.4816405539884173,
    "2": 0.26236948808650656,
    "3": 0.3302929745635342,
    "4": 0.565596045699106,
    "5": 0.40636482106485045,
    "6": 0.5179082763526475,
    "7": 0.5993540389247949,
    "8": 0.5651702899357619,
    "9": 0.6572319333226164
  },
  "test_macro_auc": 0.5006737790280189,
  "test_per_digit_auc": {
    "0": 0.609669515609679,
    "1": 0.4721708988620381,
    "2": 0.277781486155024,
    "3": 0.33631921733284503,
    "4": 0.5640241216762694,
    "5": 0.41399727431287026,
    "6": 0.5288005652102736,
    "7": 0.5929898142165206,
    "8": 0.5608045574982012,
    "9": 0.6501803394064685
  }
}