{
  "n_samples": 2000,
  "per_cluster": {
    "0": {
      "n": 0,
      "class_counts": {
        "0": 0,
        "1": 0,
        "2": 0,
        "3": 0,
        "4": 0,
        "5": 0,
        "6": 0,
        "7": 0,
        "8": 0,
        "9": 0
      },
      "class_density": {
        "0": 0.0,
        "1": 0.0,
        "2": 0.0,
        "3": 0.0,
        "4": 0.0,
        "5": 0.0,
        "6": 0.0,
        "7": 0.0,
        "8": 0.0,
        "9": 0.0
      },
      "entropy_nat": 0.0
    },
    "1": {
      "n": 0,
      "class_counts": {
        "0": 0,
        "1": 0,
        "2": 0,
        "3": 0,
        "4": 0,
        "5": 0,
        "6": 0,
        "7": 0,
        "8": 0,
        "9": 0
      },
      "class_density": {
        "0": 0.0,
        "1": 0.0,
        "2": 0.0,
        "3": 0.0,
        "4": 0.0,
        "5": 0.0,
        "6": 0.0,
        "7": 0.0,
        "8": 0.0,
        "9": 0.0
      },
      "entropy_nat": 0.0
    },
    "2": {
      "n": 0,
      "class_counts": {
        "0": 0,
        "1": 0,
        "2": 0,
        "3": 0,
        "4": 0,
        "5": 0,
        "6": 0,
        "7": 0,
        "8": 0,
        "9": 0
      },
      "class_density": {
        "0": 0.0,
        "1": 0.0,
        "2": 0.0,
        "3": 0.0,
        "4": 0.0,
        "5": 0.0,
        "6": 0.0,
        "7": 0.0,
        "8": 0.0,
        "9": 0.0
      },
      "entropy_nat": 0.0
    },
    "3": {
      "n": 0,
      "class_counts": {
        "0": 0,
        "1": 0,
        "2": 0,
        "3": 0,
        "4": 0,
        "5": 0,
        "6": 0,
        "7": 0,
        "8": 0,
        "9": 0
      },
      "class_density": {
        "0": 0.0,
        "1": 0.0,
        "2": 0.0,
        "3": 0.0,
        "4": 0.0,
        "5": 0.0,
        "6": 0.0,
        "7": 0.0,
        "8": 0.0,
        "9": 0.0
      },
      "entropy_nat": 0.0
    },
    "4": {
      "n": 137,
      "class_counts": {
        "0": 86,
        "1": 1,
        "2": 13,
        "3": 13,
        "4": 1,
        "5": 4,
        "6": 5,
        "7": 3,
        "8": 11,
        "9": 0
      },
      "class_density": {
        "0": 0.6277372262773723,
        "1": 0.0072992700729927005,
        "2": 0.0948905109489051,
        "3": 0.0948905109489051,
        "4": 0.0072992700729927005,
        "5": 0.029197080291970802,
        "6": 0.0364963503649635,
        "7": 0.021897810218978103,
        "8": 0.08029197080291971,
        "9": 0.0
      },
      "entropy_nat": 1.3212
    },
    "5": {
      "n": 19,
      "class_counts": {
        "0": 0,
        "1": 0,
        "2": 0,
        "3": 0,
        "4": 2,
        "5": 0,
        "6": 0,
        "7": 1,
        "8": 0,
        "9": 16
      },
      "class_density": {
        "0": 0.0,
        "1": 0.0,
        "2": 0.0,
        "3": 0.0,
        "4": 0.10526315789473684,
        "5": 0.0,
        "6": 0.0,
        "7": 0.05263157894736842,
        "8": 0.0,
        "9": 0.8421052631578947
      },
      "entropy_nat": 0.5367
    },
    "6": {
      "n": 15,
      "class_counts": {
        "0": 0,
        "1": 0,
        "2": 10,
        "3": 4,
        "4": 0,
        "5": 0,
        "6": 1,
        "7": 0,
        "8": 0,
        "9": 0
      },
      "class_density": {
        "0": 0.0,
        "1": 0.0,
        "2": 0.6666666666666666,
        "3": 0.26666666666666666,
        "4": 0.0,
        "5": 0.0,
        "6": 0.06666666666666667,
        "7": 0.0,
        "8": 0.0,
        "9": 0.0
      },
      "entropy_nat": 0.8033
    },
    "7": {
      "n": 17,
      "class_counts": {
        "0": 0,
        "1": 17,
        "2": 0,
        "3": 0,
        "4": 0,
        "5": 0,
        "6": 0,
        "7": 0,
        "8": 0,
        "9": 0
      },
      "class_density": {
        "0": 0.0,
        "1": 1.0,
        "2": 0.0,
        "3": 0.0,
        "4": 0.0,
        "5": 0.0,
        "6": 0.0,
        "7": 0.0,
        "8": 0.0,
        "9": 0.0
      },
      "entropy_nat": -0.0
    },
    "8": {
      "n": 0,
      "class_counts": {
        "0": 0,
        "1": 0,
        "2": 0,
        "3": 0,
        "4": 0,
        "5": 0,
        "6": 0,
        "7": 0,
        "8": 0,
        "9": 0
      },
      "class_density": {
        "0": 0.0,
        "1": 0.0,
        "2": 0.0,
        "3": 0.0,
        "4": 0.0,
        "5": 0.0,
        "6": 0.0,
        "7": 0.0,
        "8": 0.0,
        "9": 0.0
      },
      "entropy_nat": 0.0
    },
    "9": {
      "n": 180,
      "class_counts": {
        "0": 13,
        "1": 0,
        "2": 25,
        "3": 31,
        "4": 13,
        "5": 63,
        "6": 14,
        "7": 3,
        "8": 17,
        "9": 1
      },
      "class_density": {
        "0": 0.07222222222222222,
        "1": 0.0,
        "2": 0.1388888888888889,
        "3": 0.17222222222222222,
        "4": 0.07222222222222222,
        "5": 0.35,
        "6": 0.07777777777777778,
        "7": 0.016666666666666666,
        "8": 0.09444444444444444,
        "9": 0.005555555555555556
      },
      "entropy_nat": 1.8427
    },
    "10": {
      "n": 30,
      "class_counts": {
        "0": 0,
        "1": 0,
        "2": 0,
        "3": 1,
        "4": 4,
        "5": 0,
        "6": 0,
        "7": 1,
        "8": 0,
        "9": 24
      },
      "class_density": {
        "0": 0.0,
        "1": 0.0,
        "2": 0.0,
        "3": 0.03333333333333333,
        "4": 0.13333333333333333,
        "5": 0.0,
        "6": 0.0,
        "7": 0.03333333333333333,
        "8": 0.0,
        "9": 0.8
      },
      "entropy_nat": 0.6739
    },
    "11": {
      "n": 18,
      "class_counts": {
        "0": 0,
        "1": 18,
        "2": 0,
        "3": 0,
        "4": 0,
        "5": 0,
        "6": 0,
        "7": 0,
        "8": 0,
        "9": 0
      },
      "class_density": {
        "0": 0.0,
        "1": 1.0,
        "2": 0.0,
        "3": 0.0,
        "4": 0.0,
        "5": 0.0,
        "6": 0.0,
        "7": 0.0,
        "8": 0.0,
        "9": 0.0
      },
      "entropy_nat": -0.0
    },
    "12": {
      "n": 8,
      "class_counts": {
        "0": 6,
        "1": 0,
        "2": 0,
        "3": 0,
        "4": 0,
        "5": 2,
        "6": 0,
        "7": 0,
        "8": 0,
        "9": 0
      },
      "class_density": {
        "0": 0.75,
        "1": 0.0,
        "2": 0.0,
        "3": 0.0,
        "4": 0.0,
        "5": 0.25,
        "6": 0.0,
        "7": 0.0,
        "8": 0.0,
        "9": 0.0
      },
      "entropy_nat": 0.5623
    },
    "13": {
      "n": 2,
      "class_counts": {
        "0": 0,
        "1": 0,
        "2": 0,
        "3": 0,
        "4": 1,
        "5": 0,
        "6": 0,
        "7": 0,
        "8": 1,
        "9": 0
      },
      "class_density": {
        "0": 0.0,
        "1": 0.0,
        "2": 0.0,
        "3": 0.0,
        "4": 0.5,
        "5": 0.0,
        "6": 0.0,
        "7": 0.0,
        "8": 0.5,
        "9": 0.0
      },
      "entropy_nat": 0.6931
    },
    "14": {
      "n": 408,
      "class_counts": {
        "0": 25,
        "1": 13,
        "2": 15,
        "3": 18,
        "4": 54,
        "5": 8,
        "6": 99,
        "7": 96,
        "8": 11,
        "9": 69
      },
      "class_density": {
        "0": 0.061274509803921566,
        "1": 0.031862745098039214,
        "2": 0.03676470588235294,
        "3": 0.04411764705882353,
        "4": 0.1323529411764706,
        "5": 0.0196078431372549,
        "6": 0.2426470588235294,
        "7": 0.23529411764705882,
        "8": 0.02696078431372549,
        "9": 0.16911764705882354
      },
      "entropy_nat": 1.9668
    },
    "15": {
      "n": 47,
      "class_counts": {
        "0": 3,
        "1": 4,
        "2": 0,
        "3": 1,
        "4": 0,
        "5": 0,
        "6": 39,
        "7": 0,
        "8": 0,
        "9": 0
      },
      "class_density": {
        "0": 0.06382978723404255,
        "1": 0.0851063829787234,
        "2": 0.0,
        "3": 0.02127659574468085,
        "4": 0.0,