{
  "n_samples": 2000,
  "per_cluster": {
    "0": {
      "n": 0,
      "class_counts": {
        "0": 0,
        "1": 0,
        "2": 0,
        "3": 0,
        "4": 0,
        "5": 0,
        "6": 0,
        "7": 0,
        "8": 0,
        "9": 0
      },
      "class_density": {
        "0": 0.0,
        "1": 0.0,
        "2": 0.0,
        "3": 0.0,
        "4": 0.0,
        "5": 0.0,
        "6": 0.0,
        "7": 0.0,
        "8": 0.0,
        "9": 0.0
      },
      "entropy_nat": 0.0
    },
    "1": {
      "n": 0,
      "class_counts": {
        "0": 0,
        "1": 0,
        "2": 0,
        "3": 0,
        "4": 0,
        "5": 0,
        "6": 0,
        "7": 0,
        "8": 0,
        "9": 0
      },
      "class_density": {
        "0": 0.0,
        "1": 0.0,
        "2": 0.0,
        "3": 0.0,
        "4": 0.0,
        "5": 0.0,
        "6": 0.0,
        "7": 0.0,
        "8": 0.0,
        "9": 0.0
      },
      "entropy_nat": 0.0
    },
    "2": {
      "n": 0,
      "class_counts": {
        "0": 0,
        "1": 0,
        "2": 0,
        "3": 0,
        "4": 0,
        "5": 0,
        "6": 0,
        "7": 0,
        "8": 0,
        "9": 0
      },
      "class_density": {
        "0": 0.0,
        "1": 0.0,
        "2": 0.0,
        "3": 0.0,
        "4": 0.0,
        "5": 0.0,
        "6": 0.0,
        "7": 0.0,
        "8": 0.0,
        "9": 0.0
      },
      "entropy_nat": 0.0
    },
    "3": {
      "n": 0,
      "class_counts": {
        "0": 0,
        "1": 0,
        "2": 0,
        "3": 0,
        "4": 0,
        "5": 0,
        "6": 0,
        "7": 0,
        "8": 0,
        "9": 0
      },
      "class_density": {
        "0": 0.0,
        "1": 0.0,
        "2": 0.0,
        "3": 0.0,
        "4": 0.0,
        "5": 0.0,
        "6": 0.0,
        "7": 0.0,
        "8": 0.0,
        "9": 0.0
      },
      "entropy_nat": 0.0
    },
    "4": {
      "n": 160,
      "class_counts": {
        "0": 99,
        "1": 0,
        "2": 10,
        "3": 21,
        "4": 1,
        "5": 10,
        "6": 2,
        "7": 1,
        "8": 12,
        "9": 4
      },
      "class_density": {
        "0": 0.61875,
        "1": 0.0,
        "2": 0.0625,
        "3": 0.13125,
        "4": 0.00625,
        "5": 0.0625,
        "6": 0.0125,
        "7": 0.00625,
        "8": 0.075,
        "9": 0.025
      },
      "entropy_nat": 1.3148
    },
    "5": {
      "n": 20,
      "class_counts": {
        "0": 0,
        "1": 0,
        "2": 0,
        "3": 0,
        "4": 3,
        "5": 0,
        "6": 0,
        "7": 2,
        "8": 0,
        "9": 15
      },
      "class_density": {
        "0": 0.0,
        "1": 0.0,
        "2": 0.0,
        "3": 0.0,
        "4": 0.15,
        "5": 0.0,
        "6": 0.0,
        "7": 0.1,
        "8": 0.0,
        "9": 0.75
      },
      "entropy_nat": 0.7306
    },
    "6": {
      "n": 15,
      "class_counts": {
        "0": 0,
        "1": 1,
        "2": 8,
        "3": 4,
        "4": 0,
        "5": 0,
        "6": 1,
        "7": 0,
        "8": 1,
        "9": 0
      },
      "class_density": {
        "0": 0.0,
        "1": 0.06666666666666667,
        "2": 0.5333333333333333,
        "3": 0.26666666666666666,
        "4": 0.0,
        "5": 0.0,
        "6": 0.06666666666666667,
        "7": 0.0,
        "8": 0.06666666666666667,
        "9": 0.0
      },
      "entropy_nat": 1.2293
    },
    "7": {
      "n": 17,
      "class_counts": {
        "0": 0,
        "1": 17,
        "2": 0,
        "3": 0,
        "4": 0,
        "5": 0,
        "6": 0,
        "7": 0,
        "8": 0,
        "9": 0
      },
      "class_density": {
        "0": 0.0,
        "1": 1.0,
        "2": 0.0,
        "3": 0.0,
        "4": 0.0,
        "5": 0.0,
        "6": 0.0,
        "7": 0.0,
        "8": 0.0,
        "9": 0.0
      },
      "entropy_nat": -0.0
    },
    "8": {
      "n": 1,
      "class_counts": {
        "0": 1,
        "1": 0,
        "2": 0,
        "3": 0,
        "4": 0,
        "5": 0,
        "6": 0,
        "7": 0,
        "8": 0,
        "9": 0
      },
      "class_density": {
        "0": 1.0,
        "1": 0.0,
        "2": 0.0,
        "3": 0.0,
        "4": 0.0,
        "5": 0.0,
        "6": 0.0,
        "7": 0.0,
        "8": 0.0,
        "9": 0.0
      },
      "entropy_nat": -0.0
    },
    "9": {
      "n": 195,
      "class_counts": {
        "0": 16,
        "1": 0,
        "2": 20,
        "3": 31,
        "4": 16,
        "5": 59,
        "6": 11,
        "7": 0,
        "8": 34,
        "9": 8
      },
      "class_density": {
        "0": 0.08205128205128205,
        "1": 0.0,
        "2": 0.10256410256410256,
        "3": 0.15897435897435896,
        "4": 0.08205128205128205,
        "5": 0.30256410256410254,
        "6": 0.05641025641025641,
        "7": 0.0,
        "8": 0.17435897435897435,
        "9": 0.041025641025641026
      },
      "entropy_nat": 1.8957
    },
    "10": {
      "n": 24,
      "class_counts": {
        "0": 0,
        "1": 0,
        "2": 0,
        "3": 0,
        "4": 2,
        "5": 0,
        "6": 0,
        "7": 0,
        "8": 0,
        "9": 22
      },
      "class_density": {
        "0": 0.0,
        "1": 0.0,
        "2": 0.0,
        "3": 0.0,
        "4": 0.08333333333333333,
        "5": 0.0,
        "6": 0.0,
        "7": 0.0,
        "8": 0.0,
        "9": 0.9166666666666666
      },
      "entropy_nat": 0.2868
    },
    "11": {
      "n": 26,
      "class_counts": {
        "0": 0,
        "1": 26,
        "2": 0,
        "3": 0,
        "4": 0,
        "5": 0,
        "6": 0,
        "7": 0,
        "8": 0,
        "9": 0
      },
      "class_density": {
        "0": 0.0,
        "1": 1.0,
        "2": 0.0,
        "3": 0.0,
        "4": 0.0,
        "5": 0.0,
        "6": 0.0,
        "7": 0.0,
        "8": 0.0,
        "9": 0.0
      },
      "entropy_nat": -0.0
    },
    "12": {
      "n": 11,
      "class_counts": {
        "0": 9,
        "1": 0,
        "2": 0,
        "3": 1,
        "4": 0,
        "5": 1,
        "6": 0,
        "7": 0,
        "8": 0,
        "9": 0
      },
      "class_density": {
        "0": 0.8181818181818182,
        "1": 0.0,
        "2": 0.0,
        "3": 0.09090909090909091,
        "4": 0.0,
        "5": 0.09090909090909091,
        "6": 0.0,
        "7": 0.0,
        "8": 0.0,
        "9": 0.0
      },
      "entropy_nat": 0.6002
    },
    "13": {
      "n": 1,
      "class_counts": {
        "0": 0,
        "1": 0,
        "2": 0,
        "3": 0,
        "4": 0,
        "5": 0,
        "6": 0,
        "7": 0,
        "8": 1,
        "9": 0
      },
      "class_density": {
        "0": 0.0,
        "1": 0.0,
        "2": 0.0,
        "3": 0.0,
        "4": 0.0,
        "5": 0.0,
        "6": 0.0,
        "7": 0.0,
        "8": 1.0,
        "9": 0.0
      },
      "entropy_nat": -0.0
    },
    "14": {
      "n": 392,
      "class_counts": {
        "0": 18,
        "1": 17,
        "2": 14,
        "3": 19,
        "4": 39,
        "5": 11,
        "6": 96,
        "7": 94,
        "8": 10,
        "9": 74
      },
      "class_density": {
        "0": 0.04591836734693878,
        "1": 0.04336734693877551,
        "2": 0.03571428571428571,
        "3": 0.04846938775510204,
        "4": 0.09948979591836735,
        "5": 0.02806122448979592,
        "6": 0.24489795918367346,
        "7": 0.23979591836734693,
        "8": 0.025510204081632654,
        "9": 0.18877551020408162
      },
      "entropy_nat": 1.9684
    },
    "15": {
      "n": 51,
      "class_counts": {
        "0": 2,
        "1": 8,
        "2": 0,
        "3": 0,
        "4": 0,
        "5": 1,
        "6": 40,
        "7": 0,
        "8": 0,
        "9": 0
      },
      "class_density": {
        "0": 0.0392156862745098,
        "1": 0.1568627450980392,
        "2": 0.0,
        "3": 0.0,
        "4": 0.0,
        "5": 0.0196078431372549,
        "6": 0.7843137254901961,
        "7": 0.0,
        "8": 0.0,