{
  "n_samples": 2000,
  "per_cluster": {
    "0": {
      "n": 45,
      "class_counts": {
        "0": 1,
        "1": 0,
        "2": 11,
        "3": 25,
        "4": 0,
        "5": 6,
        "6": 1,
        "7": 0,
        "8": 1,
        "9": 0
      },
      "class_density": {
        "0": 0.022222222222222223,
        "1": 0.0,
        "2": 0.24444444444444444,
        "3": 0.5555555555555556,
        "4": 0.0,
        "5": 0.13333333333333333,
        "6": 0.022222222222222223,
        "7": 0.0,
        "8": 0.022222222222222223,
        "9": 0.0
      },
      "entropy_nat": 1.1933
    },
    "1": {
      "n": 1,
      "class_counts": {
        "0": 0,
        "1": 0,
        "2": 0,
        "3": 0,
        "4": 0,
        "5": 0,
        "6": 0,
        "7": 0,
        "8": 0,
        "9": 1
      },
      "class_density": {
        "0": 0.0,
        "1": 0.0,
        "2": 0.0,
        "3": 0.0,
        "4": 0.0,
        "5": 0.0,
        "6": 0.0,
        "7": 0.0,
        "8": 0.0,
        "9": 1.0
      },
      "entropy_nat": -0.0
    },
    "2": {
      "n": 198,
      "class_counts": {
        "0": 7,
        "1": 0,
        "2": 13,
        "3": 33,
        "4": 9,
        "5": 28,
        "6": 44,
        "7": 29,
        "8": 12,
        "9": 23
      },
      "class_density": {
        "0": 0.03535353535353535,
        "1": 0.0,
        "2": 0.06565656565656566,
        "3": 0.16666666666666666,
        "4": 0.045454545454545456,
        "5": 0.1414141414141414,
        "6": 0.2222222222222222,
        "7": 0.14646464646464646,
        "8": 0.06060606060606061,
        "9": 0.11616161616161616
      },
      "entropy_nat": 2.0483
    },
    "3": {
      "n": 1,
      "class_counts": {
        "0": 0,
        "1": 0,
        "2": 0,
        "3": 1,
        "4": 0,
        "5": 0,
        "6": 0,
        "7": 0,
        "8": 0,
        "9": 0
      },
      "class_density": {
        "0": 0.0,
        "1": 0.0,
        "2": 0.0,
        "3": 1.0,
        "4": 0.0,
        "5": 0.0,
        "6": 0.0,
        "7": 0.0,
        "8": 0.0,
        "9": 0.0
      },
      "entropy_nat": -0.0
    },
    "4": {
      "n": 0,
      "class_counts": {
        "0": 0,
        "1": 0,
        "2": 0,
        "3": 0,
        "4": 0,
        "5": 0,
        "6": 0,
        "7": 0,
        "8": 0,
        "9": 0
      },
      "class_density": {
        "0": 0.0,
        "1": 0.0,
        "2": 0.0,
        "3": 0.0,
        "4": 0.0,
        "5": 0.0,
        "6": 0.0,
        "7": 0.0,
        "8": 0.0,
        "9": 0.0
      },
      "entropy_nat": 0.0
    },
    "5": {
      "n": 59,
      "class_counts": {
        "0": 1,
        "1": 0,
        "2": 8,
        "3": 0,
        "4": 13,
        "5": 0,
        "6": 2,
        "7": 16,
        "8": 0,
        "9": 19
      },
      "class_density": {
        "0": 0.01694915254237288,
        "1": 0.0,
        "2": 0.13559322033898305,
        "3": 0.0,
        "4": 0.22033898305084745,
        "5": 0.0,
        "6": 0.03389830508474576,
        "7": 0.2711864406779661,
        "8": 0.0,
        "9": 0.3220338983050847
      },
      "entropy_nat": 1.5068
    },
    "6": {
      "n": 194,
      "class_counts": {
        "0": 17,
        "1": 2,
        "2": 46,
        "3": 11,
        "4": 57,
        "5": 17,
        "6": 9,
        "7": 9,
        "8": 17,
        "9": 9
      },
      "class_density": {
        "0": 0.08762886597938144,
        "1": 0.010309278350515464,
        "2": 0.23711340206185566,
        "3": 0.05670103092783505,
        "4": 0.29381443298969073,
        "5": 0.08762886597938144,
        "6": 0.04639175257731959,
        "7": 0.04639175257731959,
        "8": 0.08762886597938144,
        "9": 0.04639175257731959
      },
      "entropy_nat": 1.9784
    },
    "7": {
      "n": 0,
      "class_counts": {
        "0": 0,
        "1": 0,
        "2": 0,
        "3": 0,
        "4": 0,
        "5": 0,
        "6": 0,
        "7": 0,
        "8": 0,
        "9": 0
      },
      "class_density": {
        "0": 0.0,
        "1": 0.0,
        "2": 0.0,
        "3": 0.0,
        "4": 0.0,
        "5": 0.0,
        "6": 0.0,
        "7": 0.0,
        "8": 0.0,
        "9": 0.0
      },
      "entropy_nat": 0.0
    },
    "8": {
      "n": 0,
      "class_counts": {
        "0": 0,
        "1": 0,
        "2": 0,
        "3": 0,
        "4": 0,
        "5": 0,
        "6": 0,
        "7": 0,
        "8": 0,
        "9": 0
      },
      "class_density": {
        "0": 0.0,
        "1": 0.0,
        "2": 0.0,
        "3": 0.0,
        "4": 0.0,
        "5": 0.0,
        "6": 0.0,
        "7": 0.0,
        "8": 0.0,
        "9": 0.0
      },
      "entropy_nat": 0.0
    },
    "9": {
      "n": 0,
      "class_counts": {
        "0": 0,
        "1": 0,
        "2": 0,
        "3": 0,
        "4": 0,
        "5": 0,
        "6": 0,
        "7": 0,
        "8": 0,
        "9": 0
      },
      "class_density": {
        "0": 0.0,
        "1": 0.0,
        "2": 0.0,
        "3": 0.0,
        "4": 0.0,
        "5": 0.0,
        "6": 0.0,
        "7": 0.0,
        "8": 0.0,
        "9": 0.0
      },
      "entropy_nat": 0.0
    },
    "10": {
      "n": 38,
      "class_counts": {
        "0": 2,
        "1": 0,
        "2": 3,
        "3": 4,
        "4": 10,
        "5": 2,
        "6": 3,
        "7": 1,
        "8": 10,
        "9": 3
      },
      "class_density": {
        "0": 0.05263157894736842,
        "1": 0.0,
        "2": 0.07894736842105263,
        "3": 0.10526315789473684,
        "4": 0.2631578947368421,
        "5": 0.05263157894736842,
        "6": 0.07894736842105263,
        "7": 0.02631578947368421,
        "8": 0.2631578947368421,
        "9": 0.07894736842105263
      },
      "entropy_nat": 1.9466
    },
    "11": {
      "n": 233,
      "class_counts": {
        "0": 1,
        "1": 64,
        "2": 35,
        "3": 10,
        "4": 11,
        "5": 2,
        "6": 9,
        "7": 81,
        "8": 4,
        "9": 16
      },
      "class_density": {
        "0": 0.004291845493562232,
        "1": 0.27467811158798283,
        "2": 0.15021459227467812,
        "3": 0.04291845493562232,
        "4": 0.04721030042918455,
        "5": 0.008583690987124463,
        "6": 0.03862660944206009,
        "7": 0.34763948497854075,
        "8": 0.017167381974248927,
        "9": 0.06866952789699571
      },
      "entropy_nat": 1.7299
    },
    "12": {
      "n": 48,
      "class_counts": {
        "0": 0,
        "1": 47,
        "2": 0,
        "3": 0,
        "4": 0,
        "5": 0,
        "6": 1,
        "7": 0,
        "8": 0,
        "9": 0
      },
      "class_density": {
        "0": 0.0,
        "1": 0.9791666666666666,
        "2": 0.0,
        "3": 0.0,
        "4": 0.0,
        "5": 0.0,
        "6": 0.020833333333333332,
        "7": 0.0,
        "8": 0.0,
        "9": 0.0
      },
      "entropy_nat": 0.1013
    },
    "13": {
      "n": 149,
      "class_counts": {
        "0": 2,
        "1": 0,
        "2": 2,
        "3": 20,
        "4": 16,
        "5": 53,
        "6": 12,
        "7": 1,
        "8": 40,
        "9": 3
      },
      "class_density": {
        "0": 0.013422818791946308,
        "1": 0.0,
        "2": 0.013422818791946308,
        "3": 0.1342281879194631,
        "4": 0.10738255033557047,
        "5": 0.35570469798657717,
        "6": 0.08053691275167785,
        "7": 0.006711409395973154,
        "8": 0.2684563758389262,
        "9": 0.020134228187919462
      },
      "entropy_nat": 1.6607
    },
    "14": {
      "n": 0,
      "class_counts": {
        "0": 0,
        "1": 0,
        "2": 0,
        "3": 0,
        "4": 0,
        "5": 0,
        "6": 0,
        "7": 0,
        "8": 0,
        "9": 0
      },
      "class_density": {
        "0": 0.0,
        "1": 0.0,
        "2": 0.0,
        "3": 0.0,
        "4": 0.0,
        "5": 0.0,
        "6": 0.0,
        "7": 0.0,
        "8": 0.0,
        "9": 0.0
      },