{
  "n_samples": 2000,
  "per_cluster": {
    "0": {
      "n": 37,
      "class_counts": {
        "0": 1,
        "1": 0,
        "2": 22,
        "3": 11,
        "4": 0,
        "5": 2,
        "6": 0,
        "7": 0,
        "8": 1,
        "9": 0
      },
      "class_density": {
        "0": 0.02702702702702703,
        "1": 0.0,
        "2": 0.5945945945945946,
        "3": 0.2972972972972973,
        "4": 0.0,
        "5": 0.05405405405405406,
        "6": 0.0,
        "7": 0.0,
        "8": 0.02702702702702703,
        "9": 0.0
      },
      "entropy_nat": 1.0226
    },
    "1": {
      "n": 36,
      "class_counts": {
        "0": 18,
        "1": 1,
        "2": 4,
        "3": 3,
        "4": 2,
        "5": 2,
        "6": 1,
        "7": 0,
        "8": 3,
        "9": 2
      },
      "class_density": {
        "0": 0.5,
        "1": 0.027777777777777776,
        "2": 0.1111111111111111,
        "3": 0.08333333333333333,
        "4": 0.05555555555555555,
        "5": 0.05555555555555555,
        "6": 0.027777777777777776,
        "7": 0.0,
        "8": 0.08333333333333333,
        "9": 0.05555555555555555
      },
      "entropy_nat": 1.6857
    },
    "2": {
      "n": 0,
      "class_counts": {
        "0": 0,
        "1": 0,
        "2": 0,
        "3": 0,
        "4": 0,
        "5": 0,
        "6": 0,
        "7": 0,
        "8": 0,
        "9": 0
      },
      "class_density": {
        "0": 0.0,
        "1": 0.0,
        "2": 0.0,
        "3": 0.0,
        "4": 0.0,
        "5": 0.0,
        "6": 0.0,
        "7": 0.0,
        "8": 0.0,
        "9": 0.0
      },
      "entropy_nat": 0.0
    },
    "3": {
      "n": 135,
      "class_counts": {
        "0": 8,
        "1": 1,
        "2": 7,
        "3": 5,
        "4": 4,
        "5": 4,
        "6": 80,
        "7": 16,
        "8": 5,
        "9": 5
      },
      "class_density": {
        "0": 0.05925925925925926,
        "1": 0.007407407407407408,
        "2": 0.05185185185185185,
        "3": 0.037037037037037035,
        "4": 0.02962962962962963,
        "5": 0.02962962962962963,
        "6": 0.5925925925925926,
        "7": 0.11851851851851852,
        "8": 0.037037037037037035,
        "9": 0.037037037037037035
      },
      "entropy_nat": 1.4948
    },
    "4": {
      "n": 74,
      "class_counts": {
        "0": 5,
        "1": 0,
        "2": 0,
        "3": 0,
        "4": 7,
        "5": 0,
        "6": 6,
        "7": 38,
        "8": 1,
        "9": 17
      },
      "class_density": {
        "0": 0.06756756756756757,
        "1": 0.0,
        "2": 0.0,
        "3": 0.0,
        "4": 0.0945945945945946,
        "5": 0.0,
        "6": 0.08108108108108109,
        "7": 0.5135135135135135,
        "8": 0.013513513513513514,
        "9": 0.22972972972972974
      },
      "entropy_nat": 1.3471
    },
    "5": {
      "n": 7,
      "class_counts": {
        "0": 4,
        "1": 0,
        "2": 0,
        "3": 0,
        "4": 0,
        "5": 0,
        "6": 2,
        "7": 0,
        "8": 1,
        "9": 0
      },
      "class_density": {
        "0": 0.5714285714285714,
        "1": 0.0,
        "2": 0.0,
        "3": 0.0,
        "4": 0.0,
        "5": 0.0,
        "6": 0.2857142857142857,
        "7": 0.0,
        "8": 0.14285714285714285,
        "9": 0.0
      },
      "entropy_nat": 0.9557
    },
    "6": {
      "n": 0,
      "class_counts": {
        "0": 0,
        "1": 0,
        "2": 0,
        "3": 0,
        "4": 0,
        "5": 0,
        "6": 0,
        "7": 0,
        "8": 0,
        "9": 0
      },
      "class_density": {
        "0": 0.0,
        "1": 0.0,
        "2": 0.0,
        "3": 0.0,
        "4": 0.0,
        "5": 0.0,
        "6": 0.0,
        "7": 0.0,
        "8": 0.0,
        "9": 0.0
      },
      "entropy_nat": 0.0
    },
    "7": {
      "n": 0,
      "class_counts": {
        "0": 0,
        "1": 0,
        "2": 0,
        "3": 0,
        "4": 0,
        "5": 0,
        "6": 0,
        "7": 0,
        "8": 0,
        "9": 0
      },
      "class_density": {
        "0": 0.0,
        "1": 0.0,
        "2": 0.0,
        "3": 0.0,
        "4": 0.0,
        "5": 0.0,
        "6": 0.0,
        "7": 0.0,
        "8": 0.0,
        "9": 0.0
      },
      "entropy_nat": 0.0
    },
    "8": {
      "n": 150,
      "class_counts": {
        "0": 23,
        "1": 0,
        "2": 2,
        "3": 4,
        "4": 20,
        "5": 25,
        "6": 6,
        "7": 49,
        "8": 15,
        "9": 6
      },
      "class_density": {
        "0": 0.15333333333333332,
        "1": 0.0,
        "2": 0.013333333333333334,
        "3": 0.02666666666666667,
        "4": 0.13333333333333333,
        "5": 0.16666666666666666,
        "6": 0.04,
        "7": 0.32666666666666666,
        "8": 0.1,
        "9": 0.04
      },
      "entropy_nat": 1.8623
    },
    "9": {
      "n": 0,
      "class_counts": {
        "0": 0,
        "1": 0,
        "2": 0,
        "3": 0,
        "4": 0,
        "5": 0,
        "6": 0,
        "7": 0,
        "8": 0,
        "9": 0
      },
      "class_density": {
        "0": 0.0,
        "1": 0.0,
        "2": 0.0,
        "3": 0.0,
        "4": 0.0,
        "5": 0.0,
        "6": 0.0,
        "7": 0.0,
        "8": 0.0,
        "9": 0.0
      },
      "entropy_nat": 0.0
    },
    "10": {
      "n": 0,
      "class_counts": {
        "0": 0,
        "1": 0,
        "2": 0,
        "3": 0,
        "4": 0,
        "5": 0,
        "6": 0,
        "7": 0,
        "8": 0,
        "9": 0
      },
      "class_density": {
        "0": 0.0,
        "1": 0.0,
        "2": 0.0,
        "3": 0.0,
        "4": 0.0,
        "5": 0.0,
        "6": 0.0,
        "7": 0.0,
        "8": 0.0,
        "9": 0.0
      },
      "entropy_nat": 0.0
    },
    "11": {
      "n": 0,
      "class_counts": {
        "0": 0,
        "1": 0,
        "2": 0,
        "3": 0,
        "4": 0,
        "5": 0,
        "6": 0,
        "7": 0,
        "8": 0,
        "9": 0
      },
      "class_density": {
        "0": 0.0,
        "1": 0.0,
        "2": 0.0,
        "3": 0.0,
        "4": 0.0,
        "5": 0.0,
        "6": 0.0,
        "7": 0.0,
        "8": 0.0,
        "9": 0.0
      },
      "entropy_nat": 0.0
    },
    "12": {
      "n": 35,
      "class_counts": {
        "0": 18,
        "1": 1,
        "2": 5,
        "3": 7,
        "4": 1,
        "5": 3,
        "6": 0,
        "7": 0,
        "8": 0,
        "9": 0
      },
      "class_density": {
        "0": 0.5142857142857142,
        "1": 0.02857142857142857,
        "2": 0.14285714285714285,
        "3": 0.2,
        "4": 0.02857142857142857,
        "5": 0.08571428571428572,
        "6": 0.0,
        "7": 0.0,
        "8": 0.0,
        "9": 0.0
      },
      "entropy_nat": 1.3556
    },
    "13": {
      "n": 163,
      "class_counts": {
        "0": 2,
        "1": 20,
        "2": 24,
        "3": 14,
        "4": 33,
        "5": 30,
        "6": 17,
        "7": 1,
        "8": 17,
        "9": 5
      },
      "class_density": {
        "0": 0.012269938650306749,
        "1": 0.12269938650306748,
        "2": 0.147239263803681,
        "3": 0.08588957055214724,
        "4": 0.20245398773006135,
        "5": 0.18404907975460122,
        "6": 0.10429447852760736,
        "7": 0.006134969325153374,
        "8": 0.10429447852760736,
        "9": 0.03067484662576687
      },
      "entropy_nat": 2.0489
    },
    "14": {
      "n": 0,
      "class_counts": {
        "0": 0,
        "1": 0,
        "2": 0,
        "3": 0,
        "4": 0,
        "5": 0,
        "6": 0,
        "7": 0,
        "8": 0,
        "9": 0
      },
      "class_density": {
        "0": 0.0,
        "1": 0.0,
        "2": 0.0,
        "3": 0.0,
        "4": 0.0,
        "5": 0.0,
        "6": 0.0,
        "7": 0.0,
        "8": 0.0,
        "9": 0.0
      },
      "entropy_nat": 0.0
    },
    "15": {
      "n": 21,
      "class_counts": {
        "0": 5,
        "1": 11,
        "2": 3,
        "3": 1,