{
  "n_samples": 2000,
  "per_cluster": {
    "0": {
      "n": 1091,
      "class_counts": {
        "0": 59,
        "1": 18,
        "2": 76,
        "3": 91,
        "4": 165,
        "5": 125,
        "6": 80,
        "7": 161,
        "8": 146,
        "9": 170
      },
      "class_density": {
        "0": 0.054078826764436295,
        "1": 0.016498625114573784,
        "2": 0.06966086159486709,
        "3": 0.08340971585701192,
        "4": 0.15123739688359303,
        "5": 0.1145737855178735,
        "6": 0.07332722273143905,
        "7": 0.14757103574702107,
        "8": 0.13382218148487626,
        "9": 0.15582034830430797
      },
      "entropy_nat": 2.1849
    },
    "1": {
      "n": 43,
      "class_counts": {
        "0": 0,
        "1": 12,
        "2": 1,
        "3": 0,
        "4": 1,
        "5": 0,
        "6": 2,
        "7": 27,
        "8": 0,
        "9": 0
      },
      "class_density": {
        "0": 0.0,
        "1": 0.27906976744186046,
        "2": 0.023255813953488372,
        "3": 0.0,
        "4": 0.023255813953488372,
        "5": 0.0,
        "6": 0.046511627906976744,
        "7": 0.627906976744186,
        "8": 0.0,
        "9": 0.0
      },
      "entropy_nat": 0.966
    },
    "2": {
      "n": 0,
      "class_counts": {
        "0": 0,
        "1": 0,
        "2": 0,
        "3": 0,
        "4": 0,
        "5": 0,
        "6": 0,
        "7": 0,
        "8": 0,
        "9": 0
      },
      "class_density": {
        "0": 0.0,
        "1": 0.0,
        "2": 0.0,
        "3": 0.0,
        "4": 0.0,
        "5": 0.0,
        "6": 0.0,
        "7": 0.0,
        "8": 0.0,
        "9": 0.0
      },
      "entropy_nat": 0.0
    },
    "3": {
      "n": 0,
      "class_counts": {
        "0": 0,
        "1": 0,
        "2": 0,
        "3": 0,
        "4": 0,
        "5": 0,
        "6": 0,
        "7": 0,
        "8": 0,
        "9": 0
      },
      "class_density": {
        "0": 0.0,
        "1": 0.0,
        "2": 0.0,
        "3": 0.0,
        "4": 0.0,
        "5": 0.0,
        "6": 0.0,
        "7": 0.0,
        "8": 0.0,
        "9": 0.0
      },
      "entropy_nat": 0.0
    },
    "4": {
      "n": 0,
      "class_counts": {
        "0": 0,
        "1": 0,
        "2": 0,
        "3": 0,
        "4": 0,
        "5": 0,
        "6": 0,
        "7": 0,
        "8": 0,
        "9": 0
      },
      "class_density": {
        "0": 0.0,
        "1": 0.0,
        "2": 0.0,
        "3": 0.0,
        "4": 0.0,
        "5": 0.0,
        "6": 0.0,
        "7": 0.0,
        "8": 0.0,
        "9": 0.0
      },
      "entropy_nat": 0.0
    },
    "5": {
      "n": 13,
      "class_counts": {
        "0": 12,
        "1": 0,
        "2": 0,
        "3": 0,
        "4": 0,
        "5": 0,
        "6": 0,
        "7": 0,
        "8": 1,
        "9": 0
      },
      "class_density": {
        "0": 0.9230769230769231,
        "1": 0.0,
        "2": 0.0,
        "3": 0.0,
        "4": 0.0,
        "5": 0.0,
        "6": 0.0,
        "7": 0.0,
        "8": 0.07692307692307693,
        "9": 0.0
      },
      "entropy_nat": 0.2712
    },
    "6": {
      "n": 2,
      "class_counts": {
        "0": 2,
        "1": 0,
        "2": 0,
        "3": 0,
        "4": 0,
        "5": 0,
        "6": 0,
        "7": 0,
        "8": 0,
        "9": 0
      },
      "class_density": {
        "0": 1.0,
        "1": 0.0,
        "2": 0.0,
        "3": 0.0,
        "4": 0.0,
        "5": 0.0,
        "6": 0.0,
        "7": 0.0,
        "8": 0.0,
        "9": 0.0
      },
      "entropy_nat": -0.0
    },
    "7": {
      "n": 5,
      "class_counts": {
        "0": 0,
        "1": 5,
        "2": 0,
        "3": 0,
        "4": 0,
        "5": 0,
        "6": 0,
        "7": 0,
        "8": 0,
        "9": 0
      },
      "class_density": {
        "0": 0.0,
        "1": 1.0,
        "2": 0.0,
        "3": 0.0,
        "4": 0.0,
        "5": 0.0,
        "6": 0.0,
        "7": 0.0,
        "8": 0.0,
        "9": 0.0
      },
      "entropy_nat": -0.0
    },
    "8": {
      "n": 194,
      "class_counts": {
        "0": 0,
        "1": 60,
        "2": 19,
        "3": 16,
        "4": 18,
        "5": 5,
        "6": 52,
        "7": 23,
        "8": 1,
        "9": 0
      },
      "class_density": {
        "0": 0.0,
        "1": 0.30927835051546393,
        "2": 0.0979381443298969,
        "3": 0.08247422680412371,
        "4": 0.09278350515463918,
        "5": 0.02577319587628866,
        "6": 0.26804123711340205,
        "7": 0.11855670103092783,
        "8": 0.005154639175257732,
        "9": 0.0
      },
      "entropy_nat": 1.744
    },
    "9": {
      "n": 0,
      "class_counts": {
        "0": 0,
        "1": 0,
        "2": 0,
        "3": 0,
        "4": 0,
        "5": 0,
        "6": 0,
        "7": 0,
        "8": 0,
        "9": 0
      },
      "class_density": {
        "0": 0.0,
        "1": 0.0,
        "2": 0.0,
        "3": 0.0,
        "4": 0.0,
        "5": 0.0,
        "6": 0.0,
        "7": 0.0,
        "8": 0.0,
        "9": 0.0
      },
      "entropy_nat": 0.0
    },
    "10": {
      "n": 4,
      "class_counts": {
        "0": 4,
        "1": 0,
        "2": 0,
        "3": 0,
        "4": 0,
        "5": 0,
        "6": 0,
        "7": 0,
        "8": 0,
        "9": 0
      },
      "class_density": {
        "0": 1.0,
        "1": 0.0,
        "2": 0.0,
        "3": 0.0,
        "4": 0.0,
        "5": 0.0,
        "6": 0.0,
        "7": 0.0,
        "8": 0.0,
        "9": 0.0
      },
      "entropy_nat": -0.0
    },
    "11": {
      "n": 2,
      "class_counts": {
        "0": 0,
        "1": 2,
        "2": 0,
        "3": 0,
        "4": 0,
        "5": 0,
        "6": 0,
        "7": 0,
        "8": 0,
        "9": 0
      },
      "class_density": {
        "0": 0.0,
        "1": 1.0,
        "2": 0.0,
        "3": 0.0,
        "4": 0.0,
        "5": 0.0,
        "6": 0.0,
        "7": 0.0,
        "8": 0.0,
        "9": 0.0
      },
      "entropy_nat": -0.0
    },
    "12": {
      "n": 0,
      "class_counts": {
        "0": 0,
        "1": 0,
        "2": 0,
        "3": 0,
        "4": 0,
        "5": 0,
        "6": 0,
        "7": 0,
        "8": 0,
        "9": 0
      },
      "class_density": {
        "0": 0.0,
        "1": 0.0,
        "2": 0.0,
        "3": 0.0,
        "4": 0.0,
        "5": 0.0,
        "6": 0.0,
        "7": 0.0,
        "8": 0.0,
        "9": 0.0
      },
      "entropy_nat": 0.0
    },
    "13": {
      "n": 10,
      "class_counts": {
        "0": 5,
        "1": 0,
        "2": 0,
        "3": 0,
        "4": 0,
        "5": 0,
        "6": 4,
        "7": 0,
        "8": 1,
        "9": 0
      },
      "class_density": {
        "0": 0.5,
        "1": 0.0,
        "2": 0.0,
        "3": 0.0,
        "4": 0.0,
        "5": 0.0,
        "6": 0.4,
        "7": 0.0,
        "8": 0.1,
        "9": 0.0
      },
      "entropy_nat": 0.9433
    },
    "14": {
      "n": 121,
      "class_counts": {
        "0": 45,
        "1": 0,
        "2": 9,
        "3": 14,
        "4": 2,
        "5": 19,
        "6": 22,
        "7": 3,
        "8": 7,
        "9": 0
      },
      "class_density": {
        "0": 0.371900826446281,
        "1": 0.0,
        "2": 0.0743801652892562,
        "3": 0.11570247933884298,
        "4": 0.01652892561983471,
        "5": 0.15702479338842976,
        "6": 0.18181818181818182,
        "7": 0.024793388429752067,
        "8": 0.05785123966942149,
        "9": 0.0
      },
      "entropy_nat": 1.7357
    },
    "15": {
      "n": 48,
      "class_counts": {
        "0": 0,
        "1": 43,
        "2": 2,
        "3": 1,
        "4": 1,
        "5": 0,
        "6": 0,
        "7": 0,
        "8": 1,
        "9": 0
      },
      "class_density": {
        "0": 0.0,
        "1": 0.8958333333333334,
        "2": 0.041666666666666664,
        "3": 0.020833333333333332,
        "4": 0.020833333333333332,
        "5": 0.0,
        "6": 0.0,