{
  "run_dir": "samplesvdd/hySpUnsup/runs/sensitivity_v3/grid_lb20_ub0p30",
  "checkpoint": "samplesvdd/hySpUnsup/runs/sensitivity_v3/grid_lb20_ub0p30/checkpoint_v2.pth",
  "n_spheres": 30,
  "curvature": 1.0,
  "objective": "union-soft",
  "active_cluster_mask": [
    true,
    false,
    false,
    true,
    true,
    true,
    true,
    true,
    true,
    true,
    true,
    true,
    true,
    true,
    true,
    true,
    true,
    true,
    true,
    true,
    true,
    true,
    true,
    true,
    true,
    true,
    true,
    true,
    true,
    true
  ],
  "train_macro_auc": 0.4997787548182133,
  "train_per_digit_auc": {
    "0": 0.32166774862694936,
    "1": 0.41328959860188597,
    "2": 0.45299419201892277,
    "3": 0.411321053019418,
    "4": 0.5891497613004288,
    "5": 0.37773736196109,
    "6": 0.6612221650583939,
    "7": 0.6136647104194957,
    "8": 0.48788355842356046,
    "9": 0.668857398751988
  },
  "test_macro_auc": 0.500434898480657,
  "test_per_digit_auc": {
    "0": 0.3218667925751536,
    "1": 0.41222483058432424,
    "2": 0.46075467524918123,
    "3": 0.4187332459113221,
    "4": 0.5781646809573218,
    "5": 0.3858734035893788,
    "6": 0.6587202639945546,
    "7": 0.6072795597054558,
    "8": 0.49190407853580476,
    "9": 0.6688274537040733
  }
}