{
  "n_samples": 2000,
  "per_cluster": {
    "0": {
      "n": 0,
      "class_counts": {
        "0": 0,
        "1": 0,
        "2": 0,
        "3": 0,
        "4": 0,
        "5": 0,
        "6": 0,
        "7": 0,
        "8": 0,
        "9": 0
      },
      "class_density": {
        "0": 0.0,
        "1": 0.0,
        "2": 0.0,
        "3": 0.0,
        "4": 0.0,
        "5": 0.0,
        "6": 0.0,
        "7": 0.0,
        "8": 0.0,
        "9": 0.0
      },
      "entropy_nat": 0.0
    },
    "1": {
      "n": 0,
      "class_counts": {
        "0": 0,
        "1": 0,
        "2": 0,
        "3": 0,
        "4": 0,
        "5": 0,
        "6": 0,
        "7": 0,
        "8": 0,
        "9": 0
      },
      "class_density": {
        "0": 0.0,
        "1": 0.0,
        "2": 0.0,
        "3": 0.0,
        "4": 0.0,
        "5": 0.0,
        "6": 0.0,
        "7": 0.0,
        "8": 0.0,
        "9": 0.0
      },
      "entropy_nat": 0.0
    },
    "2": {
      "n": 0,
      "class_counts": {
        "0": 0,
        "1": 0,
        "2": 0,
        "3": 0,
        "4": 0,
        "5": 0,
        "6": 0,
        "7": 0,
        "8": 0,
        "9": 0
      },
      "class_density": {
        "0": 0.0,
        "1": 0.0,
        "2": 0.0,
        "3": 0.0,
        "4": 0.0,
        "5": 0.0,
        "6": 0.0,
        "7": 0.0,
        "8": 0.0,
        "9": 0.0
      },
      "entropy_nat": 0.0
    },
    "3": {
      "n": 35,
      "class_counts": {
        "0": 0,
        "1": 0,
        "2": 10,
        "3": 17,
        "4": 1,
        "5": 2,
        "6": 0,
        "7": 1,
        "8": 4,
        "9": 0
      },
      "class_density": {
        "0": 0.0,
        "1": 0.0,
        "2": 0.2857142857142857,
        "3": 0.4857142857142857,
        "4": 0.02857142857142857,
        "5": 0.05714285714285714,
        "6": 0.0,
        "7": 0.02857142857142857,
        "8": 0.11428571428571428,
        "9": 0.0
      },
      "entropy_nat": 1.3233
    },
    "4": {
      "n": 5,
      "class_counts": {
        "0": 0,
        "1": 0,
        "2": 3,
        "3": 2,
        "4": 0,
        "5": 0,
        "6": 0,
        "7": 0,
        "8": 0,
        "9": 0
      },
      "class_density": {
        "0": 0.0,
        "1": 0.0,
        "2": 0.6,
        "3": 0.4,
        "4": 0.0,
        "5": 0.0,
        "6": 0.0,
        "7": 0.0,
        "8": 0.0,
        "9": 0.0
      },
      "entropy_nat": 0.673
    },
    "5": {
      "n": 12,
      "class_counts": {
        "0": 0,
        "1": 0,
        "2": 0,
        "3": 0,
        "4": 1,
        "5": 0,
        "6": 0,
        "7": 1,
        "8": 0,
        "9": 10
      },
      "class_density": {
        "0": 0.0,
        "1": 0.0,
        "2": 0.0,
        "3": 0.0,
        "4": 0.08333333333333333,
        "5": 0.0,
        "6": 0.0,
        "7": 0.08333333333333333,
        "8": 0.0,
        "9": 0.8333333333333334
      },
      "entropy_nat": 0.5661
    },
    "6": {
      "n": 13,
      "class_counts": {
        "0": 0,
        "1": 0,
        "2": 13,
        "3": 0,
        "4": 0,
        "5": 0,
        "6": 0,
        "7": 0,
        "8": 0,
        "9": 0
      },
      "class_density": {
        "0": 0.0,
        "1": 0.0,
        "2": 1.0,
        "3": 0.0,
        "4": 0.0,
        "5": 0.0,
        "6": 0.0,
        "7": 0.0,
        "8": 0.0,
        "9": 0.0
      },
      "entropy_nat": -0.0
    },
    "7": {
      "n": 25,
      "class_counts": {
        "0": 2,
        "1": 0,
        "2": 3,
        "3": 0,
        "4": 1,
        "5": 3,
        "6": 9,
        "7": 1,
        "8": 3,
        "9": 3
      },
      "class_density": {
        "0": 0.08,
        "1": 0.0,
        "2": 0.12,
        "3": 0.0,
        "4": 0.04,
        "5": 0.12,
        "6": 0.36,
        "7": 0.04,
        "8": 0.12,
        "9": 0.12
      },
      "entropy_nat": 1.8451
    },
    "8": {
      "n": 688,
      "class_counts": {
        "0": 72,
        "1": 63,
        "2": 51,
        "3": 86,
        "4": 94,
        "5": 109,
        "6": 14,
        "7": 44,
        "8": 115,
        "9": 40
      },
      "class_density": {
        "0": 0.10465116279069768,
        "1": 0.09156976744186046,
        "2": 0.07412790697674419,
        "3": 0.125,
        "4": 0.13662790697674418,
        "5": 0.15843023255813954,
        "6": 0.020348837209302327,
        "7": 0.06395348837209303,
        "8": 0.16715116279069767,
        "9": 0.05813953488372093
      },
      "entropy_nat": 2.1913
    },
    "9": {
      "n": 21,
      "class_counts": {
        "0": 2,
        "1": 0,
        "2": 0,
        "3": 0,
        "4": 0,
        "5": 18,
        "6": 1,
        "7": 0,
        "8": 0,
        "9": 0
      },
      "class_density": {
        "0": 0.09523809523809523,
        "1": 0.0,
        "2": 0.0,
        "3": 0.0,
        "4": 0.0,
        "5": 0.8571428571428571,
        "6": 0.047619047619047616,
        "7": 0.0,
        "8": 0.0,
        "9": 0.0
      },
      "entropy_nat": 0.501
    },
    "10": {
      "n": 6,
      "class_counts": {
        "0": 0,
        "1": 0,
        "2": 0,
        "3": 0,
        "4": 0,
        "5": 0,
        "6": 0,
        "7": 0,
        "8": 0,
        "9": 6
      },
      "class_density": {
        "0": 0.0,
        "1": 0.0,
        "2": 0.0,
        "3": 0.0,
        "4": 0.0,
        "5": 0.0,
        "6": 0.0,
        "7": 0.0,
        "8": 0.0,
        "9": 1.0
      },
      "entropy_nat": -0.0
    },
    "11": {
      "n": 9,
      "class_counts": {
        "0": 0,
        "1": 9,
        "2": 0,
        "3": 0,
        "4": 0,
        "5": 0,
        "6": 0,
        "7": 0,
        "8": 0,
        "9": 0
      },
      "class_density": {
        "0": 0.0,
        "1": 1.0,
        "2": 0.0,
        "3": 0.0,
        "4": 0.0,
        "5": 0.0,
        "6": 0.0,
        "7": 0.0,
        "8": 0.0,
        "9": 0.0
      },
      "entropy_nat": -0.0
    },
    "12": {
      "n": 62,
      "class_counts": {
        "0": 50,
        "1": 1,
        "2": 0,
        "3": 3,
        "4": 0,
        "5": 6,
        "6": 0,
        "7": 0,
        "8": 1,
        "9": 1
      },
      "class_density": {
        "0": 0.8064516129032258,
        "1": 0.016129032258064516,
        "2": 0.0,
        "3": 0.04838709677419355,
        "4": 0.0,
        "5": 0.0967741935483871,
        "6": 0.0,
        "7": 0.0,
        "8": 0.016129032258064516,
        "9": 0.016129032258064516
      },
      "entropy_nat": 0.7457
    },
    "13": {
      "n": 9,
      "class_counts": {
        "0": 8,
        "1": 0,
        "2": 0,
        "3": 0,
        "4": 0,
        "5": 0,
        "6": 0,
        "7": 0,
        "8": 1,
        "9": 0
      },
      "class_density": {
        "0": 0.8888888888888888,
        "1": 0.0,
        "2": 0.0,
        "3": 0.0,
        "4": 0.0,
        "5": 0.0,
        "6": 0.0,
        "7": 0.0,
        "8": 0.1111111111111111,
        "9": 0.0
      },
      "entropy_nat": 0.3488
    },
    "14": {
      "n": 47,
      "class_counts": {
        "0": 0,
        "1": 0,
        "2": 0,
        "3": 1,
        "4": 16,
        "5": 0,
        "6": 0,
        "7": 1,
        "8": 2,
        "9": 27
      },
      "class_density": {
        "0": 0.0,
        "1": 0.0,
        "2": 0.0,
        "3": 0.02127659574468085,
        "4": 0.3404255319148936,
        "5": 0.0,
        "6": 0.0,
        "7": 0.02127659574468085,
        "8": 0.0425531914893617,
        "9": 0.574468085106383
      },
      "entropy_nat": 0.9834
    },
    "15": {
      "n": 17,
      "class_counts": {
        "0": 0,
        "1": 0,
        "2": 0,
        "3": 0,
        "4": 0,
        "5": 0,
        "6": 17,
        "7": 0,
        "8": 0,
        "9": 0
      },
      "class_density": {
        "0": 0.0,
        "1": 0.0,
        "2": 0.0,
        "3": 0.0,
        "4": 0.0,
        "5": 0.0,
        "6": 1.0,
        "7": 0.0,
        "8": 0.0,