{
  "n_samples": 2000,
  "per_cluster": {
    "0": {
      "n": 0,
      "class_counts": {
        "0": 0,
        "1": 0,
        "2": 0,
        "3": 0,
        "4": 0,
        "5": 0,
        "6": 0,
        "7": 0,
        "8": 0,
        "9": 0
      },
      "class_density": {
        "0": 0.0,
        "1": 0.0,
        "2": 0.0,
        "3": 0.0,
        "4": 0.0,
        "5": 0.0,
        "6": 0.0,
        "7": 0.0,
        "8": 0.0,
        "9": 0.0
      },
      "entropy_nat": 0.0
    },
    "1": {
      "n": 0,
      "class_counts": {
        "0": 0,
        "1": 0,
        "2": 0,
        "3": 0,
        "4": 0,
        "5": 0,
        "6": 0,
        "7": 0,
        "8": 0,
        "9": 0
      },
      "class_density": {
        "0": 0.0,
        "1": 0.0,
        "2": 0.0,
        "3": 0.0,
        "4": 0.0,
        "5": 0.0,
        "6": 0.0,
        "7": 0.0,
        "8": 0.0,
        "9": 0.0
      },
      "entropy_nat": 0.0
    },
    "2": {
      "n": 0,
      "class_counts": {
        "0": 0,
        "1": 0,
        "2": 0,
        "3": 0,
        "4": 0,
        "5": 0,
        "6": 0,
        "7": 0,
        "8": 0,
        "9": 0
      },
      "class_density": {
        "0": 0.0,
        "1": 0.0,
        "2": 0.0,
        "3": 0.0,
        "4": 0.0,
        "5": 0.0,
        "6": 0.0,
        "7": 0.0,
        "8": 0.0,
        "9": 0.0
      },
      "entropy_nat": 0.0
    },
    "3": {
      "n": 32,
      "class_counts": {
        "0": 0,
        "1": 0,
        "2": 16,
        "3": 10,
        "4": 0,
        "5": 4,
        "6": 0,
        "7": 0,
        "8": 0,
        "9": 2
      },
      "class_density": {
        "0": 0.0,
        "1": 0.0,
        "2": 0.5,
        "3": 0.3125,
        "4": 0.0,
        "5": 0.125,
        "6": 0.0,
        "7": 0.0,
        "8": 0.0,
        "9": 0.0625
      },
      "entropy_nat": 1.1433
    },
    "4": {
      "n": 6,
      "class_counts": {
        "0": 0,
        "1": 0,
        "2": 1,
        "3": 4,
        "4": 0,
        "5": 0,
        "6": 0,
        "7": 0,
        "8": 1,
        "9": 0
      },
      "class_density": {
        "0": 0.0,
        "1": 0.0,
        "2": 0.16666666666666666,
        "3": 0.6666666666666666,
        "4": 0.0,
        "5": 0.0,
        "6": 0.0,
        "7": 0.0,
        "8": 0.16666666666666666,
        "9": 0.0
      },
      "entropy_nat": 0.8676
    },
    "5": {
      "n": 9,
      "class_counts": {
        "0": 0,
        "1": 0,
        "2": 0,
        "3": 0,
        "4": 0,
        "5": 0,
        "6": 0,
        "7": 0,
        "8": 0,
        "9": 9
      },
      "class_density": {
        "0": 0.0,
        "1": 0.0,
        "2": 0.0,
        "3": 0.0,
        "4": 0.0,
        "5": 0.0,
        "6": 0.0,
        "7": 0.0,
        "8": 0.0,
        "9": 1.0
      },
      "entropy_nat": -0.0
    },
    "6": {
      "n": 10,
      "class_counts": {
        "0": 0,
        "1": 0,
        "2": 9,
        "3": 1,
        "4": 0,
        "5": 0,
        "6": 0,
        "7": 0,
        "8": 0,
        "9": 0
      },
      "class_density": {
        "0": 0.0,
        "1": 0.0,
        "2": 0.9,
        "3": 0.1,
        "4": 0.0,
        "5": 0.0,
        "6": 0.0,
        "7": 0.0,
        "8": 0.0,
        "9": 0.0
      },
      "entropy_nat": 0.3251
    },
    "7": {
      "n": 28,
      "class_counts": {
        "0": 0,
        "1": 0,
        "2": 1,
        "3": 1,
        "4": 5,
        "5": 7,
        "6": 8,
        "7": 0,
        "8": 3,
        "9": 3
      },
      "class_density": {
        "0": 0.0,
        "1": 0.0,
        "2": 0.03571428571428571,
        "3": 0.03571428571428571,
        "4": 0.17857142857142858,
        "5": 0.25,
        "6": 0.2857142857142857,
        "7": 0.0,
        "8": 0.10714285714285714,
        "9": 0.10714285714285714
      },
      "entropy_nat": 1.7288
    },
    "8": {
      "n": 726,
      "class_counts": {
        "0": 75,
        "1": 78,
        "2": 45,
        "3": 96,
        "4": 74,
        "5": 99,
        "6": 11,
        "7": 52,
        "8": 144,
        "9": 52
      },
      "class_density": {
        "0": 0.10330578512396695,
        "1": 0.10743801652892562,
        "2": 0.06198347107438017,
        "3": 0.1322314049586777,
        "4": 0.10192837465564739,
        "5": 0.13636363636363635,
        "6": 0.015151515151515152,
        "7": 0.07162534435261708,
        "8": 0.19834710743801653,
        "9": 0.07162534435261708
      },
      "entropy_nat": 2.1805
    },
    "9": {
      "n": 21,
      "class_counts": {
        "0": 2,
        "1": 0,
        "2": 0,
        "3": 0,
        "4": 0,
        "5": 16,
        "6": 1,
        "7": 0,
        "8": 2,
        "9": 0
      },
      "class_density": {
        "0": 0.09523809523809523,
        "1": 0.0,
        "2": 0.0,
        "3": 0.0,
        "4": 0.0,
        "5": 0.7619047619047619,
        "6": 0.047619047619047616,
        "7": 0.0,
        "8": 0.09523809523809523,
        "9": 0.0
      },
      "entropy_nat": 0.8
    },
    "10": {
      "n": 10,
      "class_counts": {
        "0": 0,
        "1": 0,
        "2": 0,
        "3": 0,
        "4": 1,
        "5": 0,
        "6": 0,
        "7": 0,
        "8": 0,
        "9": 9
      },
      "class_density": {
        "0": 0.0,
        "1": 0.0,
        "2": 0.0,
        "3": 0.0,
        "4": 0.1,
        "5": 0.0,
        "6": 0.0,
        "7": 0.0,
        "8": 0.0,
        "9": 0.9
      },
      "entropy_nat": 0.3251
    },
    "11": {
      "n": 15,
      "class_counts": {
        "0": 0,
        "1": 15,
        "2": 0,
        "3": 0,
        "4": 0,
        "5": 0,
        "6": 0,
        "7": 0,
        "8": 0,
        "9": 0
      },
      "class_density": {
        "0": 0.0,
        "1": 1.0,
        "2": 0.0,
        "3": 0.0,
        "4": 0.0,
        "5": 0.0,
        "6": 0.0,
        "7": 0.0,
        "8": 0.0,
        "9": 0.0
      },
      "entropy_nat": -0.0
    },
    "12": {
      "n": 67,
      "class_counts": {
        "0": 50,
        "1": 2,
        "2": 3,
        "3": 2,
        "4": 0,
        "5": 5,
        "6": 1,
        "7": 1,
        "8": 2,
        "9": 1
      },
      "class_density": {
        "0": 0.746268656716418,
        "1": 0.029850746268656716,
        "2": 0.04477611940298507,
        "3": 0.029850746268656716,
        "4": 0.0,
        "5": 0.07462686567164178,
        "6": 0.014925373134328358,
        "7": 0.014925373134328358,
        "8": 0.029850746268656716,
        "9": 0.014925373134328358
      },
      "entropy_nat": 1.0539
    },
    "13": {
      "n": 6,
      "class_counts": {
        "0": 6,
        "1": 0,
        "2": 0,
        "3": 0,
        "4": 0,
        "5": 0,
        "6": 0,
        "7": 0,
        "8": 0,
        "9": 0
      },
      "class_density": {
        "0": 1.0,
        "1": 0.0,
        "2": 0.0,
        "3": 0.0,
        "4": 0.0,
        "5": 0.0,
        "6": 0.0,
        "7": 0.0,
        "8": 0.0,
        "9": 0.0
      },
      "entropy_nat": -0.0
    },
    "14": {
      "n": 44,
      "class_counts": {
        "0": 0,
        "1": 0,
        "2": 0,
        "3": 0,
        "4": 16,
        "5": 0,
        "6": 0,
        "7": 1,
        "8": 1,
        "9": 26
      },
      "class_density": {
        "0": 0.0,
        "1": 0.0,
        "2": 0.0,
        "3": 0.0,
        "4": 0.36363636363636365,
        "5": 0.0,
        "6": 0.0,
        "7": 0.022727272727272728,
        "8": 0.022727272727272728,
        "9": 0.5909090909090909
      },
      "entropy_nat": 0.8507
    },
    "15": {
      "n": 10,
      "class_counts": {
        "0": 1,
        "1": 0,
        "2": 0,
        "3": 0,
        "4": 0,
        "5": 0,
        "6": 9,
        "7": 0,
        "8": 0,
        "9": 0
      },
      "class_density": {
        "0": 0.1,
        "1": 0.0,
        "2": 0.0,
        "3": 0.0,
        "4": 0.0,
        "5": 0.0,
        "6": 0.9,