{
  "run_dir": "samplesvdd/hySpUnsup/runs/sensitivity_v3/grid_lb100_ub0p20",
  "checkpoint": "samplesvdd/hySpUnsup/runs/sensitivity_v3/grid_lb100_ub0p20/checkpoint_v2.pth",
  "n_spheres": 30,
  "curvature": 1.0,
  "objective": "union-soft",
  "active_cluster_mask": [
    true,
    false,
    false,
    false,
    true,
    false,
    true,
    false,
    false,
    false,
    false,
    false,
    true,
    false,
    true,
    false,
    false,
    true,
    true,
    true,
    true,
    false,
    false,
    true,
    true,
    true,
    false,
    false,
    false,
    true
  ],
  "train_macro_auc": 0.5026120256923818,
  "train_per_digit_auc": {
    "0": 0.3411036245669472,
    "1": 0.33408527781032765,
    "2": 0.5402940982353572,
    "3": 0.6010172144154672,
    "4": 0.7215387286815047,
    "5": 0.49802723005681054,
    "6": 0.3139190236214793,
    "7": 0.32959052656396126,
    "8": 0.6488504032207633,
    "9": 0.697694129751201
  },
  "test_macro_auc": 0.5031404209375019,
  "test_per_digit_auc": {
    "0": 0.3403483597642297,
    "1": 0.3303220048587137,
    "2": 0.5535661765748394,
    "3": 0.6006124429373975,
    "4": 0.7104287736836331,
    "5": 0.5132019663301699,
    "6": 0.3006961161897705,
    "7": 0.34026322519977203,
    "8": 0.6467174811506677,
    "9": 0.695247662685825
  }
}