{
  "n_samples": 2000,
  "per_cluster": {
    "0": {
      "n": 0,
      "class_counts": {
        "0": 0,
        "1": 0,
        "2": 0,
        "3": 0,
        "4": 0,
        "5": 0,
        "6": 0,
        "7": 0,
        "8": 0,
        "9": 0
      },
      "class_density": {
        "0": 0.0,
        "1": 0.0,
        "2": 0.0,
        "3": 0.0,
        "4": 0.0,
        "5": 0.0,
        "6": 0.0,
        "7": 0.0,
        "8": 0.0,
        "9": 0.0
      },
      "entropy_nat": 0.0
    },
    "1": {
      "n": 0,
      "class_counts": {
        "0": 0,
        "1": 0,
        "2": 0,
        "3": 0,
        "4": 0,
        "5": 0,
        "6": 0,
        "7": 0,
        "8": 0,
        "9": 0
      },
      "class_density": {
        "0": 0.0,
        "1": 0.0,
        "2": 0.0,
        "3": 0.0,
        "4": 0.0,
        "5": 0.0,
        "6": 0.0,
        "7": 0.0,
        "8": 0.0,
        "9": 0.0
      },
      "entropy_nat": 0.0
    },
    "2": {
      "n": 0,
      "class_counts": {
        "0": 0,
        "1": 0,
        "2": 0,
        "3": 0,
        "4": 0,
        "5": 0,
        "6": 0,
        "7": 0,
        "8": 0,
        "9": 0
      },
      "class_density": {
        "0": 0.0,
        "1": 0.0,
        "2": 0.0,
        "3": 0.0,
        "4": 0.0,
        "5": 0.0,
        "6": 0.0,
        "7": 0.0,
        "8": 0.0,
        "9": 0.0
      },
      "entropy_nat": 0.0
    },
    "3": {
      "n": 0,
      "class_counts": {
        "0": 0,
        "1": 0,
        "2": 0,
        "3": 0,
        "4": 0,
        "5": 0,
        "6": 0,
        "7": 0,
        "8": 0,
        "9": 0
      },
      "class_density": {
        "0": 0.0,
        "1": 0.0,
        "2": 0.0,
        "3": 0.0,
        "4": 0.0,
        "5": 0.0,
        "6": 0.0,
        "7": 0.0,
        "8": 0.0,
        "9": 0.0
      },
      "entropy_nat": 0.0
    },
    "4": {
      "n": 458,
      "class_counts": {
        "0": 57,
        "1": 35,
        "2": 129,
        "3": 98,
        "4": 3,
        "5": 59,
        "6": 41,
        "7": 4,
        "8": 27,
        "9": 5
      },
      "class_density": {
        "0": 0.12445414847161572,
        "1": 0.07641921397379912,
        "2": 0.2816593886462882,
        "3": 0.21397379912663755,
        "4": 0.006550218340611353,
        "5": 0.12882096069868995,
        "6": 0.08951965065502183,
        "7": 0.008733624454148471,
        "8": 0.05895196506550218,
        "9": 0.010917030567685589
      },
      "entropy_nat": 1.9132
    },
    "5": {
      "n": 0,
      "class_counts": {
        "0": 0,
        "1": 0,
        "2": 0,
        "3": 0,
        "4": 0,
        "5": 0,
        "6": 0,
        "7": 0,
        "8": 0,
        "9": 0
      },
      "class_density": {
        "0": 0.0,
        "1": 0.0,
        "2": 0.0,
        "3": 0.0,
        "4": 0.0,
        "5": 0.0,
        "6": 0.0,
        "7": 0.0,
        "8": 0.0,
        "9": 0.0
      },
      "entropy_nat": 0.0
    },
    "6": {
      "n": 0,
      "class_counts": {
        "0": 0,
        "1": 0,
        "2": 0,
        "3": 0,
        "4": 0,
        "5": 0,
        "6": 0,
        "7": 0,
        "8": 0,
        "9": 0
      },
      "class_density": {
        "0": 0.0,
        "1": 0.0,
        "2": 0.0,
        "3": 0.0,
        "4": 0.0,
        "5": 0.0,
        "6": 0.0,
        "7": 0.0,
        "8": 0.0,
        "9": 0.0
      },
      "entropy_nat": 0.0
    },
    "7": {
      "n": 0,
      "class_counts": {
        "0": 0,
        "1": 0,
        "2": 0,
        "3": 0,
        "4": 0,
        "5": 0,
        "6": 0,
        "7": 0,
        "8": 0,
        "9": 0
      },
      "class_density": {
        "0": 0.0,
        "1": 0.0,
        "2": 0.0,
        "3": 0.0,
        "4": 0.0,
        "5": 0.0,
        "6": 0.0,
        "7": 0.0,
        "8": 0.0,
        "9": 0.0
      },
      "entropy_nat": 0.0
    },
    "8": {
      "n": 0,
      "class_counts": {
        "0": 0,
        "1": 0,
        "2": 0,
        "3": 0,
        "4": 0,
        "5": 0,
        "6": 0,
        "7": 0,
        "8": 0,
        "9": 0
      },
      "class_density": {
        "0": 0.0,
        "1": 0.0,
        "2": 0.0,
        "3": 0.0,
        "4": 0.0,
        "5": 0.0,
        "6": 0.0,
        "7": 0.0,
        "8": 0.0,
        "9": 0.0
      },
      "entropy_nat": 0.0
    },
    "9": {
      "n": 0,
      "class_counts": {
        "0": 0,
        "1": 0,
        "2": 0,
        "3": 0,
        "4": 0,
        "5": 0,
        "6": 0,
        "7": 0,
        "8": 0,
        "9": 0
      },
      "class_density": {
        "0": 0.0,
        "1": 0.0,
        "2": 0.0,
        "3": 0.0,
        "4": 0.0,
        "5": 0.0,
        "6": 0.0,
        "7": 0.0,
        "8": 0.0,
        "9": 0.0
      },
      "entropy_nat": 0.0
    },
    "10": {
      "n": 0,
      "class_counts": {
        "0": 0,
        "1": 0,
        "2": 0,
        "3": 0,
        "4": 0,
        "5": 0,
        "6": 0,
        "7": 0,
        "8": 0,
        "9": 0
      },
      "class_density": {
        "0": 0.0,
        "1": 0.0,
        "2": 0.0,
        "3": 0.0,
        "4": 0.0,
        "5": 0.0,
        "6": 0.0,
        "7": 0.0,
        "8": 0.0,
        "9": 0.0
      },
      "entropy_nat": 0.0
    },
    "11": {
      "n": 0,
      "class_counts": {
        "0": 0,
        "1": 0,
        "2": 0,
        "3": 0,
        "4": 0,
        "5": 0,
        "6": 0,
        "7": 0,
        "8": 0,
        "9": 0
      },
      "class_density": {
        "0": 0.0,
        "1": 0.0,
        "2": 0.0,
        "3": 0.0,
        "4": 0.0,
        "5": 0.0,
        "6": 0.0,
        "7": 0.0,
        "8": 0.0,
        "9": 0.0
      },
      "entropy_nat": 0.0
    },
    "12": {
      "n": 73,
      "class_counts": {
        "0": 65,
        "1": 0,
        "2": 0,
        "3": 2,
        "4": 0,
        "5": 6,
        "6": 0,
        "7": 0,
        "8": 0,
        "9": 0
      },
      "class_density": {
        "0": 0.8904109589041096,
        "1": 0.0,
        "2": 0.0,
        "3": 0.0273972602739726,
        "4": 0.0,
        "5": 0.0821917808219178,
        "6": 0.0,
        "7": 0.0,
        "8": 0.0,
        "9": 0.0
      },
      "entropy_nat": 0.4073
    },
    "13": {
      "n": 0,
      "class_counts": {
        "0": 0,
        "1": 0,
        "2": 0,
        "3": 0,
        "4": 0,
        "5": 0,
        "6": 0,
        "7": 0,
        "8": 0,
        "9": 0
      },
      "class_density": {
        "0": 0.0,
        "1": 0.0,
        "2": 0.0,
        "3": 0.0,
        "4": 0.0,
        "5": 0.0,
        "6": 0.0,
        "7": 0.0,
        "8": 0.0,
        "9": 0.0
      },
      "entropy_nat": 0.0
    },
    "14": {
      "n": 21,
      "class_counts": {
        "0": 0,
        "1": 0,
        "2": 0,
        "3": 0,
        "4": 4,
        "5": 0,
        "6": 0,
        "7": 8,
        "8": 0,
        "9": 9
      },
      "class_density": {
        "0": 0.0,
        "1": 0.0,
        "2": 0.0,
        "3": 0.0,
        "4": 0.19047619047619047,
        "5": 0.0,
        "6": 0.0,
        "7": 0.38095238095238093,
        "8": 0.0,
        "9": 0.42857142857142855
      },
      "entropy_nat": 1.0466
    },
    "15": {
      "n": 0,
      "class_counts": {
        "0": 0,
        "1": 0,
        "2": 0,
        "3": 0,
        "4": 0,
        "5": 0,
        "6": 0,
        "7": 0,
        "8": 0,
        "9": 0
      },
      "class_density": {
        "0": 0.0,
        "1": 0.0,
        "2": 0.0,
        "3": 0.0,
        "4": 0.0,
        "5": 0.0,
        "6": 0.0,
        "7": 0.0,
        "8": 0.0,
        "9": 0.0
      },
      "entropy_nat": 0.0
    },
    "16": {
      "n": 0,
      "class_counts": {
        "0": 0,
        "1": 0,
        "2": 0,
        "3": 0,
        "4": 0,
        "5": 0,
        "6": 0,
        "7": 0,
        "8": 0,
        "9": 0
      },
      "class_density": {
        "0": 0.0,
        "1": 0.0,