{
  "run_dir": "samplesvdd/hySpUnsup/runs/sensitivity_v3/chaos_0p35",
  "checkpoint": "samplesvdd/hySpUnsup/runs/sensitivity_v3/chaos_0p35/checkpoint_v2.pth",
  "n_spheres": 30,
  "curvature": 1.0,
  "objective": "union-soft",
  "active_cluster_mask": [
    true,
    true,
    true,
    false,
    true,
    true,
    true,
    true,
    true,
    true,
    true,
    true,
    false,
    true,
    false,
    false,
    false,
    true,
    true,
    true,
    true,
    false,
    false,
    false,
    false,
    true,
    true,
    false,
    true,
    true
  ],
  "train_macro_auc": 0.5012161808364658,
  "train_per_digit_auc": {
    "0": 0.36584668945232035,
    "1": 0.4228078006083805,
    "2": 0.22006249576412673,
    "3": 0.27214537296928143,
    "4": 0.7458349097326042,
    "5": 0.5008101310484655,
    "6": 0.4246970411764079,
    "7": 0.6535758443248536,
    "8": 0.7180831216572723,
    "9": 0.6882984016309455
  },
  "test_macro_auc": 0.5027660282120071,
  "test_per_digit_auc": {
    "0": 0.36706561023860795,
    "1": 0.41307096279248184,
    "2": 0.22312126582637423,
    "3": 0.2918093835833686,
    "4": 0.7393916515406034,
    "5": 0.5043541061779144,
    "6": 0.4176360539821763,
    "7": 0.6568428082464611,
    "8": 0.7187533761447117,
    "9": 0.6956150635873716
  }
}