{
  "best_epoch": 10,
  "best_macro_auc": 0.7424052055555556,
  "per_digit_best_auc": {
    "0": 0.7859773333333334,
    "1": 0.7105130555555554,
    "2": 0.7276082777777777,
    "3": 0.6683457222222222,
    "4": 0.7793747222222223,
    "5": 0.673705,
    "6": 0.7992405,
    "7": 0.7172542222222222,
    "8": 0.842831,
    "9": 0.7192022222222222
  },
  "curvature": 1.0,
  "objective": "soft-boundary",
  "lambda_excl": 0.01,
  "margin_excl": 0.1,
  "lambda_overlap": 0.0,
  "margin_overlap": 0.05
}