{
  "macro_svdd_auc": 0.9130502156476193,
  "per_digit_svdd_auc": {
    "0": 0.9835190006466483,
    "1": 0.998074630034041,
    "2": 0.8249751480986008,
    "3": 0.8819427809153817,
    "4": 0.8446664280679813,
    "5": 0.8995584756178896,
    "6": 0.9639859562779997,
    "7": 0.9213058870500287,
    "8": 0.8971303184547115,
    "9": 0.9153435313129101
  },
  "csv": "D:\\Doctorate\\EngineCheck\\oasplTurbojet\\SampleSvDD\\samplesvdd\\hySpCheck\\runs\\ablate_mnist_no_excl\\eval_hyperbolic\\global_top_anomalies.csv"
}