{
  "version": 2,
  "checkpoint_selection": "min_training_loss",
  "best_epoch": 20,
  "best_training_loss": 0.41606352681463415,
  "macro_auc_test_at_best_epoch": 0.5028708062417986,
  "per_digit_auc_at_best_epoch": {
    "0": 0.9377167850684198,
    "1": 0.3094797340493543,
    "2": 0.463072975003899,
    "3": 0.5067438483023639,
    "4": 0.3324969855539146,
    "5": 0.4869560472110517,
    "6": 0.6058564457808833,
    "7": 0.33998268905086093,
    "8": 0.6668526905240106,
    "9": 0.3795498618732274
  },
  "macro_auc_test_pruned_active_spheres": 0.5023037787444846,
  "per_digit_auc_test_pruned_active_spheres": {
    "0": 0.9409475367584735,
    "1": 0.3225275540212249,
    "2": 0.5007629836525783,
    "3": 0.5365808755465363,
    "4": 0.2970522851650728,
    "5": 0.47972781037086665,
    "6": 0.6097066248502968,
    "7": 0.3653790738077954,
    "8": 0.6583246813802044,
    "9": 0.31202836189179706
  },
  "curvature": 1.0,
  "n_spheres": 30,
  "train_normal_digits": [
    0
  ],
  "test_digits": [
    0,
    1,
    2,
    3,
    4,
    5,
    6,
    7,
    8,
    9
  ],
  "objective": "union-soft",
  "unsupervised": true,
  "ae_checkpoint": "samplesvdd/hySpUnsup/runs/my_v3_ae200_stage1/ae_stage1_ep200.pth",
  "prune": {
    "train_argmin_counts": [
      673,
      161,
      52,
      103,
      179,
      291,
      1018,
      296,
      86,
      49,
      102,
      171,
      53,
      64,
      42,
      311,
      28,
      115,
      67,
      198,
      69,
      327,
      303,
      186,
      82,
      169,
      133,
      19,
      97,
      81
    ],
    "silhouette_mean_per_cluster_euclidean_z": {
      "0": null,
      "1": null,
      "2": null,
      "3": null,
      "4": null,
      "5": null,
      "6": null,
      "7": null,
      "8": null,
      "9": null,
      "10": null,
      "11": null,
      "12": null,
      "13": null,
      "14": null,
      "15": null,
      "16": null,
      "17": null,
      "18": null,
      "19": null,
      "20": null,
      "21": null,
      "22": null,
      "23": null,
      "24": null,
      "25": null,
      "26": null,
      "27": null,
      "28": null,
      "29": null
    },
    "active_cluster_mask": [
      true,
      true,
      true,
      true,
      true,
      true,
      true,
      true,
      true,
      false,
      true,
      true,
      true,
      true,
      false,
      true,
      false,
      true,
      true,
      true,
      true,
      true,
      true,
      true,
      true,
      true,
      true,
      false,
      true,
      true
    ]
  },
  "split_overloaded": {
    "enabled": true,
    "max_cluster_fraction": 0.2,
    "applied": false,
    "n_train": 5525,
    "cap_count": 1105,
    "counts_before": [
      676,
      165,
      53,
      109,
      181,
      307,
      1046,
      313,
      86,
      0,
      102,
      171,
      54,
      65,
      0,
      311,
      0,
      115,
      67,
      201,
      69,
      347,
      326,
      186,
      85,
      169,
      137,
      0,
      97,
      87
    ],
    "overloaded_clusters": [],
    "spare_inactive_clusters": [
      9,
      14,
      16,
      27
    ],
    "splits": []
  },
  "hybrid_rebalance": {
    "enabled": true,
    "lb_min_cluster_members": 50,
    "ub_max_cluster_fraction": 0.2,
    "max_iters": 4,
    "hard_cap_enabled": true,
    "chaos_factor": 0.15,
    "iterations": [
      {
        "iter": 1,
        "lb": {
          "enabled": true,
          "counts": [
            673,
            161,
            52,
            103,
            179,
            291,
            1018,
            296,
            86,
            49,
            102,
            171,
            53,
            64,
            42,
            311,
            28,
            115,
            67,
            198,
            69,
            327,
            303,
            186,
            82,
            169,
            133,
            19,
            97,
            81
          ],
          "active_before": [
            true,
            true,
            true,
            true,
            true,
            true,
            true,
            true,
            true,
            false,
            true,
            true,
            true,
            true,
            false,
            true,
            false,
            true,
            true,
            true,
            true,
            true,
            true,
            true,
            true,
            true,
            true,
            false,
            true,
            true
          ],
          "active_after": [
            true,
            true,
            true,
            true,
            true,
            true,
            true,
            true,
            true,
            false,
            true,
            true,
            true,
            true,
            false,
            true,
            false,
            true,
            true,
            true,
            true,
            true,
            true,
            true,
            true,
            true,
            true,
            false,
            true,
            true
          ],
          "changed": false
        },
        "ub": {
          "enabled": true,
          "max_cluster_fraction": 0.2,
          "applied": false,
          "n_train": 5525,
          "cap_count": 1105,
          "counts_before": [
            676,
            165,
            53,
            109,
            181,
            307,
            1046,
            313,
            86,
            0,
            102,
            171,
            54,
            65,
            0,
            311,
            0,
            115,
            67,
            201,
            69,
            347,
            326,
            186,
            85,
            169,
            137,
            0,
            97,
            87
          ],
          "overloaded_clusters": [],
          "spare_inactive_clusters": [
            9,
            14,
            16,
            27
          ],
          "splits": []
        },
        "hard_cap": {
          "enabled": true,
          "max_cluster_fraction": 0.2,
          "chaos_factor": 0.15,
          "applied": false,
          "n_train": 5525,
          "cap_count": 1105,
          "counts_before": [
            676,
            165,
            53,
            109,
            181,
            307,
            1046,
            313,
            86,
            0,
            102,
            171,
            54,
            65,
            0,
            311,
            0,
            115,
            67,
            201,
            69,
            347,
            326,
            186,
            85,
            169,
            137,
            0,
            97,
            87
          ],
          "counts_after": [
            676,
            165,
            53,
            109,
            181,
            307,
            1046,
            313,
            86,
            0,
            102,
            171,
            54,
            65,
            0,
            311,
            0,
            115,
            67,
            201,
            69,
            347,
            326,
            186,
            85,
            169,
            137,
            0,
            97,
            87
          ],
          "overflow_reassigned": 0
        },
        "changed": false
      }
    ],
    "applied": false,
    "active_cluster_mask_after_hybrid": [
      true,
      true,
      true,
      true,
      true,
      true,
      true,
      true,
      true,
      false,
      true,
      true,
      true,
      true,
      false,
      true,
      false,
      true,
      true,
      true,
      true,
      true,
      true,
      true,
      true,
      true,
      true,
      false,
      true,
      true
    ]
  },
  "union_test_metrics_active_spheres": {
    "union_frac_inside": 0.07452525976352561,