{
  "n_samples": 2000,
  "per_cluster": {
    "0": {
      "n": 111,
      "class_counts": {
        "0": 21,
        "1": 0,
        "2": 6,
        "3": 19,
        "4": 1,
        "5": 30,
        "6": 0,
        "7": 17,
        "8": 17,
        "9": 0
      },
      "class_density": {
        "0": 0.1891891891891892,
        "1": 0.0,
        "2": 0.05405405405405406,
        "3": 0.17117117117117117,
        "4": 0.009009009009009009,
        "5": 0.2702702702702703,
        "6": 0.0,
        "7": 0.15315315315315314,
        "8": 0.15315315315315314,
        "9": 0.0
      },
      "entropy_nat": 1.7456
    },
    "1": {
      "n": 4,
      "class_counts": {
        "0": 1,
        "1": 0,
        "2": 0,
        "3": 1,
        "4": 0,
        "5": 0,
        "6": 1,
        "7": 0,
        "8": 1,
        "9": 0
      },
      "class_density": {
        "0": 0.25,
        "1": 0.0,
        "2": 0.0,
        "3": 0.25,
        "4": 0.0,
        "5": 0.0,
        "6": 0.25,
        "7": 0.0,
        "8": 0.25,
        "9": 0.0
      },
      "entropy_nat": 1.3863
    },
    "2": {
      "n": 1,
      "class_counts": {
        "0": 1,
        "1": 0,
        "2": 0,
        "3": 0,
        "4": 0,
        "5": 0,
        "6": 0,
        "7": 0,
        "8": 0,
        "9": 0
      },
      "class_density": {
        "0": 1.0,
        "1": 0.0,
        "2": 0.0,
        "3": 0.0,
        "4": 0.0,
        "5": 0.0,
        "6": 0.0,
        "7": 0.0,
        "8": 0.0,
        "9": 0.0
      },
      "entropy_nat": -0.0
    },
    "3": {
      "n": 98,
      "class_counts": {
        "0": 3,
        "1": 0,
        "2": 1,
        "3": 2,
        "4": 25,
        "5": 1,
        "6": 0,
        "7": 3,
        "8": 8,
        "9": 55
      },
      "class_density": {
        "0": 0.030612244897959183,
        "1": 0.0,
        "2": 0.01020408163265306,
        "3": 0.02040816326530612,
        "4": 0.25510204081632654,
        "5": 0.01020408163265306,
        "6": 0.0,
        "7": 0.030612244897959183,
        "8": 0.08163265306122448,
        "9": 0.5612244897959183
      },
      "entropy_nat": 1.2637
    },
    "4": {
      "n": 13,
      "class_counts": {
        "0": 7,
        "1": 0,
        "2": 0,
        "3": 0,
        "4": 2,
        "5": 0,
        "6": 2,
        "7": 1,
        "8": 1,
        "9": 0
      },
      "class_density": {
        "0": 0.5384615384615384,
        "1": 0.0,
        "2": 0.0,
        "3": 0.0,
        "4": 0.15384615384615385,
        "5": 0.0,
        "6": 0.15384615384615385,
        "7": 0.07692307692307693,
        "8": 0.07692307692307693,
        "9": 0.0
      },
      "entropy_nat": 1.3039
    },
    "5": {
      "n": 27,
      "class_counts": {
        "0": 7,
        "1": 0,
        "2": 0,
        "3": 11,
        "4": 0,
        "5": 2,
        "6": 0,
        "7": 0,
        "8": 6,
        "9": 1
      },
      "class_density": {
        "0": 0.25925925925925924,
        "1": 0.0,
        "2": 0.0,
        "3": 0.4074074074074074,
        "4": 0.0,
        "5": 0.07407407407407407,
        "6": 0.0,
        "7": 0.0,
        "8": 0.2222222222222222,
        "9": 0.037037037037037035
      },
      "entropy_nat": 1.3649
    },
    "6": {
      "n": 668,
      "class_counts": {
        "0": 58,
        "1": 138,
        "2": 128,
        "3": 82,
        "4": 40,
        "5": 43,
        "6": 71,
        "7": 70,
        "8": 16,
        "9": 22
      },
      "class_density": {
        "0": 0.08682634730538923,
        "1": 0.20658682634730538,
        "2": 0.19161676646706588,
        "3": 0.12275449101796407,
        "4": 0.059880239520958084,
        "5": 0.06437125748502993,
        "6": 0.1062874251497006,
        "7": 0.10479041916167664,
        "8": 0.023952095808383235,
        "9": 0.03293413173652695
      },
      "entropy_nat": 2.1337
    },
    "7": {
      "n": 9,
      "class_counts": {
        "0": 9,
        "1": 0,
        "2": 0,
        "3": 0,
        "4": 0,
        "5": 0,
        "6": 0,
        "7": 0,
        "8": 0,
        "9": 0
      },
      "class_density": {
        "0": 1.0,
        "1": 0.0,
        "2": 0.0,
        "3": 0.0,
        "4": 0.0,
        "5": 0.0,
        "6": 0.0,
        "7": 0.0,
        "8": 0.0,
        "9": 0.0
      },
      "entropy_nat": -0.0
    },
    "8": {
      "n": 63,
      "class_counts": {
        "0": 2,
        "1": 15,
        "2": 5,
        "3": 2,
        "4": 14,
        "5": 10,
        "6": 1,
        "7": 2,
        "8": 8,
        "9": 4
      },
      "class_density": {
        "0": 0.031746031746031744,
        "1": 0.23809523809523808,
        "2": 0.07936507936507936,
        "3": 0.031746031746031744,
        "4": 0.2222222222222222,
        "5": 0.15873015873015872,
        "6": 0.015873015873015872,
        "7": 0.031746031746031744,
        "8": 0.12698412698412698,
        "9": 0.06349206349206349
      },
      "entropy_nat": 2.0006
    },
    "9": {
      "n": 0,
      "class_counts": {
        "0": 0,
        "1": 0,
        "2": 0,
        "3": 0,
        "4": 0,
        "5": 0,
        "6": 0,
        "7": 0,
        "8": 0,
        "9": 0
      },
      "class_density": {
        "0": 0.0,
        "1": 0.0,
        "2": 0.0,
        "3": 0.0,
        "4": 0.0,
        "5": 0.0,
        "6": 0.0,
        "7": 0.0,
        "8": 0.0,
        "9": 0.0
      },
      "entropy_nat": 0.0
    },
    "10": {
      "n": 251,
      "class_counts": {
        "0": 6,
        "1": 2,
        "2": 12,
        "3": 14,
        "4": 59,
        "5": 59,
        "6": 9,
        "7": 4,
        "8": 67,
        "9": 19
      },
      "class_density": {
        "0": 0.02390438247011952,
        "1": 0.00796812749003984,
        "2": 0.04780876494023904,
        "3": 0.055776892430278883,
        "4": 0.2350597609561753,
        "5": 0.2350597609561753,
        "6": 0.035856573705179286,
        "7": 0.01593625498007968,
        "8": 0.26693227091633465,
        "9": 0.07569721115537849
      },
      "entropy_nat": 1.848
    },
    "11": {
      "n": 8,
      "class_counts": {
        "0": 6,
        "1": 0,
        "2": 0,
        "3": 0,
        "4": 0,
        "5": 1,
        "6": 0,
        "7": 0,
        "8": 1,
        "9": 0
      },
      "class_density": {
        "0": 0.75,
        "1": 0.0,
        "2": 0.0,
        "3": 0.0,
        "4": 0.0,
        "5": 0.125,
        "6": 0.0,
        "7": 0.0,
        "8": 0.125,
        "9": 0.0
      },
      "entropy_nat": 0.7356
    },
    "12": {
      "n": 31,
      "class_counts": {
        "0": 2,
        "1": 1,
        "2": 6,
        "3": 4,
        "4": 7,
        "5": 3,
        "6": 1,
        "7": 2,
        "8": 1,
        "9": 4
      },
      "class_density": {
        "0": 0.06451612903225806,
        "1": 0.03225806451612903,
        "2": 0.1935483870967742,
        "3": 0.12903225806451613,
        "4": 0.22580645161290322,
        "5": 0.0967741935483871,
        "6": 0.03225806451612903,
        "7": 0.06451612903225806,
        "8": 0.03225806451612903,
        "9": 0.12903225806451613
      },
      "entropy_nat": 2.0943
    },
    "13": {
      "n": 1,
      "class_counts": {
        "0": 1,
        "1": 0,
        "2": 0,
        "3": 0,
        "4": 0,
        "5": 0,
        "6": 0,
        "7": 0,
        "8": 0,
        "9": 0
      },
      "class_density": {
        "0": 1.0,
        "1": 0.0,
        "2": 0.0,
        "3": 0.0,
        "4": 0.0,
        "5": 0.0,
        "6": 0.0,
        "7": 0.0,
        "8": 0.0,
        "9": 0.0
      },
      "entropy_nat": -0.0
    },
    "14": {
      "n": 0,
      "class_counts": {
        "0": 0,
        "1": 0,
        "2": 0,
        "3": 0,
        "4": 0,
        "5": 0,
        "6": 0,
        "7": 0,
        "8": 0,
        "9": 0
      },
      "class_density": {
        "0": 0.0,
        "1": 0.0,
        "2": 0.0,
        "3": 0.0,
        "4": 0.0,
        "5": 0.0,