{
  "best_epoch": 10,
  "best_macro_auc": 0.7410608388888889,
  "per_digit_best_auc": {
    "0": 0.7813253888888889,
    "1": 0.6942182222222222,
    "2": 0.7303379444444444,
    "3": 0.6625462222222223,
    "4": 0.7715760555555555,
    "5": 0.6893958333333333,
    "6": 0.8078041111111112,
    "7": 0.7152920555555555,
    "8": 0.8421215,
    "9": 0.7159910555555555
  },
  "curvature": 1.0,
  "objective": "soft-boundary",
  "lambda_excl": 0.01,
  "margin_excl": 0.1,
  "lambda_overlap": 0.01,
  "margin_overlap": 0.05
}