{
  "version": 2,
  "checkpoint_selection": "min_training_loss",
  "best_epoch": 20,
  "best_training_loss": 0.4254958403110504,
  "macro_auc_test_at_best_epoch": 0.4936789031928244,
  "per_digit_auc_at_best_epoch": {
    "0": 0.46351972574629685,
    "1": 0.8526225290883518,
    "2": 0.6893691568246587,
    "3": 0.6827955556190018,
    "4": 0.2903988923187944,
    "5": 0.3514377250113446,
    "6": 0.48698988193193926,
    "7": 0.32374653722356866,
    "8": 0.5092839713418127,
    "9": 0.2866250568224745
  },
  "macro_auc_test_pruned_active_spheres": 0.49525686289737136,
  "per_digit_auc_test_pruned_active_spheres": {
    "0": 0.5563336811857247,
    "1": 0.764541132847462,
    "2": 0.7110890813968327,
    "3": 0.7333263220255735,
    "4": 0.28040456180301576,
    "5": 0.38508042461849734,
    "6": 0.4766010701084755,
    "7": 0.21603291884859893,
    "8": 0.5583524025440155,
    "9": 0.27080703359551794
  },
  "curvature": 1.0,
  "n_spheres": 30,
  "geometry": "hyperbolic",
  "train_normal_digits": [
    1
  ],
  "test_digits": [
    0,
    1,
    2,
    3,
    4,
    5,
    6,
    7,
    8,
    9
  ],
  "objective": "union-soft",
  "unsupervised": true,
  "ae_checkpoint": "samplesvdd/hySpUnsup/runs/my_v3_ae200_stage1/ae_stage1_ep200.pth",
  "prune": {
    "train_argmin_counts": [
      127,
      334,
      44,
      171,
      189,
      248,
      961,
      81,
      99,
      99,
      123,
      219,
      439,
      42,
      34,
      114,
      277,
      53,
      318,
      201,
      28,
      312,
      58,
      22,
      55,
      26,
      11,
      1512,
      13,
      87
    ],
    "silhouette_mean_per_cluster_euclidean_z": {
      "0": null,
      "1": null,
      "2": null,
      "3": null,
      "4": null,
      "5": null,
      "6": null,
      "7": null,
      "8": null,
      "9": null,
      "10": null,
      "11": null,
      "12": null,
      "13": null,
      "14": null,
      "15": null,
      "16": null,
      "17": null,
      "18": null,
      "19": null,
      "20": null,
      "21": null,
      "22": null,
      "23": null,
      "24": null,
      "25": null,
      "26": null,
      "27": null,
      "28": null,
      "29": null
    },
    "active_cluster_mask": [
      true,
      true,
      true,
      true,
      true,
      true,
      true,
      true,
      true,
      true,
      true,
      true,
      true,
      true,
      true,
      true,
      true,
      true,
      true,
      true,
      true,
      true,
      true,
      true,
      true,
      true,
      false,
      true,
      false,
      true
    ]
  },
  "split_overloaded": {
    "enabled": true,
    "max_cluster_fraction": 0.3,
    "applied": false,
    "n_train": 6297,
    "cap_count": 1890,
    "counts_before": [
      127,
      334,
      49,
      171,
      189,
      248,
      961,
      81,
      99,
      99,
      123,
      220,
      439,
      42,
      34,
      114,
      277,
      53,
      318,
      205,
      28,
      314,
      58,
      22,
      55,
      26,
      0,
      1524,
      0,
      87
    ],
    "overloaded_clusters": [],
    "spare_inactive_clusters": [
      26,
      28
    ],
    "splits": []
  },
  "hybrid_rebalance": {
    "enabled": true,
    "lb_min_cluster_members": 20,
    "ub_max_cluster_fraction": 0.3,
    "max_iters": 4,
    "hard_cap_enabled": true,
    "chaos_factor": 0.15,
    "iterations": [
      {
        "iter": 1,
        "lb": {
          "enabled": true,
          "counts": [
            127,
            334,
            44,
            171,
            189,
            248,
            961,
            81,
            99,
            99,
            123,
            219,
            439,
            42,
            34,
            114,
            277,
            53,
            318,
            201,
            28,
            312,
            58,
            22,
            55,
            26,
            11,
            1512,
            13,
            87
          ],
          "active_before": [
            true,
            true,
            true,
            true,
            true,
            true,
            true,
            true,
            true,
            true,
            true,
            true,
            true,
            true,
            true,
            true,
            true,
            true,
            true,
            true,
            true,
            true,
            true,
            true,
            true,
            true,
            false,
            true,
            false,
            true
          ],
          "active_after": [
            true,
            true,
            true,
            true,
            true,
            true,
            true,
            true,
            true,
            true,
            true,
            true,
            true,
            true,
            true,
            true,
            true,
            true,
            true,
            true,
            true,
            true,
            true,
            true,
            true,
            true,
            false,
            true,
            false,
            true
          ],
          "changed": false
        },
        "ub": {
          "enabled": true,
          "max_cluster_fraction": 0.3,
          "applied": false,
          "n_train": 6297,
          "cap_count": 1890,
          "counts_before": [
            127,
            334,
            49,
            171,
            189,
            248,
            961,
            81,
            99,
            99,
            123,
            220,
            439,
            42,
            34,
            114,
            277,
            53,
            318,
            205,
            28,
            314,
            58,
            22,
            55,
            26,
            0,
            1524,
            0,
            87
          ],
          "overloaded_clusters": [],
          "spare_inactive_clusters": [
            26,
            28
          ],
          "splits": []
        },
        "hard_cap": {
          "enabled": true,
          "max_cluster_fraction": 0.3,
          "chaos_factor": 0.15,
          "applied": false,
          "n_train": 6297,
          "cap_count": 1890,
          "counts_before": [
            127,
            334,
            49,
            171,
            189,
            248,
            961,
            81,
            99,
            99,
            123,
            220,
            439,
            42,
            34,
            114,
            277,
            53,
            318,
            205,
            28,
            314,
            58,
            22,
            55,
            26,
            0,
            1524,
            0,
            87
          ],
          "counts_after": [
            127,
            334,
            49,
            171,
            189,
            248,
            961,
            81,
            99,
            99,
            123,
            220,
            439,
            42,
            34,
            114,
            277,
            53,
            318,
            205,
            28,
            314,
            58,
            22,
            55,
            26,
            0,
            1524,
            0,
            87
          ],
          "overflow_reassigned": 0
        },
        "changed": false
      }
    ],
    "applied": false,
    "active_cluster_mask_after_hybrid": [
      true,
      true,
      true,
      true,
      true,
      true,
      true,
      true,
      true,
      true,
      true,
      true,
      true,
      true,
      true,
      true,
      true,
      true,
      true,
      true,
      true,
      true,
      true,
      true,
      true,
      true,
      false,
      true,
      false,
      true
    ]
  },
  "union_test_metrics_active_spheres": {
    "union_frac_inside": 0.35772124686492296,