{
  "n_samples": 2000,
  "per_cluster": {
    "0": {
      "n": 0,
      "class_counts": {
        "0": 0,
        "1": 0,
        "2": 0,
        "3": 0,
        "4": 0,
        "5": 0,
        "6": 0,
        "7": 0,
        "8": 0,
        "9": 0
      },
      "class_density": {
        "0": 0.0,
        "1": 0.0,
        "2": 0.0,
        "3": 0.0,
        "4": 0.0,
        "5": 0.0,
        "6": 0.0,
        "7": 0.0,
        "8": 0.0,
        "9": 0.0
      },
      "entropy_nat": 0.0
    },
    "1": {
      "n": 7,
      "class_counts": {
        "0": 2,
        "1": 1,
        "2": 0,
        "3": 0,
        "4": 2,
        "5": 0,
        "6": 0,
        "7": 0,
        "8": 2,
        "9": 0
      },
      "class_density": {
        "0": 0.2857142857142857,
        "1": 0.14285714285714285,
        "2": 0.0,
        "3": 0.0,
        "4": 0.2857142857142857,
        "5": 0.0,
        "6": 0.0,
        "7": 0.0,
        "8": 0.2857142857142857,
        "9": 0.0
      },
      "entropy_nat": 1.3518
    },
    "2": {
      "n": 10,
      "class_counts": {
        "0": 5,
        "1": 2,
        "2": 1,
        "3": 0,
        "4": 0,
        "5": 0,
        "6": 1,
        "7": 0,
        "8": 1,
        "9": 0
      },
      "class_density": {
        "0": 0.5,
        "1": 0.2,
        "2": 0.1,
        "3": 0.0,
        "4": 0.0,
        "5": 0.0,
        "6": 0.1,
        "7": 0.0,
        "8": 0.1,
        "9": 0.0
      },
      "entropy_nat": 1.3592
    },
    "3": {
      "n": 0,
      "class_counts": {
        "0": 0,
        "1": 0,
        "2": 0,
        "3": 0,
        "4": 0,
        "5": 0,
        "6": 0,
        "7": 0,
        "8": 0,
        "9": 0
      },
      "class_density": {
        "0": 0.0,
        "1": 0.0,
        "2": 0.0,
        "3": 0.0,
        "4": 0.0,
        "5": 0.0,
        "6": 0.0,
        "7": 0.0,
        "8": 0.0,
        "9": 0.0
      },
      "entropy_nat": 0.0
    },
    "4": {
      "n": 228,
      "class_counts": {
        "0": 30,
        "1": 33,
        "2": 85,
        "3": 43,
        "4": 0,
        "5": 12,
        "6": 18,
        "7": 0,
        "8": 7,
        "9": 0
      },
      "class_density": {
        "0": 0.13157894736842105,
        "1": 0.14473684210526316,
        "2": 0.37280701754385964,
        "3": 0.18859649122807018,
        "4": 0.0,
        "5": 0.05263157894736842,
        "6": 0.07894736842105263,
        "7": 0.0,
        "8": 0.03070175438596491,
        "9": 0.0
      },
      "entropy_nat": 1.6914
    },
    "5": {
      "n": 0,
      "class_counts": {
        "0": 0,
        "1": 0,
        "2": 0,
        "3": 0,
        "4": 0,
        "5": 0,
        "6": 0,
        "7": 0,
        "8": 0,
        "9": 0
      },
      "class_density": {
        "0": 0.0,
        "1": 0.0,
        "2": 0.0,
        "3": 0.0,
        "4": 0.0,
        "5": 0.0,
        "6": 0.0,
        "7": 0.0,
        "8": 0.0,
        "9": 0.0
      },
      "entropy_nat": 0.0
    },
    "6": {
      "n": 29,
      "class_counts": {
        "0": 6,
        "1": 12,
        "2": 0,
        "3": 1,
        "4": 0,
        "5": 1,
        "6": 0,
        "7": 1,
        "8": 3,
        "9": 5
      },
      "class_density": {
        "0": 0.20689655172413793,
        "1": 0.41379310344827586,
        "2": 0.0,
        "3": 0.034482758620689655,
        "4": 0.0,
        "5": 0.034482758620689655,
        "6": 0.0,
        "7": 0.034482758620689655,
        "8": 0.10344827586206896,
        "9": 0.1724137931034483
      },
      "entropy_nat": 1.5772
    },
    "7": {
      "n": 6,
      "class_counts": {
        "0": 6,
        "1": 0,
        "2": 0,
        "3": 0,
        "4": 0,
        "5": 0,
        "6": 0,
        "7": 0,
        "8": 0,
        "9": 0
      },
      "class_density": {
        "0": 1.0,
        "1": 0.0,
        "2": 0.0,
        "3": 0.0,
        "4": 0.0,
        "5": 0.0,
        "6": 0.0,
        "7": 0.0,
        "8": 0.0,
        "9": 0.0
      },
      "entropy_nat": -0.0
    },
    "8": {
      "n": 26,
      "class_counts": {
        "0": 5,
        "1": 0,
        "2": 1,
        "3": 3,
        "4": 2,
        "5": 1,
        "6": 0,
        "7": 0,
        "8": 9,
        "9": 5
      },
      "class_density": {
        "0": 0.19230769230769232,
        "1": 0.0,
        "2": 0.038461538461538464,
        "3": 0.11538461538461539,
        "4": 0.07692307692307693,
        "5": 0.038461538461538464,
        "6": 0.0,
        "7": 0.0,
        "8": 0.34615384615384615,
        "9": 0.19230769230769232
      },
      "entropy_nat": 1.6984
    },
    "9": {
      "n": 9,
      "class_counts": {
        "0": 2,
        "1": 0,
        "2": 1,
        "3": 1,
        "4": 0,
        "5": 2,
        "6": 1,
        "7": 0,
        "8": 2,
        "9": 0
      },
      "class_density": {
        "0": 0.2222222222222222,
        "1": 0.0,
        "2": 0.1111111111111111,
        "3": 0.1111111111111111,
        "4": 0.0,
        "5": 0.2222222222222222,
        "6": 0.1111111111111111,
        "7": 0.0,
        "8": 0.2222222222222222,
        "9": 0.0
      },
      "entropy_nat": 1.7351
    },
    "10": {
      "n": 0,
      "class_counts": {
        "0": 0,
        "1": 0,
        "2": 0,
        "3": 0,
        "4": 0,
        "5": 0,
        "6": 0,
        "7": 0,
        "8": 0,
        "9": 0
      },
      "class_density": {
        "0": 0.0,
        "1": 0.0,
        "2": 0.0,
        "3": 0.0,
        "4": 0.0,
        "5": 0.0,
        "6": 0.0,
        "7": 0.0,
        "8": 0.0,
        "9": 0.0
      },
      "entropy_nat": 0.0
    },
    "11": {
      "n": 3,
      "class_counts": {
        "0": 2,
        "1": 0,
        "2": 0,
        "3": 0,
        "4": 0,
        "5": 0,
        "6": 0,
        "7": 0,
        "8": 1,
        "9": 0
      },
      "class_density": {
        "0": 0.6666666666666666,
        "1": 0.0,
        "2": 0.0,
        "3": 0.0,
        "4": 0.0,
        "5": 0.0,
        "6": 0.0,
        "7": 0.0,
        "8": 0.3333333333333333,
        "9": 0.0
      },
      "entropy_nat": 0.6365
    },
    "12": {
      "n": 8,
      "class_counts": {
        "0": 6,
        "1": 1,
        "2": 0,
        "3": 0,
        "4": 0,
        "5": 1,
        "6": 0,
        "7": 0,
        "8": 0,
        "9": 0
      },
      "class_density": {
        "0": 0.75,
        "1": 0.125,
        "2": 0.0,
        "3": 0.0,
        "4": 0.0,
        "5": 0.125,
        "6": 0.0,
        "7": 0.0,
        "8": 0.0,
        "9": 0.0
      },
      "entropy_nat": 0.7356
    },
    "13": {
      "n": 2,
      "class_counts": {
        "0": 1,
        "1": 0,
        "2": 0,
        "3": 1,
        "4": 0,
        "5": 0,
        "6": 0,
        "7": 0,
        "8": 0,
        "9": 0
      },
      "class_density": {
        "0": 0.5,
        "1": 0.0,
        "2": 0.0,
        "3": 0.5,
        "4": 0.0,
        "5": 0.0,
        "6": 0.0,
        "7": 0.0,
        "8": 0.0,
        "9": 0.0
      },
      "entropy_nat": 0.6931
    },
    "14": {
      "n": 2,
      "class_counts": {
        "0": 2,
        "1": 0,
        "2": 0,
        "3": 0,
        "4": 0,
        "5": 0,
        "6": 0,
        "7": 0,
        "8": 0,
        "9": 0
      },
      "class_density": {
        "0": 1.0,
        "1": 0.0,
        "2": 0.0,
        "3": 0.0,
        "4": 0.0,
        "5": 0.0,
        "6": 0.0,
        "7": 0.0,
        "8": 0.0,
        "9": 0.0
      },
      "entropy_nat": -0.0
    },
    "15": {
      "n": 9,
      "class_counts": {
        "0": 3,
        "1": 0,
        "2": 0,
        "3": 1,
        "4": 0,
        "5": 0,
        "6": 0,
        "7": 1,
        "8": 2,
        "9": 2
      },
      "class_density": {
        "0": 0.3333333333333333,
        "1": 0.0,
        "2": 0.0,
        "3": 0.1111111111111111,
        "4": 0.0,
        "5": 0.0,
        "6": 0.0,
        "7": 0.1111111111111111,