{
  "n_samples": 2000,
  "per_cluster": {
    "0": {
      "n": 0,
      "class_counts": {
        "0": 0,
        "1": 0,
        "2": 0,
        "3": 0,
        "4": 0,
        "5": 0,
        "6": 0,
        "7": 0,
        "8": 0,
        "9": 0
      },
      "class_density": {
        "0": 0.0,
        "1": 0.0,
        "2": 0.0,
        "3": 0.0,
        "4": 0.0,
        "5": 0.0,
        "6": 0.0,
        "7": 0.0,
        "8": 0.0,
        "9": 0.0
      },
      "entropy_nat": 0.0
    },
    "1": {
      "n": 0,
      "class_counts": {
        "0": 0,
        "1": 0,
        "2": 0,
        "3": 0,
        "4": 0,
        "5": 0,
        "6": 0,
        "7": 0,
        "8": 0,
        "9": 0
      },
      "class_density": {
        "0": 0.0,
        "1": 0.0,
        "2": 0.0,
        "3": 0.0,
        "4": 0.0,
        "5": 0.0,
        "6": 0.0,
        "7": 0.0,
        "8": 0.0,
        "9": 0.0
      },
      "entropy_nat": 0.0
    },
    "2": {
      "n": 0,
      "class_counts": {
        "0": 0,
        "1": 0,
        "2": 0,
        "3": 0,
        "4": 0,
        "5": 0,
        "6": 0,
        "7": 0,
        "8": 0,
        "9": 0
      },
      "class_density": {
        "0": 0.0,
        "1": 0.0,
        "2": 0.0,
        "3": 0.0,
        "4": 0.0,
        "5": 0.0,
        "6": 0.0,
        "7": 0.0,
        "8": 0.0,
        "9": 0.0
      },
      "entropy_nat": 0.0
    },
    "3": {
      "n": 16,
      "class_counts": {
        "0": 0,
        "1": 16,
        "2": 0,
        "3": 0,
        "4": 0,
        "5": 0,
        "6": 0,
        "7": 0,
        "8": 0,
        "9": 0
      },
      "class_density": {
        "0": 0.0,
        "1": 1.0,
        "2": 0.0,
        "3": 0.0,
        "4": 0.0,
        "5": 0.0,
        "6": 0.0,
        "7": 0.0,
        "8": 0.0,
        "9": 0.0
      },
      "entropy_nat": -0.0
    },
    "4": {
      "n": 42,
      "class_counts": {
        "0": 0,
        "1": 1,
        "2": 19,
        "3": 15,
        "4": 0,
        "5": 3,
        "6": 1,
        "7": 0,
        "8": 3,
        "9": 0
      },
      "class_density": {
        "0": 0.0,
        "1": 0.023809523809523808,
        "2": 0.4523809523809524,
        "3": 0.35714285714285715,
        "4": 0.0,
        "5": 0.07142857142857142,
        "6": 0.023809523809523808,
        "7": 0.0,
        "8": 0.07142857142857142,
        "9": 0.0
      },
      "entropy_nat": 1.2816
    },
    "5": {
      "n": 480,
      "class_counts": {
        "0": 55,
        "1": 1,
        "2": 11,
        "3": 18,
        "4": 86,
        "5": 64,
        "6": 10,
        "7": 24,
        "8": 84,
        "9": 127
      },
      "class_density": {
        "0": 0.11458333333333333,
        "1": 0.0020833333333333333,
        "2": 0.022916666666666665,
        "3": 0.0375,
        "4": 0.17916666666666667,
        "5": 0.13333333333333333,
        "6": 0.020833333333333332,
        "7": 0.05,
        "8": 0.175,
        "9": 0.26458333333333334
      },
      "entropy_nat": 1.9347
    },
    "6": {
      "n": 64,
      "class_counts": {
        "0": 55,
        "1": 0,
        "2": 0,
        "3": 3,
        "4": 0,
        "5": 6,
        "6": 0,
        "7": 0,
        "8": 0,
        "9": 0
      },
      "class_density": {
        "0": 0.859375,
        "1": 0.0,
        "2": 0.0,
        "3": 0.046875,
        "4": 0.0,
        "5": 0.09375,
        "6": 0.0,
        "7": 0.0,
        "8": 0.0,
        "9": 0.0
      },
      "entropy_nat": 0.4956
    },
    "7": {
      "n": 49,
      "class_counts": {
        "0": 2,
        "1": 2,
        "2": 3,
        "3": 2,
        "4": 5,
        "5": 4,
        "6": 1,
        "7": 16,
        "8": 13,
        "9": 1
      },
      "class_density": {
        "0": 0.04081632653061224,
        "1": 0.04081632653061224,
        "2": 0.061224489795918366,
        "3": 0.04081632653061224,
        "4": 0.10204081632653061,
        "5": 0.08163265306122448,
        "6": 0.02040816326530612,
        "7": 0.32653061224489793,
        "8": 0.2653061224489796,
        "9": 0.02040816326530612
      },
      "entropy_nat": 1.8765
    },
    "8": {
      "n": 61,
      "class_counts": {
        "0": 0,
        "1": 42,
        "2": 1,
        "3": 0,
        "4": 9,
        "5": 5,
        "6": 3,
        "7": 0,
        "8": 1,
        "9": 0
      },
      "class_density": {
        "0": 0.0,
        "1": 0.6885245901639344,
        "2": 0.01639344262295082,
        "3": 0.0,
        "4": 0.14754098360655737,
        "5": 0.08196721311475409,
        "6": 0.04918032786885246,
        "7": 0.0,
        "8": 0.01639344262295082,
        "9": 0.0
      },
      "entropy_nat": 1.0273
    },
    "9": {
      "n": 0,
      "class_counts": {
        "0": 0,
        "1": 0,
        "2": 0,
        "3": 0,
        "4": 0,
        "5": 0,
        "6": 0,
        "7": 0,
        "8": 0,
        "9": 0
      },
      "class_density": {
        "0": 0.0,
        "1": 0.0,
        "2": 0.0,
        "3": 0.0,
        "4": 0.0,
        "5": 0.0,
        "6": 0.0,
        "7": 0.0,
        "8": 0.0,
        "9": 0.0
      },
      "entropy_nat": 0.0
    },
    "10": {
      "n": 10,
      "class_counts": {
        "0": 0,
        "1": 9,
        "2": 0,
        "3": 0,
        "4": 0,
        "5": 1,
        "6": 0,
        "7": 0,
        "8": 0,
        "9": 0
      },
      "class_density": {
        "0": 0.0,
        "1": 0.9,
        "2": 0.0,
        "3": 0.0,
        "4": 0.0,
        "5": 0.1,
        "6": 0.0,
        "7": 0.0,
        "8": 0.0,
        "9": 0.0
      },
      "entropy_nat": 0.3251
    },
    "11": {
      "n": 18,
      "class_counts": {
        "0": 0,
        "1": 18,
        "2": 0,
        "3": 0,
        "4": 0,
        "5": 0,
        "6": 0,
        "7": 0,
        "8": 0,
        "9": 0
      },
      "class_density": {
        "0": 0.0,
        "1": 1.0,
        "2": 0.0,
        "3": 0.0,
        "4": 0.0,
        "5": 0.0,
        "6": 0.0,
        "7": 0.0,
        "8": 0.0,
        "9": 0.0
      },
      "entropy_nat": -0.0
    },
    "12": {
      "n": 4,
      "class_counts": {
        "0": 3,
        "1": 0,
        "2": 1,
        "3": 0,
        "4": 0,
        "5": 0,
        "6": 0,
        "7": 0,
        "8": 0,
        "9": 0
      },
      "class_density": {
        "0": 0.75,
        "1": 0.0,
        "2": 0.25,
        "3": 0.0,
        "4": 0.0,
        "5": 0.0,
        "6": 0.0,
        "7": 0.0,
        "8": 0.0,
        "9": 0.0
      },
      "entropy_nat": 0.5623
    },
    "13": {
      "n": 117,
      "class_counts": {
        "0": 1,
        "1": 10,
        "2": 51,
        "3": 28,
        "4": 1,
        "5": 9,
        "6": 10,
        "7": 2,
        "8": 5,
        "9": 0
      },
      "class_density": {
        "0": 0.008547008547008548,
        "1": 0.08547008547008547,
        "2": 0.4358974358974359,
        "3": 0.23931623931623933,
        "4": 0.008547008547008548,
        "5": 0.07692307692307693,
        "6": 0.08547008547008547,
        "7": 0.017094017094017096,
        "8": 0.042735042735042736,
        "9": 0.0
      },
      "entropy_nat": 1.6076
    },
    "14": {
      "n": 94,
      "class_counts": {
        "0": 0,
        "1": 0,
        "2": 7,
        "3": 18,
        "4": 35,
        "5": 8,
        "6": 0,
        "7": 2,
        "8": 15,
        "9": 9
      },
      "class_density": {
        "0": 0.0,
        "1": 0.0,
        "2": 0.07446808510638298,
        "3": 0.19148936170212766,
        "4": 0.3723404255319149,
        "5": 0.0851063829787234,
        "6": 0.0,
        "7": 0.02127659574468085,
        "8": 0.1595744680851064,
        "9": 0.09574468085106383
      },
      "entropy_nat": 1.6869
    },
    "15": {
      "n": 10,
      "class_counts": {
        "0": 0,
        "1": 10,
        "2": 0,
        "3": 0,
        "4": 0,
        "5": 0,
        "6": 0,
        "7": 0,
        "8": 0,