{
  "run_dir": "samplesvdd/hySpUnsup/runs/sensitivity_v3/chaos_0p25",
  "checkpoint": "samplesvdd/hySpUnsup/runs/sensitivity_v3/chaos_0p25/checkpoint_v2.pth",
  "n_spheres": 30,
  "curvature": 1.0,
  "objective": "union-soft",
  "active_cluster_mask": [
    true,
    true,
    true,
    true,
    true,
    true,
    false,
    true,
    true,
    true,
    false,
    false,
    true,
    false,
    true,
    true,
    true,
    true,
    false,
    true,
    true,
    false,
    true,
    true,
    true,
    true,
    false,
    true,
    true,
    true
  ],
  "train_macro_auc": 0.4934667733950172,
  "train_per_digit_auc": {
    "0": 0.44374970532704217,
    "1": 0.7813509179483591,
    "2": 0.5910200692571936,
    "3": 0.5925068232317849,
    "4": 0.3316078749404637,
    "5": 0.21799548713711542,
    "6": 0.5607429956540464,
    "7": 0.5758086864703933,
    "8": 0.4216205530154621,
    "9": 0.41826462096831113
  },
  "test_macro_auc": 0.49327528432837725,
  "test_per_digit_auc": {
    "0": 0.4365258051044174,
    "1": 0.7834847717683161,
    "2": 0.5944810934199146,
    "3": 0.5835373806051614,
    "4": 0.3283636766822465,
    "5": 0.2321410630427573,
    "6": 0.56894867442682,
    "7": 0.5812251175357914,
    "8": 0.40569046469638287,
    "9": 0.41835479600196546
  }
}