{
  "version": 2,
  "checkpoint_selection": "min_training_loss",
  "best_epoch": 20,
  "best_training_loss": 0.6579049852761355,
  "macro_auc_test_at_best_epoch": 0.49990283729822316,
  "per_digit_auc_at_best_epoch": {
    "0": 0.3291989847618496,
    "1": 0.3831878532157013,
    "2": 0.712298563752109,
    "3": 0.6524868822372422,
    "4": 0.42202908808337136,
    "5": 0.33935836096041017,
    "6": 0.597561238292996,
    "7": 0.43203826733187134,
    "8": 0.6949127633628249,
    "9": 0.43595637098385576
  },
  "macro_auc_test_pruned_active_spheres": 0.49987808765267217,
  "per_digit_auc_test_pruned_active_spheres": {
    "0": 0.39643600933489187,
    "1": 0.4047115202659506,
    "2": 0.726139144489657,
    "3": 0.6456848170316338,
    "4": 0.40717382377875877,
    "5": 0.36893163891942277,
    "6": 0.6546733526906364,
    "7": 0.3712823164067864,
    "8": 0.6529278221156868,
    "9": 0.3708204314932975
  },
  "curvature": 1.0,
  "n_spheres": 30,
  "geometry": "hyperbolic",
  "train_normal_digits": [
    2
  ],
  "test_digits": [
    0,
    1,
    2,
    3,
    4,
    5,
    6,
    7,
    8,
    9
  ],
  "objective": "union-soft",
  "unsupervised": true,
  "ae_checkpoint": "samplesvdd/hySpUnsup/runs/my_v3_ae200_stage1/ae_stage1_ep200.pth",
  "prune": {
    "train_argmin_counts": [
      318,
      160,
      596,
      76,
      59,
      51,
      74,
      176,
      60,
      129,
      123,
      24,
      733,
      70,
      75,
      181,
      843,
      53,
      166,
      79,
      156,
      456,
      342,
      116,
      91,
      158,
      49,
      46,
      54,
      71
    ],
    "silhouette_mean_per_cluster_euclidean_z": {
      "0": null,
      "1": null,
      "2": null,
      "3": null,
      "4": null,
      "5": null,
      "6": null,
      "7": null,
      "8": null,
      "9": null,
      "10": null,
      "11": null,
      "12": null,
      "13": null,
      "14": null,
      "15": null,
      "16": null,
      "17": null,
      "18": null,
      "19": null,
      "20": null,
      "21": null,
      "22": null,
      "23": null,
      "24": null,
      "25": null,
      "26": null,
      "27": null,
      "28": null,
      "29": null
    },
    "active_cluster_mask": [
      true,
      true,
      true,
      true,
      true,
      true,
      true,
      true,
      true,
      true,
      true,
      false,
      true,
      true,
      true,
      true,
      true,
      true,
      true,
      true,
      true,
      true,
      true,
      true,
      true,
      true,
      false,
      false,
      true,
      true
    ]
  },
  "split_overloaded": {
    "enabled": true,
    "max_cluster_fraction": 0.2,
    "applied": false,
    "n_train": 5585,
    "cap_count": 1117,
    "counts_before": [
      337,
      160,
      623,
      76,
      59,
      51,
      76,
      176,
      65,
      129,
      125,
      0,
      733,
      70,
      75,
      181,
      850,
      57,
      166,
      79,
      156,
      464,
      380,
      116,
      92,
      158,
      0,
      0,
      54,
      77
    ],
    "overloaded_clusters": [],
    "spare_inactive_clusters": [
      11,
      26,
      27
    ],
    "splits": []
  },
  "hybrid_rebalance": {
    "enabled": true,
    "lb_min_cluster_members": 50,
    "ub_max_cluster_fraction": 0.2,
    "max_iters": 4,
    "hard_cap_enabled": true,
    "chaos_factor": 0.15,
    "iterations": [
      {
        "iter": 1,
        "lb": {
          "enabled": true,
          "counts": [
            318,
            160,
            596,
            76,
            59,
            51,
            74,
            176,
            60,
            129,
            123,
            24,
            733,
            70,
            75,
            181,
            843,
            53,
            166,
            79,
            156,
            456,
            342,
            116,
            91,
            158,
            49,
            46,
            54,
            71
          ],
          "active_before": [
            true,
            true,
            true,
            true,
            true,
            true,
            true,
            true,
            true,
            true,
            true,
            false,
            true,
            true,
            true,
            true,
            true,
            true,
            true,
            true,
            true,
            true,
            true,
            true,
            true,
            true,
            false,
            false,
            true,
            true
          ],
          "active_after": [
            true,
            true,
            true,
            true,
            true,
            true,
            true,
            true,
            true,
            true,
            true,
            false,
            true,
            true,
            true,
            true,
            true,
            true,
            true,
            true,
            true,
            true,
            true,
            true,
            true,
            true,
            false,
            false,
            true,
            true
          ],
          "changed": false
        },
        "ub": {
          "enabled": true,
          "max_cluster_fraction": 0.2,
          "applied": false,
          "n_train": 5585,
          "cap_count": 1117,
          "counts_before": [
            337,
            160,
            623,
            76,
            59,
            51,
            76,
            176,
            65,
            129,
            125,
            0,
            733,
            70,
            75,
            181,
            850,
            57,
            166,
            79,
            156,
            464,
            380,
            116,
            92,
            158,
            0,
            0,
            54,
            77
          ],
          "overloaded_clusters": [],
          "spare_inactive_clusters": [
            11,
            26,
            27
          ],
          "splits": []
        },
        "hard_cap": {
          "enabled": true,
          "max_cluster_fraction": 0.2,
          "chaos_factor": 0.15,
          "applied": false,
          "n_train": 5585,
          "cap_count": 1117,
          "counts_before": [
            337,
            160,
            623,
            76,
            59,
            51,
            76,
            176,
            65,
            129,
            125,
            0,
            733,
            70,
            75,
            181,
            850,
            57,
            166,
            79,
            156,
            464,
            380,
            116,
            92,
            158,
            0,
            0,
            54,
            77
          ],
          "counts_after": [
            337,
            160,
            623,
            76,
            59,
            51,
            76,
            176,
            65,
            129,
            125,
            0,
            733,
            70,
            75,
            181,
            850,
            57,
            166,
            79,
            156,
            464,
            380,
            116,
            92,
            158,
            0,
            0,
            54,
            77
          ],
          "overflow_reassigned": 0
        },
        "changed": false
      }
    ],
    "applied": false,
    "active_cluster_mask_after_hybrid": [
      true,
      true,
      true,
      true,
      true,
      true,
      true,
      true,
      true,
      true,
      true,
      false,
      true,
      true,
      true,
      true,
      true,
      true,
      true,
      true,
      true,
      true,
      true,
      true,
      true,
      true,
      false,
      false,
      true,
      true
    ]
  },
  "union_test_metrics_active_spheres": {
    "union_frac_inside": 0.2030813328556073,