{
  "n_samples": 2000,
  "per_cluster": {
    "0": {
      "n": 38,
      "class_counts": {
        "0": 0,
        "1": 1,
        "2": 8,
        "3": 9,
        "4": 2,
        "5": 5,
        "6": 1,
        "7": 0,
        "8": 4,
        "9": 8
      },
      "class_density": {
        "0": 0.0,
        "1": 0.02631578947368421,
        "2": 0.21052631578947367,
        "3": 0.23684210526315788,
        "4": 0.05263157894736842,
        "5": 0.13157894736842105,
        "6": 0.02631578947368421,
        "7": 0.0,
        "8": 0.10526315789473684,
        "9": 0.21052631578947367
      },
      "entropy_nat": 1.8475
    },
    "1": {
      "n": 5,
      "class_counts": {
        "0": 0,
        "1": 0,
        "2": 5,
        "3": 0,
        "4": 0,
        "5": 0,
        "6": 0,
        "7": 0,
        "8": 0,
        "9": 0
      },
      "class_density": {
        "0": 0.0,
        "1": 0.0,
        "2": 1.0,
        "3": 0.0,
        "4": 0.0,
        "5": 0.0,
        "6": 0.0,
        "7": 0.0,
        "8": 0.0,
        "9": 0.0
      },
      "entropy_nat": -0.0
    },
    "2": {
      "n": 49,
      "class_counts": {
        "0": 0,
        "1": 0,
        "2": 27,
        "3": 19,
        "4": 0,
        "5": 0,
        "6": 0,
        "7": 0,
        "8": 3,
        "9": 0
      },
      "class_density": {
        "0": 0.0,
        "1": 0.0,
        "2": 0.5510204081632653,
        "3": 0.3877551020408163,
        "4": 0.0,
        "5": 0.0,
        "6": 0.0,
        "7": 0.0,
        "8": 0.061224489795918366,
        "9": 0.0
      },
      "entropy_nat": 0.8668
    },
    "3": {
      "n": 1,
      "class_counts": {
        "0": 0,
        "1": 0,
        "2": 1,
        "3": 0,
        "4": 0,
        "5": 0,
        "6": 0,
        "7": 0,
        "8": 0,
        "9": 0
      },
      "class_density": {
        "0": 0.0,
        "1": 0.0,
        "2": 1.0,
        "3": 0.0,
        "4": 0.0,
        "5": 0.0,
        "6": 0.0,
        "7": 0.0,
        "8": 0.0,
        "9": 0.0
      },
      "entropy_nat": -0.0
    },
    "4": {
      "n": 3,
      "class_counts": {
        "0": 0,
        "1": 0,
        "2": 1,
        "3": 2,
        "4": 0,
        "5": 0,
        "6": 0,
        "7": 0,
        "8": 0,
        "9": 0
      },
      "class_density": {
        "0": 0.0,
        "1": 0.0,
        "2": 0.3333333333333333,
        "3": 0.6666666666666666,
        "4": 0.0,
        "5": 0.0,
        "6": 0.0,
        "7": 0.0,
        "8": 0.0,
        "9": 0.0
      },
      "entropy_nat": 0.6365
    },
    "5": {
      "n": 36,
      "class_counts": {
        "0": 0,
        "1": 0,
        "2": 2,
        "3": 6,
        "4": 2,
        "5": 2,
        "6": 0,
        "7": 2,
        "8": 20,
        "9": 2
      },
      "class_density": {
        "0": 0.0,
        "1": 0.0,
        "2": 0.05555555555555555,
        "3": 0.16666666666666666,
        "4": 0.05555555555555555,
        "5": 0.05555555555555555,
        "6": 0.0,
        "7": 0.05555555555555555,
        "8": 0.5555555555555556,
        "9": 0.05555555555555555
      },
      "entropy_nat": 1.4281
    },
    "6": {
      "n": 5,
      "class_counts": {
        "0": 0,
        "1": 0,
        "2": 2,
        "3": 2,
        "4": 0,
        "5": 1,
        "6": 0,
        "7": 0,
        "8": 0,
        "9": 0
      },
      "class_density": {
        "0": 0.0,
        "1": 0.0,
        "2": 0.4,
        "3": 0.4,
        "4": 0.0,
        "5": 0.2,
        "6": 0.0,
        "7": 0.0,
        "8": 0.0,
        "9": 0.0
      },
      "entropy_nat": 1.0549
    },
    "7": {
      "n": 13,
      "class_counts": {
        "0": 0,
        "1": 0,
        "2": 5,
        "3": 2,
        "4": 2,
        "5": 1,
        "6": 1,
        "7": 1,
        "8": 1,
        "9": 0
      },
      "class_density": {
        "0": 0.0,
        "1": 0.0,
        "2": 0.38461538461538464,
        "3": 0.15384615384615385,
        "4": 0.15384615384615385,
        "5": 0.07692307692307693,
        "6": 0.07692307692307693,
        "7": 0.07692307692307693,
        "8": 0.07692307692307693,
        "9": 0.0
      },
      "entropy_nat": 1.7327
    },
    "8": {
      "n": 1,
      "class_counts": {
        "0": 0,
        "1": 0,
        "2": 0,
        "3": 1,
        "4": 0,
        "5": 0,
        "6": 0,
        "7": 0,
        "8": 0,
        "9": 0
      },
      "class_density": {
        "0": 0.0,
        "1": 0.0,
        "2": 0.0,
        "3": 1.0,
        "4": 0.0,
        "5": 0.0,
        "6": 0.0,
        "7": 0.0,
        "8": 0.0,
        "9": 0.0
      },
      "entropy_nat": -0.0
    },
    "9": {
      "n": 8,
      "class_counts": {
        "0": 0,
        "1": 0,
        "2": 5,
        "3": 3,
        "4": 0,
        "5": 0,
        "6": 0,
        "7": 0,
        "8": 0,
        "9": 0
      },
      "class_density": {
        "0": 0.0,
        "1": 0.0,
        "2": 0.625,
        "3": 0.375,
        "4": 0.0,
        "5": 0.0,
        "6": 0.0,
        "7": 0.0,
        "8": 0.0,
        "9": 0.0
      },
      "entropy_nat": 0.6616
    },
    "10": {
      "n": 6,
      "class_counts": {
        "0": 0,
        "1": 0,
        "2": 5,
        "3": 1,
        "4": 0,
        "5": 0,
        "6": 0,
        "7": 0,
        "8": 0,
        "9": 0
      },
      "class_density": {
        "0": 0.0,
        "1": 0.0,
        "2": 0.8333333333333334,
        "3": 0.16666666666666666,
        "4": 0.0,
        "5": 0.0,
        "6": 0.0,
        "7": 0.0,
        "8": 0.0,
        "9": 0.0
      },
      "entropy_nat": 0.4506
    },
    "11": {
      "n": 0,
      "class_counts": {
        "0": 0,
        "1": 0,
        "2": 0,
        "3": 0,
        "4": 0,
        "5": 0,
        "6": 0,
        "7": 0,
        "8": 0,
        "9": 0
      },
      "class_density": {
        "0": 0.0,
        "1": 0.0,
        "2": 0.0,
        "3": 0.0,
        "4": 0.0,
        "5": 0.0,
        "6": 0.0,
        "7": 0.0,
        "8": 0.0,
        "9": 0.0
      },
      "entropy_nat": 0.0
    },
    "12": {
      "n": 102,
      "class_counts": {
        "0": 17,
        "1": 7,
        "2": 39,
        "3": 25,
        "4": 0,
        "5": 3,
        "6": 8,
        "7": 0,
        "8": 3,
        "9": 0
      },
      "class_density": {
        "0": 0.16666666666666666,
        "1": 0.06862745098039216,
        "2": 0.38235294117647056,
        "3": 0.24509803921568626,
        "4": 0.0,
        "5": 0.029411764705882353,
        "6": 0.0784313725490196,
        "7": 0.0,
        "8": 0.029411764705882353,
        "9": 0.0
      },
      "entropy_nat": 1.6018
    },
    "13": {
      "n": 2,
      "class_counts": {
        "0": 0,
        "1": 0,
        "2": 2,
        "3": 0,
        "4": 0,
        "5": 0,
        "6": 0,
        "7": 0,
        "8": 0,
        "9": 0
      },
      "class_density": {
        "0": 0.0,
        "1": 0.0,
        "2": 1.0,
        "3": 0.0,
        "4": 0.0,
        "5": 0.0,
        "6": 0.0,
        "7": 0.0,
        "8": 0.0,
        "9": 0.0
      },
      "entropy_nat": -0.0
    },
    "14": {
      "n": 29,
      "class_counts": {
        "0": 0,
        "1": 0,
        "2": 2,
        "3": 3,
        "4": 17,
        "5": 4,
        "6": 0,
        "7": 0,
        "8": 2,
        "9": 1
      },
      "class_density": {
        "0": 0.0,
        "1": 0.0,
        "2": 0.06896551724137931,
        "3": 0.10344827586206896,
        "4": 0.5862068965517241,
        "5": 0.13793103448275862,
        "6": 0.0,
        "7": 0.0,
        "8": 0.06896551724137931,
        "9": 0.034482758620689655
      },
      "entropy_nat": 1.306
    },
    "15": {
      "n": 94,
      "class_counts": {
        "0": 4,
        "1": 15,
        "2": 11,
        "3": 16,
        "4": 7,
        "5": 11,
        "6": 12,
        "7": 9,
        "8": 3,
        "9": 6
      },
      "class_density": {
        "0": 0.0425531914893617,