{
  "n_samples": 2000,
  "per_cluster": {
    "0": {
      "n": 0,
      "class_counts": {
        "0": 0,
        "1": 0,
        "2": 0,
        "3": 0,
        "4": 0,
        "5": 0,
        "6": 0,
        "7": 0,
        "8": 0,
        "9": 0
      },
      "class_density": {
        "0": 0.0,
        "1": 0.0,
        "2": 0.0,
        "3": 0.0,
        "4": 0.0,
        "5": 0.0,
        "6": 0.0,
        "7": 0.0,
        "8": 0.0,
        "9": 0.0
      },
      "entropy_nat": 0.0
    },
    "1": {
      "n": 0,
      "class_counts": {
        "0": 0,
        "1": 0,
        "2": 0,
        "3": 0,
        "4": 0,
        "5": 0,
        "6": 0,
        "7": 0,
        "8": 0,
        "9": 0
      },
      "class_density": {
        "0": 0.0,
        "1": 0.0,
        "2": 0.0,
        "3": 0.0,
        "4": 0.0,
        "5": 0.0,
        "6": 0.0,
        "7": 0.0,
        "8": 0.0,
        "9": 0.0
      },
      "entropy_nat": 0.0
    },
    "2": {
      "n": 85,
      "class_counts": {
        "0": 0,
        "1": 26,
        "2": 2,
        "3": 0,
        "4": 2,
        "5": 0,
        "6": 4,
        "7": 51,
        "8": 0,
        "9": 0
      },
      "class_density": {
        "0": 0.0,
        "1": 0.3058823529411765,
        "2": 0.023529411764705882,
        "3": 0.0,
        "4": 0.023529411764705882,
        "5": 0.0,
        "6": 0.047058823529411764,
        "7": 0.6,
        "8": 0.0,
        "9": 0.0
      },
      "entropy_nat": 0.9891
    },
    "3": {
      "n": 23,
      "class_counts": {
        "0": 0,
        "1": 0,
        "2": 13,
        "3": 10,
        "4": 0,
        "5": 0,
        "6": 0,
        "7": 0,
        "8": 0,
        "9": 0
      },
      "class_density": {
        "0": 0.0,
        "1": 0.0,
        "2": 0.5652173913043478,
        "3": 0.43478260869565216,
        "4": 0.0,
        "5": 0.0,
        "6": 0.0,
        "7": 0.0,
        "8": 0.0,
        "9": 0.0
      },
      "entropy_nat": 0.6846
    },
    "4": {
      "n": 0,
      "class_counts": {
        "0": 0,
        "1": 0,
        "2": 0,
        "3": 0,
        "4": 0,
        "5": 0,
        "6": 0,
        "7": 0,
        "8": 0,
        "9": 0
      },
      "class_density": {
        "0": 0.0,
        "1": 0.0,
        "2": 0.0,
        "3": 0.0,
        "4": 0.0,
        "5": 0.0,
        "6": 0.0,
        "7": 0.0,
        "8": 0.0,
        "9": 0.0
      },
      "entropy_nat": 0.0
    },
    "5": {
      "n": 0,
      "class_counts": {
        "0": 0,
        "1": 0,
        "2": 0,
        "3": 0,
        "4": 0,
        "5": 0,
        "6": 0,
        "7": 0,
        "8": 0,
        "9": 0
      },
      "class_density": {
        "0": 0.0,
        "1": 0.0,
        "2": 0.0,
        "3": 0.0,
        "4": 0.0,
        "5": 0.0,
        "6": 0.0,
        "7": 0.0,
        "8": 0.0,
        "9": 0.0
      },
      "entropy_nat": 0.0
    },
    "6": {
      "n": 0,
      "class_counts": {
        "0": 0,
        "1": 0,
        "2": 0,
        "3": 0,
        "4": 0,
        "5": 0,
        "6": 0,
        "7": 0,
        "8": 0,
        "9": 0
      },
      "class_density": {
        "0": 0.0,
        "1": 0.0,
        "2": 0.0,
        "3": 0.0,
        "4": 0.0,
        "5": 0.0,
        "6": 0.0,
        "7": 0.0,
        "8": 0.0,
        "9": 0.0
      },
      "entropy_nat": 0.0
    },
    "7": {
      "n": 0,
      "class_counts": {
        "0": 0,
        "1": 0,
        "2": 0,
        "3": 0,
        "4": 0,
        "5": 0,
        "6": 0,
        "7": 0,
        "8": 0,
        "9": 0
      },
      "class_density": {
        "0": 0.0,
        "1": 0.0,
        "2": 0.0,
        "3": 0.0,
        "4": 0.0,
        "5": 0.0,
        "6": 0.0,
        "7": 0.0,
        "8": 0.0,
        "9": 0.0
      },
      "entropy_nat": 0.0
    },
    "8": {
      "n": 0,
      "class_counts": {
        "0": 0,
        "1": 0,
        "2": 0,
        "3": 0,
        "4": 0,
        "5": 0,
        "6": 0,
        "7": 0,
        "8": 0,
        "9": 0
      },
      "class_density": {
        "0": 0.0,
        "1": 0.0,
        "2": 0.0,
        "3": 0.0,
        "4": 0.0,
        "5": 0.0,
        "6": 0.0,
        "7": 0.0,
        "8": 0.0,
        "9": 0.0
      },
      "entropy_nat": 0.0
    },
    "9": {
      "n": 41,
      "class_counts": {
        "0": 9,
        "1": 0,
        "2": 2,
        "3": 3,
        "4": 0,
        "5": 17,
        "6": 0,
        "7": 0,
        "8": 10,
        "9": 0
      },
      "class_density": {
        "0": 0.21951219512195122,
        "1": 0.0,
        "2": 0.04878048780487805,
        "3": 0.07317073170731707,
        "4": 0.0,
        "5": 0.4146341463414634,
        "6": 0.0,
        "7": 0.0,
        "8": 0.24390243902439024,
        "9": 0.0
      },
      "entropy_nat": 1.3807
    },
    "10": {
      "n": 0,
      "class_counts": {
        "0": 0,
        "1": 0,
        "2": 0,
        "3": 0,
        "4": 0,
        "5": 0,
        "6": 0,
        "7": 0,
        "8": 0,
        "9": 0
      },
      "class_density": {
        "0": 0.0,
        "1": 0.0,
        "2": 0.0,
        "3": 0.0,
        "4": 0.0,
        "5": 0.0,
        "6": 0.0,
        "7": 0.0,
        "8": 0.0,
        "9": 0.0
      },
      "entropy_nat": 0.0
    },
    "11": {
      "n": 10,
      "class_counts": {
        "0": 0,
        "1": 0,
        "2": 10,
        "3": 0,
        "4": 0,
        "5": 0,
        "6": 0,
        "7": 0,
        "8": 0,
        "9": 0
      },
      "class_density": {
        "0": 0.0,
        "1": 0.0,
        "2": 1.0,
        "3": 0.0,
        "4": 0.0,
        "5": 0.0,
        "6": 0.0,
        "7": 0.0,
        "8": 0.0,
        "9": 0.0
      },
      "entropy_nat": -0.0
    },
    "12": {
      "n": 68,
      "class_counts": {
        "0": 57,
        "1": 2,
        "2": 0,
        "3": 2,
        "4": 0,
        "5": 5,
        "6": 1,
        "7": 0,
        "8": 1,
        "9": 0
      },
      "class_density": {
        "0": 0.8382352941176471,
        "1": 0.029411764705882353,
        "2": 0.0,
        "3": 0.029411764705882353,
        "4": 0.0,
        "5": 0.07352941176470588,
        "6": 0.014705882352941176,
        "7": 0.0,
        "8": 0.014705882352941176,
        "9": 0.0
      },
      "entropy_nat": 0.6714
    },
    "13": {
      "n": 15,
      "class_counts": {
        "0": 0,
        "1": 15,
        "2": 0,
        "3": 0,
        "4": 0,
        "5": 0,
        "6": 0,
        "7": 0,
        "8": 0,
        "9": 0
      },
      "class_density": {
        "0": 0.0,
        "1": 1.0,
        "2": 0.0,
        "3": 0.0,
        "4": 0.0,
        "5": 0.0,
        "6": 0.0,
        "7": 0.0,
        "8": 0.0,
        "9": 0.0
      },
      "entropy_nat": -0.0
    },
    "14": {
      "n": 2,
      "class_counts": {
        "0": 0,
        "1": 0,
        "2": 0,
        "3": 1,
        "4": 0,
        "5": 0,
        "6": 0,
        "7": 0,
        "8": 1,
        "9": 0
      },
      "class_density": {
        "0": 0.0,
        "1": 0.0,
        "2": 0.0,
        "3": 0.5,
        "4": 0.0,
        "5": 0.0,
        "6": 0.0,
        "7": 0.0,
        "8": 0.5,
        "9": 0.0
      },
      "entropy_nat": 0.6931
    },
    "15": {
      "n": 9,
      "class_counts": {
        "0": 1,
        "1": 0,
        "2": 0,
        "3": 4,
        "4": 0,
        "5": 2,
        "6": 0,
        "7": 0,
        "8": 1,
        "9": 1
      },
      "class_density": {
        "0": 0.1111111111111111,
        "1": 0.0,
        "2": 0.0,
        "3": 0.4444444444444444,
        "4": 0.0,
        "5": 0.2222222222222222,
        "6": 0.0,
        "7": 0.0,
        "8": 0.1111111111111111,
        "9": 0.1111111111111111
      },
      "entropy_nat": 1.4271
    },
    "16": {
      "n": 38,
      "class_counts": {
        "0": 0,
        "1": 33,
        "2": 0,
        "3": 0,
        "4": 0,
        "5": 2,
        "6": 0,