{
  "version": 2,
  "checkpoint_selection": "min_training_loss",
  "best_epoch": 19,
  "best_training_loss": 0.6587045111439445,
  "macro_auc_test_at_best_epoch": 0.49917612031842024,
  "per_digit_auc_at_best_epoch": {
    "0": 0.4293096182090168,
    "1": 0.429963508502749,
    "2": 0.7179606414200849,
    "3": 0.6249462999254556,
    "4": 0.4110889332654608,
    "5": 0.3007669758016911,
    "6": 0.5418653949435508,
    "7": 0.41364489503540125,
    "8": 0.687311480198345,
    "9": 0.4349034558824465
  },
  "macro_auc_test_pruned_active_spheres": 0.49965730177973156,
  "per_digit_auc_test_pruned_active_spheres": {
    "0": 0.41476925938829295,
    "1": 0.37504920086945404,
    "2": 0.7350097687541648,
    "3": 0.6395597463795109,
    "4": 0.41363215559498345,
    "5": 0.28645259661899336,
    "6": 0.6032120199087277,
    "7": 0.40659475875902407,
    "8": 0.6611481092765806,
    "9": 0.46114540224758416
  },
  "curvature": 1.0,
  "n_spheres": 30,
  "geometry": "hyperbolic",
  "train_normal_digits": [
    2
  ],
  "test_digits": [
    0,
    1,
    2,
    3,
    4,
    5,
    6,
    7,
    8,
    9
  ],
  "objective": "union-soft",
  "unsupervised": true,
  "ae_checkpoint": "samplesvdd/hySpUnsup/runs/my_v3_ae200_stage1/ae_stage1_ep200.pth",
  "prune": {
    "train_argmin_counts": [
      344,
      120,
      50,
      135,
      33,
      537,
      51,
      208,
      437,
      78,
      306,
      96,
      54,
      46,
      61,
      32,
      286,
      462,
      424,
      76,
      48,
      202,
      41,
      62,
      224,
      64,
      57,
      46,
      242,
      763
    ],
    "silhouette_mean_per_cluster_euclidean_z": {
      "0": null,
      "1": null,
      "2": null,
      "3": null,
      "4": null,
      "5": null,
      "6": null,
      "7": null,
      "8": null,
      "9": null,
      "10": null,
      "11": null,
      "12": null,
      "13": null,
      "14": null,
      "15": null,
      "16": null,
      "17": null,
      "18": null,
      "19": null,
      "20": null,
      "21": null,
      "22": null,
      "23": null,
      "24": null,
      "25": null,
      "26": null,
      "27": null,
      "28": null,
      "29": null
    },
    "active_cluster_mask": [
      true,
      true,
      true,
      true,
      false,
      true,
      true,
      true,
      true,
      true,
      true,
      true,
      true,
      false,
      true,
      false,
      true,
      true,
      true,
      true,
      false,
      true,
      false,
      true,
      true,
      true,
      true,
      false,
      true,
      true
    ]
  },
  "split_overloaded": {
    "enabled": true,
    "max_cluster_fraction": 0.2,
    "applied": false,
    "n_train": 5585,
    "cap_count": 1117,
    "counts_before": [
      344,
      144,
      50,
      135,
      0,
      623,
      51,
      208,
      499,
      78,
      310,
      96,
      54,
      0,
      63,
      0,
      286,
      484,
      456,
      76,
      0,
      202,
      0,
      63,
      224,
      64,
      57,
      0,
      242,
      776
    ],
    "overloaded_clusters": [],
    "spare_inactive_clusters": [
      4,
      13,
      15,
      20,
      22,
      27
    ],
    "splits": []
  },
  "hybrid_rebalance": {
    "enabled": true,
    "lb_min_cluster_members": 50,
    "ub_max_cluster_fraction": 0.2,
    "max_iters": 4,
    "hard_cap_enabled": true,
    "chaos_factor": 0.0,
    "iterations": [
      {
        "iter": 1,
        "lb": {
          "enabled": true,
          "counts": [
            344,
            120,
            50,
            135,
            33,
            537,
            51,
            208,
            437,
            78,
            306,
            96,
            54,
            46,
            61,
            32,
            286,
            462,
            424,
            76,
            48,
            202,
            41,
            62,
            224,
            64,
            57,
            46,
            242,
            763
          ],
          "active_before": [
            true,
            true,
            true,
            true,
            false,
            true,
            true,
            true,
            true,
            true,
            true,
            true,
            true,
            false,
            true,
            false,
            true,
            true,
            true,
            true,
            false,
            true,
            false,
            true,
            true,
            true,
            true,
            false,
            true,
            true
          ],
          "active_after": [
            true,
            true,
            true,
            true,
            false,
            true,
            true,
            true,
            true,
            true,
            true,
            true,
            true,
            false,
            true,
            false,
            true,
            true,
            true,
            true,
            false,
            true,
            false,
            true,
            true,
            true,
            true,
            false,
            true,
            true
          ],
          "changed": false
        },
        "ub": {
          "enabled": true,
          "max_cluster_fraction": 0.2,
          "applied": false,
          "n_train": 5585,
          "cap_count": 1117,
          "counts_before": [
            344,
            144,
            50,
            135,
            0,
            623,
            51,
            208,
            499,
            78,
            310,
            96,
            54,
            0,
            63,
            0,
            286,
            484,
            456,
            76,
            0,
            202,
            0,
            63,
            224,
            64,
            57,
            0,
            242,
            776
          ],
          "overloaded_clusters": [],
          "spare_inactive_clusters": [
            4,
            13,
            15,
            20,
            22,
            27
          ],
          "splits": []
        },
        "hard_cap": {
          "enabled": true,
          "max_cluster_fraction": 0.2,
          "chaos_factor": 0.0,
          "applied": false,
          "n_train": 5585,
          "cap_count": 1117,
          "counts_before": [
            344,
            144,
            50,
            135,
            0,
            623,
            51,
            208,
            499,
            78,
            310,
            96,
            54,
            0,
            63,
            0,
            286,
            484,
            456,
            76,
            0,
            202,
            0,
            63,
            224,
            64,
            57,
            0,
            242,
            776
          ],
          "counts_after": [
            344,
            144,
            50,
            135,
            0,
            623,
            51,
            208,
            499,
            78,
            310,
            96,
            54,
            0,
            63,
            0,
            286,
            484,
            456,
            76,
            0,
            202,
            0,
            63,
            224,
            64,
            57,
            0,
            242,
            776
          ],
          "overflow_reassigned": 0
        },
        "changed": false
      }
    ],
    "applied": false,
    "active_cluster_mask_after_hybrid": [
      true,
      true,
      true,
      true,
      false,
      true,
      true,
      true,
      true,
      true,
      true,
      true,
      true,
      false,
      true,
      false,
      true,
      true,
      true,
      true,
      false,
      true,
      false,
      true,
      true,
      true,
      true,
      false,
      true,
      true
    ]
  },