{
  "n_samples": 2000,
  "per_cluster": {
    "0": {
      "n": 109,
      "class_counts": {
        "0": 0,
        "1": 15,
        "2": 15,
        "3": 10,
        "4": 32,
        "5": 6,
        "6": 4,
        "7": 1,
        "8": 2,
        "9": 24
      },
      "class_density": {
        "0": 0.0,
        "1": 0.13761467889908258,
        "2": 0.13761467889908258,
        "3": 0.09174311926605505,
        "4": 0.29357798165137616,
        "5": 0.05504587155963303,
        "6": 0.03669724770642202,
        "7": 0.009174311926605505,
        "8": 0.01834862385321101,
        "9": 0.22018348623853212
      },
      "entropy_nat": 1.8553
    },
    "1": {
      "n": 4,
      "class_counts": {
        "0": 0,
        "1": 1,
        "2": 3,
        "3": 0,
        "4": 0,
        "5": 0,
        "6": 0,
        "7": 0,
        "8": 0,
        "9": 0
      },
      "class_density": {
        "0": 0.0,
        "1": 0.25,
        "2": 0.75,
        "3": 0.0,
        "4": 0.0,
        "5": 0.0,
        "6": 0.0,
        "7": 0.0,
        "8": 0.0,
        "9": 0.0
      },
      "entropy_nat": 0.5623
    },
    "2": {
      "n": 2,
      "class_counts": {
        "0": 0,
        "1": 0,
        "2": 1,
        "3": 1,
        "4": 0,
        "5": 0,
        "6": 0,
        "7": 0,
        "8": 0,
        "9": 0
      },
      "class_density": {
        "0": 0.0,
        "1": 0.0,
        "2": 0.5,
        "3": 0.5,
        "4": 0.0,
        "5": 0.0,
        "6": 0.0,
        "7": 0.0,
        "8": 0.0,
        "9": 0.0
      },
      "entropy_nat": 0.6931
    },
    "3": {
      "n": 30,
      "class_counts": {
        "0": 2,
        "1": 0,
        "2": 3,
        "3": 8,
        "4": 0,
        "5": 8,
        "6": 0,
        "7": 1,
        "8": 8,
        "9": 0
      },
      "class_density": {
        "0": 0.06666666666666667,
        "1": 0.0,
        "2": 0.1,
        "3": 0.26666666666666666,
        "4": 0.0,
        "5": 0.26666666666666666,
        "6": 0.0,
        "7": 0.03333333333333333,
        "8": 0.26666666666666666,
        "9": 0.0
      },
      "entropy_nat": 1.5816
    },
    "4": {
      "n": 0,
      "class_counts": {
        "0": 0,
        "1": 0,
        "2": 0,
        "3": 0,
        "4": 0,
        "5": 0,
        "6": 0,
        "7": 0,
        "8": 0,
        "9": 0
      },
      "class_density": {
        "0": 0.0,
        "1": 0.0,
        "2": 0.0,
        "3": 0.0,
        "4": 0.0,
        "5": 0.0,
        "6": 0.0,
        "7": 0.0,
        "8": 0.0,
        "9": 0.0
      },
      "entropy_nat": 0.0
    },
    "5": {
      "n": 61,
      "class_counts": {
        "0": 9,
        "1": 0,
        "2": 28,
        "3": 16,
        "4": 0,
        "5": 3,
        "6": 3,
        "7": 0,
        "8": 2,
        "9": 0
      },
      "class_density": {
        "0": 0.14754098360655737,
        "1": 0.0,
        "2": 0.45901639344262296,
        "3": 0.26229508196721313,
        "4": 0.0,
        "5": 0.04918032786885246,
        "6": 0.04918032786885246,
        "7": 0.0,
        "8": 0.03278688524590164,
        "9": 0.0
      },
      "entropy_nat": 1.3991
    },
    "6": {
      "n": 83,
      "class_counts": {
        "0": 0,
        "1": 9,
        "2": 4,
        "3": 4,
        "4": 20,
        "5": 21,
        "6": 0,
        "7": 0,
        "8": 17,
        "9": 8
      },
      "class_density": {
        "0": 0.0,
        "1": 0.10843373493975904,
        "2": 0.04819277108433735,
        "3": 0.04819277108433735,
        "4": 0.24096385542168675,
        "5": 0.25301204819277107,
        "6": 0.0,
        "7": 0.0,
        "8": 0.20481927710843373,
        "9": 0.0963855421686747
      },
      "entropy_nat": 1.7741
    },
    "7": {
      "n": 266,
      "class_counts": {
        "0": 0,
        "1": 30,
        "2": 12,
        "3": 7,
        "4": 24,
        "5": 6,
        "6": 97,
        "7": 81,
        "8": 3,
        "9": 6
      },
      "class_density": {
        "0": 0.0,
        "1": 0.11278195488721804,
        "2": 0.045112781954887216,
        "3": 0.02631578947368421,
        "4": 0.09022556390977443,
        "5": 0.022556390977443608,
        "6": 0.36466165413533835,
        "7": 0.30451127819548873,
        "8": 0.011278195488721804,
        "9": 0.022556390977443608
      },
      "entropy_nat": 1.6502
    },
    "8": {
      "n": 13,
      "class_counts": {
        "0": 0,
        "1": 0,
        "2": 13,
        "3": 0,
        "4": 0,
        "5": 0,
        "6": 0,
        "7": 0,
        "8": 0,
        "9": 0
      },
      "class_density": {
        "0": 0.0,
        "1": 0.0,
        "2": 1.0,
        "3": 0.0,
        "4": 0.0,
        "5": 0.0,
        "6": 0.0,
        "7": 0.0,
        "8": 0.0,
        "9": 0.0
      },
      "entropy_nat": -0.0
    },
    "9": {
      "n": 4,
      "class_counts": {
        "0": 1,
        "1": 0,
        "2": 0,
        "3": 1,
        "4": 1,
        "5": 0,
        "6": 0,
        "7": 0,
        "8": 1,
        "9": 0
      },
      "class_density": {
        "0": 0.25,
        "1": 0.0,
        "2": 0.0,
        "3": 0.25,
        "4": 0.25,
        "5": 0.0,
        "6": 0.0,
        "7": 0.0,
        "8": 0.25,
        "9": 0.0
      },
      "entropy_nat": 1.3863
    },
    "10": {
      "n": 84,
      "class_counts": {
        "0": 1,
        "1": 1,
        "2": 8,
        "3": 38,
        "4": 0,
        "5": 22,
        "6": 0,
        "7": 0,
        "8": 14,
        "9": 0
      },
      "class_density": {
        "0": 0.011904761904761904,
        "1": 0.011904761904761904,
        "2": 0.09523809523809523,
        "3": 0.4523809523809524,
        "4": 0.0,
        "5": 0.2619047619047619,
        "6": 0.0,
        "7": 0.0,
        "8": 0.16666666666666666,
        "9": 0.0
      },
      "entropy_nat": 1.3378
    },
    "11": {
      "n": 5,
      "class_counts": {
        "0": 0,
        "1": 0,
        "2": 3,
        "3": 2,
        "4": 0,
        "5": 0,
        "6": 0,
        "7": 0,
        "8": 0,
        "9": 0
      },
      "class_density": {
        "0": 0.0,
        "1": 0.0,
        "2": 0.6,
        "3": 0.4,
        "4": 0.0,
        "5": 0.0,
        "6": 0.0,
        "7": 0.0,
        "8": 0.0,
        "9": 0.0
      },
      "entropy_nat": 0.673
    },
    "12": {
      "n": 0,
      "class_counts": {
        "0": 0,
        "1": 0,
        "2": 0,
        "3": 0,
        "4": 0,
        "5": 0,
        "6": 0,
        "7": 0,
        "8": 0,
        "9": 0
      },
      "class_density": {
        "0": 0.0,
        "1": 0.0,
        "2": 0.0,
        "3": 0.0,
        "4": 0.0,
        "5": 0.0,
        "6": 0.0,
        "7": 0.0,
        "8": 0.0,
        "9": 0.0
      },
      "entropy_nat": 0.0
    },
    "13": {
      "n": 0,
      "class_counts": {
        "0": 0,
        "1": 0,
        "2": 0,
        "3": 0,
        "4": 0,
        "5": 0,
        "6": 0,
        "7": 0,
        "8": 0,
        "9": 0
      },
      "class_density": {
        "0": 0.0,
        "1": 0.0,
        "2": 0.0,
        "3": 0.0,
        "4": 0.0,
        "5": 0.0,
        "6": 0.0,
        "7": 0.0,
        "8": 0.0,
        "9": 0.0
      },
      "entropy_nat": 0.0
    },
    "14": {
      "n": 3,
      "class_counts": {
        "0": 0,
        "1": 0,
        "2": 2,
        "3": 0,
        "4": 0,
        "5": 0,
        "6": 0,
        "7": 0,
        "8": 1,
        "9": 0
      },
      "class_density": {
        "0": 0.0,
        "1": 0.0,
        "2": 0.6666666666666666,
        "3": 0.0,
        "4": 0.0,
        "5": 0.0,
        "6": 0.0,
        "7": 0.0,
        "8": 0.3333333333333333,
        "9": 0.0
      },
      "entropy_nat": 0.6365
    },
    "15": {
      "n": 0,
      "class_counts": {
        "0": 0,
        "1": 0,
        "2": 0,
        "3": 0,
        "4": 0,
        "5": 0,
        "6": 0,
        "7": 0,
        "8": 0,
        "9": 0
      },