{
  "run_dir": "samplesvdd/hySpUnsup/runs/sensitivity_v3/overlap_lambda_0",
  "checkpoint": "samplesvdd/hySpUnsup/runs/sensitivity_v3/overlap_lambda_0/checkpoint_v2.pth",
  "n_spheres": 30,
  "curvature": 1.0,
  "objective": "union-soft",
  "active_cluster_mask": [
    true,
    true,
    true,
    false,
    false,
    true,
    true,
    false,
    false,
    false,
    true,
    true,
    false,
    true,
    false,
    false,
    false,
    true,
    false,
    true,
    true,
    false,
    false,
    false,
    false,
    false,
    false,
    false,
    false,
    true
  ],
  "train_macro_auc": 0.5017254797117936,
  "train_per_digit_auc": {
    "0": 0.3765655230848049,
    "1": 0.42432677113168077,
    "2": 0.7072065289400187,
    "3": 0.694335766225844,
    "4": 0.6441552617590667,
    "5": 0.4426242641944534,
    "6": 0.5298551348094618,
    "7": 0.13729534079809805,
    "8": 0.4889008499018071,
    "9": 0.5719893562727015
  },
  "test_macro_auc": 0.5009588193730051,
  "test_per_digit_auc": {
    "0": 0.3776490086668445,
    "1": 0.4272230149597238,
    "2": 0.7132781897321745,
    "3": 0.6838396958534844,
    "4": 0.6435303280407968,
    "5": 0.4531575639676104,
    "6": 0.5140055544546209,
    "7": 0.15425071903624507,
    "8": 0.480095192275781,
    "9": 0.5625589267427709
  }
}