{
  "version": 2,
  "checkpoint_selection": "min_training_loss",
  "best_epoch": 20,
  "best_training_loss": 0.41637447476387024,
  "macro_auc_test_at_best_epoch": 0.5013408081668848,
  "per_digit_auc_at_best_epoch": {
    "0": 0.9288135448482053,
    "1": 0.4430666666666667,
    "2": 0.41342711715415914,
    "3": 0.459562979536647,
    "4": 0.3192024443968888,
    "5": 0.4809646023652106,
    "6": 0.6283020715760693,
    "7": 0.3055800966879024,
    "8": 0.6055196597246266,
    "9": 0.4289688987124713
  },
  "macro_auc_test_pruned_active_spheres": 0.49997633764256155,
  "per_digit_auc_test_pruned_active_spheres": {
    "0": 0.9170691414616008,
    "1": 0.48095506968418356,
    "2": 0.4539334477038465,
    "3": 0.5385672206715063,
    "4": 0.26222985383372005,
    "5": 0.4614492486645037,
    "6": 0.6504908828251323,
    "7": 0.3526200282977537,
    "8": 0.5479302805963151,
    "9": 0.3345182026870537
  },
  "curvature": 1.0,
  "n_spheres": 30,
  "train_normal_digits": [
    0
  ],
  "test_digits": [
    0,
    1,
    2,
    3,
    4,
    5,
    6,
    7,
    8,
    9
  ],
  "objective": "union-soft",
  "unsupervised": true,
  "ae_checkpoint": "samplesvdd/hySpUnsup/runs/my_v3_ae200_stage1/ae_stage1_ep200.pth",
  "prune": {
    "train_argmin_counts": [
      200,
      209,
      411,
      113,
      59,
      106,
      1202,
      97,
      214,
      21,
      94,
      124,
      668,
      68,
      152,
      45,
      147,
      68,
      324,
      155,
      97,
      27,
      88,
      240,
      49,
      183,
      69,
      208,
      52,
      35
    ],
    "silhouette_mean_per_cluster_euclidean_z": {
      "0": null,
      "1": null,
      "2": null,
      "3": null,
      "4": null,
      "5": null,
      "6": null,
      "7": null,
      "8": null,
      "9": null,
      "10": null,
      "11": null,
      "12": null,
      "13": null,
      "14": null,
      "15": null,
      "16": null,
      "17": null,
      "18": null,
      "19": null,
      "20": null,
      "21": null,
      "22": null,
      "23": null,
      "24": null,
      "25": null,
      "26": null,
      "27": null,
      "28": null,
      "29": null
    },
    "active_cluster_mask": [
      true,
      true,
      true,
      true,
      false,
      true,
      true,
      false,
      true,
      false,
      false,
      true,
      true,
      false,
      true,
      false,
      true,
      false,
      true,
      true,
      false,
      false,
      false,
      true,
      false,
      true,
      false,
      true,
      false,
      false
    ]
  },
  "split_overloaded": {
    "enabled": true,
    "max_cluster_fraction": 0.3,
    "applied": false,
    "n_train": 5525,
    "cap_count": 1658,
    "counts_before": [
      227,
      258,
      446,
      135,
      0,
      129,
      1369,
      0,
      235,
      0,
      0,
      129,
      786,
      0,
      182,
      0,
      179,
      0,
      419,
      209,
      0,
      0,
      0,
      313,
      0,
      297,
      0,
      212,
      0,
      0
    ],
    "overloaded_clusters": [],
    "spare_inactive_clusters": [
      4,
      7,
      9,
      10,
      13,
      15,
      17,
      20,
      21,
      22,
      24,
      26,
      28,
      29
    ],
    "splits": []
  },
  "hybrid_rebalance": {
    "enabled": true,
    "lb_min_cluster_members": 100,
    "ub_max_cluster_fraction": 0.3,
    "max_iters": 4,
    "hard_cap_enabled": true,
    "chaos_factor": 0.15,
    "iterations": [
      {
        "iter": 1,
        "lb": {
          "enabled": true,
          "counts": [
            200,
            209,
            411,
            113,
            59,
            106,
            1202,
            97,
            214,
            21,
            94,
            124,
            668,
            68,
            152,
            45,
            147,
            68,
            324,
            155,
            97,
            27,
            88,
            240,
            49,
            183,
            69,
            208,
            52,
            35
          ],
          "active_before": [
            true,
            true,
            true,
            true,
            false,
            true,
            true,
            false,
            true,
            false,
            false,
            true,
            true,
            false,
            true,
            false,
            true,
            false,
            true,
            true,
            false,
            false,
            false,
            true,
            false,
            true,
            false,
            true,
            false,
            false
          ],
          "active_after": [
            true,
            true,
            true,
            true,
            false,
            true,
            true,
            false,
            true,
            false,
            false,
            true,
            true,
            false,
            true,
            false,
            true,
            false,
            true,
            true,
            false,
            false,
            false,
            true,
            false,
            true,
            false,
            true,
            false,
            false
          ],
          "changed": false
        },
        "ub": {
          "enabled": true,
          "max_cluster_fraction": 0.3,
          "applied": false,
          "n_train": 5525,
          "cap_count": 1658,
          "counts_before": [
            227,
            258,
            446,
            135,
            0,
            129,
            1369,
            0,
            235,
            0,
            0,
            129,
            786,
            0,
            182,
            0,
            179,
            0,
            419,
            209,
            0,
            0,
            0,
            313,
            0,
            297,
            0,
            212,
            0,
            0
          ],
          "overloaded_clusters": [],
          "spare_inactive_clusters": [
            4,
            7,
            9,
            10,
            13,
            15,
            17,
            20,
            21,
            22,
            24,
            26,
            28,
            29
          ],
          "splits": []
        },
        "hard_cap": {
          "enabled": true,
          "max_cluster_fraction": 0.3,
          "chaos_factor": 0.15,
          "applied": false,
          "n_train": 5525,
          "cap_count": 1658,
          "counts_before": [
            227,
            258,
            446,
            135,
            0,
            129,
            1369,
            0,
            235,
            0,
            0,
            129,
            786,
            0,
            182,
            0,
            179,
            0,
            419,
            209,
            0,
            0,
            0,
            313,
            0,
            297,
            0,
            212,
            0,
            0
          ],
          "counts_after": [
            227,
            258,
            446,
            135,
            0,
            129,
            1369,
            0,
            235,
            0,
            0,
            129,
            786,
            0,
            182,
            0,
            179,
            0,
            419,
            209,
            0,
            0,
            0,
            313,
            0,
            297,
            0,
            212,
            0,
            0
          ],
          "overflow_reassigned": 0
        },
        "changed": false
      }
    ],
    "applied": false,