{
  "n_samples": 2000,
  "per_cluster": {
    "0": {
      "n": 8,
      "class_counts": {
        "0": 7,
        "1": 0,
        "2": 0,
        "3": 0,
        "4": 0,
        "5": 0,
        "6": 0,
        "7": 0,
        "8": 1,
        "9": 0
      },
      "class_density": {
        "0": 0.875,
        "1": 0.0,
        "2": 0.0,
        "3": 0.0,
        "4": 0.0,
        "5": 0.0,
        "6": 0.0,
        "7": 0.0,
        "8": 0.125,
        "9": 0.0
      },
      "entropy_nat": 0.3768
    },
    "1": {
      "n": 12,
      "class_counts": {
        "0": 4,
        "1": 0,
        "2": 2,
        "3": 1,
        "4": 2,
        "5": 0,
        "6": 0,
        "7": 0,
        "8": 3,
        "9": 0
      },
      "class_density": {
        "0": 0.3333333333333333,
        "1": 0.0,
        "2": 0.16666666666666666,
        "3": 0.08333333333333333,
        "4": 0.16666666666666666,
        "5": 0.0,
        "6": 0.0,
        "7": 0.0,
        "8": 0.25,
        "9": 0.0
      },
      "entropy_nat": 1.5171
    },
    "2": {
      "n": 13,
      "class_counts": {
        "0": 9,
        "1": 0,
        "2": 0,
        "3": 0,
        "4": 0,
        "5": 3,
        "6": 1,
        "7": 0,
        "8": 0,
        "9": 0
      },
      "class_density": {
        "0": 0.6923076923076923,
        "1": 0.0,
        "2": 0.0,
        "3": 0.0,
        "4": 0.0,
        "5": 0.23076923076923078,
        "6": 0.07692307692307693,
        "7": 0.0,
        "8": 0.0,
        "9": 0.0
      },
      "entropy_nat": 0.7903
    },
    "3": {
      "n": 3,
      "class_counts": {
        "0": 2,
        "1": 0,
        "2": 0,
        "3": 0,
        "4": 0,
        "5": 0,
        "6": 0,
        "7": 0,
        "8": 1,
        "9": 0
      },
      "class_density": {
        "0": 0.6666666666666666,
        "1": 0.0,
        "2": 0.0,
        "3": 0.0,
        "4": 0.0,
        "5": 0.0,
        "6": 0.0,
        "7": 0.0,
        "8": 0.3333333333333333,
        "9": 0.0
      },
      "entropy_nat": 0.6365
    },
    "4": {
      "n": 0,
      "class_counts": {
        "0": 0,
        "1": 0,
        "2": 0,
        "3": 0,
        "4": 0,
        "5": 0,
        "6": 0,
        "7": 0,
        "8": 0,
        "9": 0
      },
      "class_density": {
        "0": 0.0,
        "1": 0.0,
        "2": 0.0,
        "3": 0.0,
        "4": 0.0,
        "5": 0.0,
        "6": 0.0,
        "7": 0.0,
        "8": 0.0,
        "9": 0.0
      },
      "entropy_nat": 0.0
    },
    "5": {
      "n": 1,
      "class_counts": {
        "0": 1,
        "1": 0,
        "2": 0,
        "3": 0,
        "4": 0,
        "5": 0,
        "6": 0,
        "7": 0,
        "8": 0,
        "9": 0
      },
      "class_density": {
        "0": 1.0,
        "1": 0.0,
        "2": 0.0,
        "3": 0.0,
        "4": 0.0,
        "5": 0.0,
        "6": 0.0,
        "7": 0.0,
        "8": 0.0,
        "9": 0.0
      },
      "entropy_nat": -0.0
    },
    "6": {
      "n": 804,
      "class_counts": {
        "0": 47,
        "1": 92,
        "2": 88,
        "3": 56,
        "4": 101,
        "5": 46,
        "6": 48,
        "7": 121,
        "8": 55,
        "9": 150
      },
      "class_density": {
        "0": 0.05845771144278607,
        "1": 0.11442786069651742,
        "2": 0.10945273631840796,
        "3": 0.06965174129353234,
        "4": 0.1256218905472637,
        "5": 0.05721393034825871,
        "6": 0.05970149253731343,
        "7": 0.15049751243781095,
        "8": 0.06840796019900497,
        "9": 0.1865671641791045
      },
      "entropy_nat": 2.216
    },
    "7": {
      "n": 0,
      "class_counts": {
        "0": 0,
        "1": 0,
        "2": 0,
        "3": 0,
        "4": 0,
        "5": 0,
        "6": 0,
        "7": 0,
        "8": 0,
        "9": 0
      },
      "class_density": {
        "0": 0.0,
        "1": 0.0,
        "2": 0.0,
        "3": 0.0,
        "4": 0.0,
        "5": 0.0,
        "6": 0.0,
        "7": 0.0,
        "8": 0.0,
        "9": 0.0
      },
      "entropy_nat": 0.0
    },
    "8": {
      "n": 14,
      "class_counts": {
        "0": 5,
        "1": 0,
        "2": 0,
        "3": 0,
        "4": 0,
        "5": 8,
        "6": 0,
        "7": 0,
        "8": 1,
        "9": 0
      },
      "class_density": {
        "0": 0.35714285714285715,
        "1": 0.0,
        "2": 0.0,
        "3": 0.0,
        "4": 0.0,
        "5": 0.5714285714285714,
        "6": 0.0,
        "7": 0.0,
        "8": 0.07142857142857142,
        "9": 0.0
      },
      "entropy_nat": 0.876
    },
    "9": {
      "n": 0,
      "class_counts": {
        "0": 0,
        "1": 0,
        "2": 0,
        "3": 0,
        "4": 0,
        "5": 0,
        "6": 0,
        "7": 0,
        "8": 0,
        "9": 0
      },
      "class_density": {
        "0": 0.0,
        "1": 0.0,
        "2": 0.0,
        "3": 0.0,
        "4": 0.0,
        "5": 0.0,
        "6": 0.0,
        "7": 0.0,
        "8": 0.0,
        "9": 0.0
      },
      "entropy_nat": 0.0
    },
    "10": {
      "n": 0,
      "class_counts": {
        "0": 0,
        "1": 0,
        "2": 0,
        "3": 0,
        "4": 0,
        "5": 0,
        "6": 0,
        "7": 0,
        "8": 0,
        "9": 0
      },
      "class_density": {
        "0": 0.0,
        "1": 0.0,
        "2": 0.0,
        "3": 0.0,
        "4": 0.0,
        "5": 0.0,
        "6": 0.0,
        "7": 0.0,
        "8": 0.0,
        "9": 0.0
      },
      "entropy_nat": 0.0
    },
    "11": {
      "n": 0,
      "class_counts": {
        "0": 0,
        "1": 0,
        "2": 0,
        "3": 0,
        "4": 0,
        "5": 0,
        "6": 0,
        "7": 0,
        "8": 0,
        "9": 0
      },
      "class_density": {
        "0": 0.0,
        "1": 0.0,
        "2": 0.0,
        "3": 0.0,
        "4": 0.0,
        "5": 0.0,
        "6": 0.0,
        "7": 0.0,
        "8": 0.0,
        "9": 0.0
      },
      "entropy_nat": 0.0
    },
    "12": {
      "n": 58,
      "class_counts": {
        "0": 16,
        "1": 0,
        "2": 5,
        "3": 14,
        "4": 7,
        "5": 2,
        "6": 0,
        "7": 2,
        "8": 7,
        "9": 5
      },
      "class_density": {
        "0": 0.27586206896551724,
        "1": 0.0,
        "2": 0.08620689655172414,
        "3": 0.2413793103448276,
        "4": 0.1206896551724138,
        "5": 0.034482758620689655,
        "6": 0.0,
        "7": 0.034482758620689655,
        "8": 0.1206896551724138,
        "9": 0.08620689655172414
      },
      "entropy_nat": 1.8636
    },
    "13": {
      "n": 0,
      "class_counts": {
        "0": 0,
        "1": 0,
        "2": 0,
        "3": 0,
        "4": 0,
        "5": 0,
        "6": 0,
        "7": 0,
        "8": 0,
        "9": 0
      },
      "class_density": {
        "0": 0.0,
        "1": 0.0,
        "2": 0.0,
        "3": 0.0,
        "4": 0.0,
        "5": 0.0,
        "6": 0.0,
        "7": 0.0,
        "8": 0.0,
        "9": 0.0
      },
      "entropy_nat": 0.0
    },
    "14": {
      "n": 175,
      "class_counts": {
        "0": 15,
        "1": 0,
        "2": 7,
        "3": 15,
        "4": 24,
        "5": 64,
        "6": 2,
        "7": 2,
        "8": 44,
        "9": 2
      },
      "class_density": {
        "0": 0.08571428571428572,
        "1": 0.0,
        "2": 0.04,
        "3": 0.08571428571428572,
        "4": 0.13714285714285715,
        "5": 0.3657142857142857,
        "6": 0.011428571428571429,
        "7": 0.011428571428571429,
        "8": 0.25142857142857145,
        "9": 0.011428571428571429
      },
      "entropy_nat": 1.6907
    },
    "15": {
      "n": 0,
      "class_counts": {
        "0": 0,
        "1": 0,
        "2": 0,
        "3": 0,
        "4": 0,
        "5": 0,
        "6": 0,
        "7": 0,
        "8": 0,
        "9": 0
      },
      "class_density": {
        "0": 0.0,
        "1": 0.0,
        "2": 0.0,
        "3": 0.0,
        "4": 0.0,
        "5": 0.0,