{
  "n_samples": 2000,
  "per_cluster": {
    "0": {
      "n": 0,
      "class_counts": {
        "0": 0,
        "1": 0,
        "2": 0,
        "3": 0,
        "4": 0,
        "5": 0,
        "6": 0,
        "7": 0,
        "8": 0,
        "9": 0
      },
      "class_density": {
        "0": 0.0,
        "1": 0.0,
        "2": 0.0,
        "3": 0.0,
        "4": 0.0,
        "5": 0.0,
        "6": 0.0,
        "7": 0.0,
        "8": 0.0,
        "9": 0.0
      },
      "entropy_nat": 0.0
    },
    "1": {
      "n": 251,
      "class_counts": {
        "0": 3,
        "1": 7,
        "2": 81,
        "3": 52,
        "4": 28,
        "5": 21,
        "6": 45,
        "7": 2,
        "8": 12,
        "9": 0
      },
      "class_density": {
        "0": 0.01195219123505976,
        "1": 0.027888446215139442,
        "2": 0.32270916334661354,
        "3": 0.20717131474103587,
        "4": 0.11155378486055777,
        "5": 0.08366533864541832,
        "6": 0.17928286852589642,
        "7": 0.00796812749003984,
        "8": 0.04780876494023904,
        "9": 0.0
      },
      "entropy_nat": 1.7881
    },
    "2": {
      "n": 0,
      "class_counts": {
        "0": 0,
        "1": 0,
        "2": 0,
        "3": 0,
        "4": 0,
        "5": 0,
        "6": 0,
        "7": 0,
        "8": 0,
        "9": 0
      },
      "class_density": {
        "0": 0.0,
        "1": 0.0,
        "2": 0.0,
        "3": 0.0,
        "4": 0.0,
        "5": 0.0,
        "6": 0.0,
        "7": 0.0,
        "8": 0.0,
        "9": 0.0
      },
      "entropy_nat": 0.0
    },
    "3": {
      "n": 0,
      "class_counts": {
        "0": 0,
        "1": 0,
        "2": 0,
        "3": 0,
        "4": 0,
        "5": 0,
        "6": 0,
        "7": 0,
        "8": 0,
        "9": 0
      },
      "class_density": {
        "0": 0.0,
        "1": 0.0,
        "2": 0.0,
        "3": 0.0,
        "4": 0.0,
        "5": 0.0,
        "6": 0.0,
        "7": 0.0,
        "8": 0.0,
        "9": 0.0
      },
      "entropy_nat": 0.0
    },
    "4": {
      "n": 0,
      "class_counts": {
        "0": 0,
        "1": 0,
        "2": 0,
        "3": 0,
        "4": 0,
        "5": 0,
        "6": 0,
        "7": 0,
        "8": 0,
        "9": 0
      },
      "class_density": {
        "0": 0.0,
        "1": 0.0,
        "2": 0.0,
        "3": 0.0,
        "4": 0.0,
        "5": 0.0,
        "6": 0.0,
        "7": 0.0,
        "8": 0.0,
        "9": 0.0
      },
      "entropy_nat": 0.0
    },
    "5": {
      "n": 0,
      "class_counts": {
        "0": 0,
        "1": 0,
        "2": 0,
        "3": 0,
        "4": 0,
        "5": 0,
        "6": 0,
        "7": 0,
        "8": 0,
        "9": 0
      },
      "class_density": {
        "0": 0.0,
        "1": 0.0,
        "2": 0.0,
        "3": 0.0,
        "4": 0.0,
        "5": 0.0,
        "6": 0.0,
        "7": 0.0,
        "8": 0.0,
        "9": 0.0
      },
      "entropy_nat": 0.0
    },
    "6": {
      "n": 19,
      "class_counts": {
        "0": 13,
        "1": 0,
        "2": 0,
        "3": 0,
        "4": 0,
        "5": 0,
        "6": 1,
        "7": 2,
        "8": 0,
        "9": 3
      },
      "class_density": {
        "0": 0.6842105263157895,
        "1": 0.0,
        "2": 0.0,
        "3": 0.0,
        "4": 0.0,
        "5": 0.0,
        "6": 0.05263157894736842,
        "7": 0.10526315789473684,
        "8": 0.0,
        "9": 0.15789473684210525
      },
      "entropy_nat": 0.943
    },
    "7": {
      "n": 0,
      "class_counts": {
        "0": 0,
        "1": 0,
        "2": 0,
        "3": 0,
        "4": 0,
        "5": 0,
        "6": 0,
        "7": 0,
        "8": 0,
        "9": 0
      },
      "class_density": {
        "0": 0.0,
        "1": 0.0,
        "2": 0.0,
        "3": 0.0,
        "4": 0.0,
        "5": 0.0,
        "6": 0.0,
        "7": 0.0,
        "8": 0.0,
        "9": 0.0
      },
      "entropy_nat": 0.0
    },
    "8": {
      "n": 31,
      "class_counts": {
        "0": 0,
        "1": 2,
        "2": 9,
        "3": 6,
        "4": 3,
        "5": 4,
        "6": 0,
        "7": 0,
        "8": 7,
        "9": 0
      },
      "class_density": {
        "0": 0.0,
        "1": 0.06451612903225806,
        "2": 0.2903225806451613,
        "3": 0.1935483870967742,
        "4": 0.0967741935483871,
        "5": 0.12903225806451613,
        "6": 0.0,
        "7": 0.0,
        "8": 0.22580645161290322,
        "9": 0.0
      },
      "entropy_nat": 1.68
    },
    "9": {
      "n": 0,
      "class_counts": {
        "0": 0,
        "1": 0,
        "2": 0,
        "3": 0,
        "4": 0,
        "5": 0,
        "6": 0,
        "7": 0,
        "8": 0,
        "9": 0
      },
      "class_density": {
        "0": 0.0,
        "1": 0.0,
        "2": 0.0,
        "3": 0.0,
        "4": 0.0,
        "5": 0.0,
        "6": 0.0,
        "7": 0.0,
        "8": 0.0,
        "9": 0.0
      },
      "entropy_nat": 0.0
    },
    "10": {
      "n": 237,
      "class_counts": {
        "0": 1,
        "1": 57,
        "2": 21,
        "3": 24,
        "4": 34,
        "5": 15,
        "6": 4,
        "7": 58,
        "8": 5,
        "9": 18
      },
      "class_density": {
        "0": 0.004219409282700422,
        "1": 0.24050632911392406,
        "2": 0.08860759493670886,
        "3": 0.10126582278481013,
        "4": 0.14345991561181434,
        "5": 0.06329113924050633,
        "6": 0.016877637130801686,
        "7": 0.24472573839662448,
        "8": 0.02109704641350211,
        "9": 0.0759493670886076
      },
      "entropy_nat": 1.9562
    },
    "11": {
      "n": 0,
      "class_counts": {
        "0": 0,
        "1": 0,
        "2": 0,
        "3": 0,
        "4": 0,
        "5": 0,
        "6": 0,
        "7": 0,
        "8": 0,
        "9": 0
      },
      "class_density": {
        "0": 0.0,
        "1": 0.0,
        "2": 0.0,
        "3": 0.0,
        "4": 0.0,
        "5": 0.0,
        "6": 0.0,
        "7": 0.0,
        "8": 0.0,
        "9": 0.0
      },
      "entropy_nat": 0.0
    },
    "12": {
      "n": 0,
      "class_counts": {
        "0": 0,
        "1": 0,
        "2": 0,
        "3": 0,
        "4": 0,
        "5": 0,
        "6": 0,
        "7": 0,
        "8": 0,
        "9": 0
      },
      "class_density": {
        "0": 0.0,
        "1": 0.0,
        "2": 0.0,
        "3": 0.0,
        "4": 0.0,
        "5": 0.0,
        "6": 0.0,
        "7": 0.0,
        "8": 0.0,
        "9": 0.0
      },
      "entropy_nat": 0.0
    },
    "13": {
      "n": 497,
      "class_counts": {
        "0": 104,
        "1": 1,
        "2": 32,
        "3": 48,
        "4": 10,
        "5": 107,
        "6": 75,
        "7": 66,
        "8": 35,
        "9": 19
      },
      "class_density": {
        "0": 0.20925553319919518,
        "1": 0.002012072434607646,
        "2": 0.06438631790744467,
        "3": 0.096579476861167,
        "4": 0.02012072434607646,
        "5": 0.2152917505030181,
        "6": 0.15090543259557343,
        "7": 0.13279678068410464,
        "8": 0.07042253521126761,
        "9": 0.03822937625754527
      },
      "entropy_nat": 2.0165
    },
    "14": {
      "n": 0,
      "class_counts": {
        "0": 0,
        "1": 0,
        "2": 0,
        "3": 0,
        "4": 0,
        "5": 0,
        "6": 0,
        "7": 0,
        "8": 0,
        "9": 0
      },
      "class_density": {
        "0": 0.0,
        "1": 0.0,
        "2": 0.0,
        "3": 0.0,
        "4": 0.0,
        "5": 0.0,
        "6": 0.0,
        "7": 0.0,
        "8": 0.0,
        "9": 0.0
      },
      "entropy_nat": 0.0
    },
    "15": {
      "n": 826,
      "class_counts": {
        "0": 67,
        "1": 66,
        "2": 46,
        "3": 65,
        "4": 116,
        "5": 51,
        "6": 83,
        "7": 88,
        "8": 109,
        "9": 135
      },
      "class_density": {
        "0": 0.0811138014527845,
        "1": 0.07990314769975787,
        "2": 0.05569007263922518,