{
  "run_dir": "samplesvdd/hySpUnsup/runs/sensitivity_v3/grid_lb50_ub0p10",
  "checkpoint": "samplesvdd/hySpUnsup/runs/sensitivity_v3/grid_lb50_ub0p10/checkpoint_v2.pth",
  "n_spheres": 30,
  "curvature": 1.0,
  "objective": "union-soft",
  "active_cluster_mask": [
    true,
    true,
    true,
    true,
    true,
    true,
    true,
    true,
    true,
    false,
    false,
    false,
    false,
    false,
    false,
    false,
    true,
    false,
    false,
    false,
    false,
    false,
    false,
    false,
    false,
    false,
    false,
    false,
    true,
    false
  ],
  "train_macro_auc": 0.4969695569426282,
  "train_per_digit_auc": {
    "0": 0.6117037506762252,
    "1": 0.7217424254003239,
    "2": 0.4996027221008087,
    "3": 0.5839587539087132,
    "4": 0.3423797768510878,
    "5": 0.4858850964657993,
    "6": 0.4165862963190289,
    "7": 0.4855170547964255,
    "8": 0.4835438579684754,
    "9": 0.33877583493939456
  },
  "test_macro_auc": 0.49663884136341335,
  "test_per_digit_auc": {
    "0": 0.6015809089160264,
    "1": 0.7110674849763456,
    "2": 0.508854602940551,
    "3": 0.5796137899560897,
    "4": 0.3460707432297996,
    "5": 0.47709630575366263,
    "6": 0.41918920471353205,
    "7": 0.47412575684423847,
    "8": 0.4880104348321396,
    "9": 0.36077918147174864
  }
}