{
  "version": 2,
  "checkpoint_selection": "min_training_loss",
  "best_epoch": 48,
  "best_training_loss": 0.6787210858031495,
  "macro_auc_test_at_best_epoch": 0.49926377845847936,
  "per_digit_auc_at_best_epoch": {
    "0": 0.5152697987075955,
    "1": 0.5571166602736223,
    "2": 0.45197317491599437,
    "3": 0.4503641233092004,
    "4": 0.5074435030670652,
    "5": 0.46938947556724137,
    "6": 0.5041306589237454,
    "7": 0.5167326139376772,
    "8": 0.4929155097057615,
    "9": 0.5273022661768914
  },
  "macro_auc_test_pruned_active_spheres": 0.49926377845847936,
  "per_digit_auc_test_pruned_active_spheres": {
    "0": 0.5152697987075955,
    "1": 0.5571166602736223,
    "2": 0.45197317491599437,
    "3": 0.4503641233092004,
    "4": 0.5074435030670652,
    "5": 0.46938947556724137,
    "6": 0.5041306589237454,
    "7": 0.5167326139376772,
    "8": 0.4929155097057615,
    "9": 0.5273022661768914
  },
  "curvature": 1.0,
  "objective": "union-soft",
  "unsupervised": true,
  "ae_checkpoint": "/home/josepcec/Downloads/OASPL/svDD/samplesvdd/hySpCheck/runs/ablate_mnist_full_t2_ae150/ae_stage1_ep150.pth",
  "prune": {
    "train_argmin_counts": [
      0,
      56045,
      0,
      0,
      0,
      0,
      0,
      0,
      0,
      0
    ],
    "silhouette_mean_per_cluster_euclidean_z": {
      "0": null,
      "1": null,
      "2": null,
      "3": null,
      "4": null,
      "5": null,
      "6": null,
      "7": null,
      "8": null,
      "9": null
    },
    "active_cluster_mask": [
      false,
      true,
      false,
      false,
      false,
      false,
      false,
      false,
      false,
      false
    ]
  },
  "union_test_metrics_active_spheres": {
    "union_frac_inside": 0.8982443568613401,
    "union_margin_mean": -0.09030337631702423,
    "union_margin_std": 0.07008685171604156
  }
}