{
  "n_samples": 2000,
  "per_cluster": {
    "0": {
      "n": 82,
      "class_counts": {
        "0": 0,
        "1": 57,
        "2": 14,
        "3": 5,
        "4": 0,
        "5": 0,
        "6": 5,
        "7": 0,
        "8": 1,
        "9": 0
      },
      "class_density": {
        "0": 0.0,
        "1": 0.6951219512195121,
        "2": 0.17073170731707318,
        "3": 0.06097560975609756,
        "4": 0.0,
        "5": 0.0,
        "6": 0.06097560975609756,
        "7": 0.0,
        "8": 0.012195121951219513,
        "9": 0.0
      },
      "entropy_nat": 0.9495
    },
    "1": {
      "n": 1832,
      "class_counts": {
        "0": 191,
        "1": 151,
        "2": 198,
        "3": 175,
        "4": 176,
        "5": 186,
        "6": 174,
        "7": 210,
        "8": 180,
        "9": 191
      },
      "class_density": {
        "0": 0.10425764192139737,
        "1": 0.0824235807860262,
        "2": 0.10807860262008734,
        "3": 0.09552401746724891,
        "4": 0.09606986899563319,
        "5": 0.10152838427947598,
        "6": 0.09497816593886463,
        "7": 0.1146288209606987,
        "8": 0.0982532751091703,
        "9": 0.10425764192139737
      },
      "entropy_nat": 2.2991
    },
    "2": {
      "n": 33,
      "class_counts": {
        "0": 3,
        "1": 2,
        "2": 4,
        "3": 2,
        "4": 0,
        "5": 1,
        "6": 20,
        "7": 1,
        "8": 0,
        "9": 0
      },
      "class_density": {
        "0": 0.09090909090909091,
        "1": 0.06060606060606061,
        "2": 0.12121212121212122,
        "3": 0.06060606060606061,
        "4": 0.0,
        "5": 0.030303030303030304,
        "6": 0.6060606060606061,
        "7": 0.030303030303030304,
        "8": 0.0,
        "9": 0.0
      },
      "entropy_nat": 1.329
    },
    "3": {
      "n": 7,
      "class_counts": {
        "0": 0,
        "1": 0,
        "2": 0,
        "3": 0,
        "4": 0,
        "5": 0,
        "6": 0,
        "7": 7,
        "8": 0,
        "9": 0
      },
      "class_density": {
        "0": 0.0,
        "1": 0.0,
        "2": 0.0,
        "3": 0.0,
        "4": 0.0,
        "5": 0.0,
        "6": 0.0,
        "7": 1.0,
        "8": 0.0,
        "9": 0.0
      },
      "entropy_nat": -0.0
    },
    "4": {
      "n": 33,
      "class_counts": {
        "0": 0,
        "1": 0,
        "2": 0,
        "3": 1,
        "4": 24,
        "5": 0,
        "6": 7,
        "7": 1,
        "8": 0,
        "9": 0
      },
      "class_density": {
        "0": 0.0,
        "1": 0.0,
        "2": 0.0,
        "3": 0.030303030303030304,
        "4": 0.7272727272727273,
        "5": 0.0,
        "6": 0.21212121212121213,
        "7": 0.030303030303030304,
        "8": 0.0,
        "9": 0.0
      },
      "entropy_nat": 0.7724
    },
    "5": {
      "n": 0,
      "class_counts": {
        "0": 0,
        "1": 0,
        "2": 0,
        "3": 0,
        "4": 0,
        "5": 0,
        "6": 0,
        "7": 0,
        "8": 0,
        "9": 0
      },
      "class_density": {
        "0": 0.0,
        "1": 0.0,
        "2": 0.0,
        "3": 0.0,
        "4": 0.0,
        "5": 0.0,
        "6": 0.0,
        "7": 0.0,
        "8": 0.0,
        "9": 0.0
      },
      "entropy_nat": 0.0
    },
    "6": {
      "n": 4,
      "class_counts": {
        "0": 0,
        "1": 0,
        "2": 0,
        "3": 0,
        "4": 0,
        "5": 0,
        "6": 4,
        "7": 0,
        "8": 0,
        "9": 0
      },
      "class_density": {
        "0": 0.0,
        "1": 0.0,
        "2": 0.0,
        "3": 0.0,
        "4": 0.0,
        "5": 0.0,
        "6": 1.0,
        "7": 0.0,
        "8": 0.0,
        "9": 0.0
      },
      "entropy_nat": -0.0
    },
    "7": {
      "n": 0,
      "class_counts": {
        "0": 0,
        "1": 0,
        "2": 0,
        "3": 0,
        "4": 0,
        "5": 0,
        "6": 0,
        "7": 0,
        "8": 0,
        "9": 0
      },
      "class_density": {
        "0": 0.0,
        "1": 0.0,
        "2": 0.0,
        "3": 0.0,
        "4": 0.0,
        "5": 0.0,
        "6": 0.0,
        "7": 0.0,
        "8": 0.0,
        "9": 0.0
      },
      "entropy_nat": 0.0
    },
    "8": {
      "n": 9,
      "class_counts": {
        "0": 0,
        "1": 9,
        "2": 0,
        "3": 0,
        "4": 0,
        "5": 0,
        "6": 0,
        "7": 0,
        "8": 0,
        "9": 0
      },
      "class_density": {
        "0": 0.0,
        "1": 1.0,
        "2": 0.0,
        "3": 0.0,
        "4": 0.0,
        "5": 0.0,
        "6": 0.0,
        "7": 0.0,
        "8": 0.0,
        "9": 0.0
      },
      "entropy_nat": -0.0
    },
    "9": {
      "n": 0,
      "class_counts": {
        "0": 0,
        "1": 0,
        "2": 0,
        "3": 0,
        "4": 0,
        "5": 0,
        "6": 0,
        "7": 0,
        "8": 0,
        "9": 0
      },
      "class_density": {
        "0": 0.0,
        "1": 0.0,
        "2": 0.0,
        "3": 0.0,
        "4": 0.0,
        "5": 0.0,
        "6": 0.0,
        "7": 0.0,
        "8": 0.0,
        "9": 0.0
      },
      "entropy_nat": 0.0
    }
  },
  "pruning": {
    "active_cluster_mask": [
      true,
      true,
      true,
      true,
      true,
      false,
      true,
      false,
      true,
      false
    ],
    "pruned_cluster_ids": [
      5,
      7,
      9
    ],
    "n_active_spheres": 7,
    "nearest_sphere_assignment": "active_argmin",
    "note": "per_cluster uses nearest active sphere (pruned heads excluded from argmin). Hull/legend grey-out uses active_cluster_mask."
  }
}