{
  "best_epoch": 5,
  "best_macro_auc": 0.5721868413420597,
  "per_digit_best_auc": {
    "0": 0.3997361021298839,
    "1": 0.6745776923416973,
    "2": 0.5890805624152999,
    "3": 0.7475980404858164,
    "4": 0.6168801027894106,
    "5": 0.573769037307277,
    "6": 0.7709190849335514,
    "7": 0.45444516513266187,
    "8": 0.45514428572714427,
    "9": 0.4397183401578541
  },
  "best_hungarian_acc": 0.11304900437791272,
  "best_nmi": 0.0,
  "best_ari": 0.0,
  "curvature": 1.0,
  "objective": "soft-boundary",
  "temperature": 0.1,
  "lambda_sep": 0.1,
  "sep_margin": 0.1,
  "lambda_overlap": 0.01,
  "margin_overlap": 0.05,
  "lambda_entropy": 0.01
}