{
  "best_epoch": 50,
  "best_macro_auc": 0.9326983212717661,
  "per_digit_best_auc": {
    "0": 0.979190962920237,
    "1": 0.9979157551249839,
    "2": 0.8675440211901121,
    "3": 0.9026338598768491,
    "4": 0.9083340532431594,
    "5": 0.8984973904826631,
    "6": 0.9644924896281135,
    "7": 0.941787404050091,
    "8": 0.9195347730402613,
    "9": 0.9470525031611909
  },
  "curvature": 1.0,
  "objective": "soft-boundary",
  "lambda_excl": 0.0,
  "margin_excl": 0.1,
  "lambda_overlap": 0.0,
  "margin_overlap": 0.05
}