{
  "run_dir": "samplesvdd/hySpUnsup/runs/sensitivity_v3/overlap_margin_0p02",
  "checkpoint": "samplesvdd/hySpUnsup/runs/sensitivity_v3/overlap_margin_0p02/checkpoint_v2.pth",
  "n_spheres": 30,
  "curvature": 1.0,
  "objective": "union-soft",
  "active_cluster_mask": [
    true,
    true,
    false,
    false,
    false,
    false,
    true,
    true,
    false,
    false,
    false,
    true,
    true,
    false,
    false,
    false,
    true,
    false,
    false,
    true,
    true,
    false,
    false,
    false,
    false,
    true,
    true,
    true,
    false,
    false
  ],
  "train_macro_auc": 0.5008810343240901,
  "train_per_digit_auc": {
    "0": 0.7688834689366336,
    "1": 0.45023926624808697,
    "2": 0.6580154414658197,
    "3": 0.6794045416100006,
    "4": 0.2850148079043529,
    "5": 0.4671248403128856,
    "6": 0.49017384196074176,
    "7": 0.2621615566791462,
    "8": 0.5354167906913775,
    "9": 0.4123757874318554
  },
  "test_macro_auc": 0.5002159472501908,
  "test_per_digit_auc": {
    "0": 0.7694751275538907,
    "1": 0.43849037207518227,
    "2": 0.6589993903389999,
    "3": 0.6727499613002578,
    "4": 0.28033232785240125,
    "5": 0.48112741639621837,
    "6": 0.4962397433577741,
    "7": 0.25952079855845256,
    "8": 0.524427517659517,
    "9": 0.4207968174092145
  }
}