{
  "n_samples": 2000,
  "per_cluster": {
    "0": {
      "n": 78,
      "class_counts": {
        "0": 38,
        "1": 1,
        "2": 6,
        "3": 14,
        "4": 0,
        "5": 12,
        "6": 0,
        "7": 0,
        "8": 7,
        "9": 0
      },
      "class_density": {
        "0": 0.48717948717948717,
        "1": 0.01282051282051282,
        "2": 0.07692307692307693,
        "3": 0.1794871794871795,
        "4": 0.0,
        "5": 0.15384615384615385,
        "6": 0.0,
        "7": 0.0,
        "8": 0.08974358974358974,
        "9": 0.0
      },
      "entropy_nat": 1.4161
    },
    "1": {
      "n": 21,
      "class_counts": {
        "0": 19,
        "1": 0,
        "2": 0,
        "3": 0,
        "4": 0,
        "5": 1,
        "6": 0,
        "7": 0,
        "8": 1,
        "9": 0
      },
      "class_density": {
        "0": 0.9047619047619048,
        "1": 0.0,
        "2": 0.0,
        "3": 0.0,
        "4": 0.0,
        "5": 0.047619047619047616,
        "6": 0.0,
        "7": 0.0,
        "8": 0.047619047619047616,
        "9": 0.0
      },
      "entropy_nat": 0.3805
    },
    "2": {
      "n": 476,
      "class_counts": {
        "0": 32,
        "1": 18,
        "2": 83,
        "3": 67,
        "4": 26,
        "5": 109,
        "6": 106,
        "7": 4,
        "8": 26,
        "9": 5
      },
      "class_density": {
        "0": 0.06722689075630252,
        "1": 0.037815126050420166,
        "2": 0.17436974789915966,
        "3": 0.1407563025210084,
        "4": 0.0546218487394958,
        "5": 0.22899159663865545,
        "6": 0.22268907563025211,
        "7": 0.008403361344537815,
        "8": 0.0546218487394958,
        "9": 0.01050420168067227
      },
      "entropy_nat": 1.9635
    },
    "3": {
      "n": 0,
      "class_counts": {
        "0": 0,
        "1": 0,
        "2": 0,
        "3": 0,
        "4": 0,
        "5": 0,
        "6": 0,
        "7": 0,
        "8": 0,
        "9": 0
      },
      "class_density": {
        "0": 0.0,
        "1": 0.0,
        "2": 0.0,
        "3": 0.0,
        "4": 0.0,
        "5": 0.0,
        "6": 0.0,
        "7": 0.0,
        "8": 0.0,
        "9": 0.0
      },
      "entropy_nat": 0.0
    },
    "4": {
      "n": 0,
      "class_counts": {
        "0": 0,
        "1": 0,
        "2": 0,
        "3": 0,
        "4": 0,
        "5": 0,
        "6": 0,
        "7": 0,
        "8": 0,
        "9": 0
      },
      "class_density": {
        "0": 0.0,
        "1": 0.0,
        "2": 0.0,
        "3": 0.0,
        "4": 0.0,
        "5": 0.0,
        "6": 0.0,
        "7": 0.0,
        "8": 0.0,
        "9": 0.0
      },
      "entropy_nat": 0.0
    },
    "5": {
      "n": 0,
      "class_counts": {
        "0": 0,
        "1": 0,
        "2": 0,
        "3": 0,
        "4": 0,
        "5": 0,
        "6": 0,
        "7": 0,
        "8": 0,
        "9": 0
      },
      "class_density": {
        "0": 0.0,
        "1": 0.0,
        "2": 0.0,
        "3": 0.0,
        "4": 0.0,
        "5": 0.0,
        "6": 0.0,
        "7": 0.0,
        "8": 0.0,
        "9": 0.0
      },
      "entropy_nat": 0.0
    },
    "6": {
      "n": 0,
      "class_counts": {
        "0": 0,
        "1": 0,
        "2": 0,
        "3": 0,
        "4": 0,
        "5": 0,
        "6": 0,
        "7": 0,
        "8": 0,
        "9": 0
      },
      "class_density": {
        "0": 0.0,
        "1": 0.0,
        "2": 0.0,
        "3": 0.0,
        "4": 0.0,
        "5": 0.0,
        "6": 0.0,
        "7": 0.0,
        "8": 0.0,
        "9": 0.0
      },
      "entropy_nat": 0.0
    },
    "7": {
      "n": 9,
      "class_counts": {
        "0": 8,
        "1": 0,
        "2": 0,
        "3": 1,
        "4": 0,
        "5": 0,
        "6": 0,
        "7": 0,
        "8": 0,
        "9": 0
      },
      "class_density": {
        "0": 0.8888888888888888,
        "1": 0.0,
        "2": 0.0,
        "3": 0.1111111111111111,
        "4": 0.0,
        "5": 0.0,
        "6": 0.0,
        "7": 0.0,
        "8": 0.0,
        "9": 0.0
      },
      "entropy_nat": 0.3488
    },
    "8": {
      "n": 0,
      "class_counts": {
        "0": 0,
        "1": 0,
        "2": 0,
        "3": 0,
        "4": 0,
        "5": 0,
        "6": 0,
        "7": 0,
        "8": 0,
        "9": 0
      },
      "class_density": {
        "0": 0.0,
        "1": 0.0,
        "2": 0.0,
        "3": 0.0,
        "4": 0.0,
        "5": 0.0,
        "6": 0.0,
        "7": 0.0,
        "8": 0.0,
        "9": 0.0
      },
      "entropy_nat": 0.0
    },
    "9": {
      "n": 0,
      "class_counts": {
        "0": 0,
        "1": 0,
        "2": 0,
        "3": 0,
        "4": 0,
        "5": 0,
        "6": 0,
        "7": 0,
        "8": 0,
        "9": 0
      },
      "class_density": {
        "0": 0.0,
        "1": 0.0,
        "2": 0.0,
        "3": 0.0,
        "4": 0.0,
        "5": 0.0,
        "6": 0.0,
        "7": 0.0,
        "8": 0.0,
        "9": 0.0
      },
      "entropy_nat": 0.0
    },
    "10": {
      "n": 12,
      "class_counts": {
        "0": 11,
        "1": 0,
        "2": 0,
        "3": 1,
        "4": 0,
        "5": 0,
        "6": 0,
        "7": 0,
        "8": 0,
        "9": 0
      },
      "class_density": {
        "0": 0.9166666666666666,
        "1": 0.0,
        "2": 0.0,
        "3": 0.08333333333333333,
        "4": 0.0,
        "5": 0.0,
        "6": 0.0,
        "7": 0.0,
        "8": 0.0,
        "9": 0.0
      },
      "entropy_nat": 0.2868
    },
    "11": {
      "n": 123,
      "class_counts": {
        "0": 0,
        "1": 41,
        "2": 3,
        "3": 3,
        "4": 18,
        "5": 15,
        "6": 9,
        "7": 21,
        "8": 2,
        "9": 11
      },
      "class_density": {
        "0": 0.0,
        "1": 0.3333333333333333,
        "2": 0.024390243902439025,
        "3": 0.024390243902439025,
        "4": 0.14634146341463414,
        "5": 0.12195121951219512,
        "6": 0.07317073170731707,
        "7": 0.17073170731707318,
        "8": 0.016260162601626018,
        "9": 0.08943089430894309
      },
      "entropy_nat": 1.8612
    },
    "12": {
      "n": 0,
      "class_counts": {
        "0": 0,
        "1": 0,
        "2": 0,
        "3": 0,
        "4": 0,
        "5": 0,
        "6": 0,
        "7": 0,
        "8": 0,
        "9": 0
      },
      "class_density": {
        "0": 0.0,
        "1": 0.0,
        "2": 0.0,
        "3": 0.0,
        "4": 0.0,
        "5": 0.0,
        "6": 0.0,
        "7": 0.0,
        "8": 0.0,
        "9": 0.0
      },
      "entropy_nat": 0.0
    },
    "13": {
      "n": 5,
      "class_counts": {
        "0": 0,
        "1": 0,
        "2": 0,
        "3": 0,
        "4": 0,
        "5": 2,
        "6": 2,
        "7": 1,
        "8": 0,
        "9": 0
      },
      "class_density": {
        "0": 0.0,
        "1": 0.0,
        "2": 0.0,
        "3": 0.0,
        "4": 0.0,
        "5": 0.4,
        "6": 0.4,
        "7": 0.2,
        "8": 0.0,
        "9": 0.0
      },
      "entropy_nat": 1.0549
    },
    "14": {
      "n": 0,
      "class_counts": {
        "0": 0,
        "1": 0,
        "2": 0,
        "3": 0,
        "4": 0,
        "5": 0,
        "6": 0,
        "7": 0,
        "8": 0,
        "9": 0
      },
      "class_density": {
        "0": 0.0,
        "1": 0.0,
        "2": 0.0,
        "3": 0.0,
        "4": 0.0,
        "5": 0.0,
        "6": 0.0,
        "7": 0.0,
        "8": 0.0,
        "9": 0.0
      },
      "entropy_nat": 0.0
    },
    "15": {
      "n": 182,
      "class_counts": {
        "0": 1,
        "1": 125,
        "2": 13,
        "3": 16,
        "4": 0,
        "5": 2,
        "6": 1,
        "7": 22,
        "8": 2,
        "9": 0
      },
      "class_density": {
        "0": 0.005494505494505495,
        "1": 0.6868131868131868,
        "2": 0.07142857142857142,
        "3": 0.08791208791208792,
        "4": 0.0,
        "5": 0.01098901098901099,