{
  "version": 2,
  "checkpoint_selection": "min_training_loss",
  "best_epoch": 20,
  "best_training_loss": 0.6590116322040558,
  "macro_auc_test_at_best_epoch": 0.5007299811871376,
  "per_digit_auc_at_best_epoch": {
    "0": 0.27201939680018117,
    "1": 0.38469589566551593,
    "2": 0.7095539549985113,
    "3": 0.6374819215325365,
    "4": 0.536331416177727,
    "5": 0.3656332998145586,
    "6": 0.47327279150116747,
    "7": 0.355847409117517,
    "8": 0.7346745390613616,
    "9": 0.5377891872023003
  },
  "macro_auc_test_pruned_active_spheres": 0.5011342377152932,
  "per_digit_auc_test_pruned_active_spheres": {
    "0": 0.29038060236894286,
    "1": 0.3667361207006776,
    "2": 0.7144380201613474,
    "3": 0.6200148988431119,
    "4": 0.5401707387430729,
    "5": 0.37738331929525587,
    "6": 0.6092514410277178,
    "7": 0.2988896601018098,
    "8": 0.692901875671257,
    "9": 0.501175700239739
  },
  "curvature": 1.0,
  "n_spheres": 30,
  "geometry": "hyperbolic",
  "train_normal_digits": [
    2
  ],
  "test_digits": [
    0,
    1,
    2,
    3,
    4,
    5,
    6,
    7,
    8,
    9
  ],
  "objective": "union-soft",
  "unsupervised": true,
  "ae_checkpoint": "samplesvdd/hySpUnsup/runs/my_v3_ae200_stage1/ae_stage1_ep200.pth",
  "prune": {
    "train_argmin_counts": [
      153,
      96,
      412,
      74,
      134,
      44,
      518,
      67,
      508,
      56,
      71,
      39,
      796,
      56,
      330,
      80,
      651,
      49,
      43,
      254,
      42,
      209,
      86,
      194,
      24,
      55,
      59,
      25,
      367,
      93
    ],
    "silhouette_mean_per_cluster_euclidean_z": {
      "0": null,
      "1": null,
      "2": null,
      "3": null,
      "4": null,
      "5": null,
      "6": null,
      "7": null,
      "8": null,
      "9": null,
      "10": null,
      "11": null,
      "12": null,
      "13": null,
      "14": null,
      "15": null,
      "16": null,
      "17": null,
      "18": null,
      "19": null,
      "20": null,
      "21": null,
      "22": null,
      "23": null,
      "24": null,
      "25": null,
      "26": null,
      "27": null,
      "28": null,
      "29": null
    },
    "active_cluster_mask": [
      true,
      true,
      true,
      true,
      true,
      false,
      true,
      true,
      true,
      true,
      true,
      false,
      true,
      true,
      true,
      true,
      true,
      false,
      false,
      true,
      false,
      true,
      true,
      true,
      false,
      true,
      true,
      false,
      true,
      true
    ]
  },
  "split_overloaded": {
    "enabled": true,
    "max_cluster_fraction": 0.2,
    "applied": false,
    "n_train": 5585,
    "cap_count": 1117,
    "counts_before": [
      156,
      103,
      412,
      84,
      148,
      0,
      518,
      110,
      556,
      56,
      71,
      0,
      859,
      56,
      330,
      88,
      679,
      0,
      0,
      265,
      0,
      211,
      86,
      194,
      0,
      64,
      60,
      0,
      371,
      108
    ],
    "overloaded_clusters": [],
    "spare_inactive_clusters": [
      5,
      11,
      17,
      18,
      20,
      24,
      27
    ],
    "splits": []
  },
  "hybrid_rebalance": {
    "enabled": true,
    "lb_min_cluster_members": 50,
    "ub_max_cluster_fraction": 0.2,
    "max_iters": 4,
    "hard_cap_enabled": true,
    "chaos_factor": 0.05,
    "iterations": [
      {
        "iter": 1,
        "lb": {
          "enabled": true,
          "counts": [
            153,
            96,
            412,
            74,
            134,
            44,
            518,
            67,
            508,
            56,
            71,
            39,
            796,
            56,
            330,
            80,
            651,
            49,
            43,
            254,
            42,
            209,
            86,
            194,
            24,
            55,
            59,
            25,
            367,
            93
          ],
          "active_before": [
            true,
            true,
            true,
            true,
            true,
            false,
            true,
            true,
            true,
            true,
            true,
            false,
            true,
            true,
            true,
            true,
            true,
            false,
            false,
            true,
            false,
            true,
            true,
            true,
            false,
            true,
            true,
            false,
            true,
            true
          ],
          "active_after": [
            true,
            true,
            true,
            true,
            true,
            false,
            true,
            true,
            true,
            true,
            true,
            false,
            true,
            true,
            true,
            true,
            true,
            false,
            false,
            true,
            false,
            true,
            true,
            true,
            false,
            true,
            true,
            false,
            true,
            true
          ],
          "changed": false
        },
        "ub": {
          "enabled": true,
          "max_cluster_fraction": 0.2,
          "applied": false,
          "n_train": 5585,
          "cap_count": 1117,
          "counts_before": [
            156,
            103,
            412,
            84,
            148,
            0,
            518,
            110,
            556,
            56,
            71,
            0,
            859,
            56,
            330,
            88,
            679,
            0,
            0,
            265,
            0,
            211,
            86,
            194,
            0,
            64,
            60,
            0,
            371,
            108
          ],
          "overloaded_clusters": [],
          "spare_inactive_clusters": [
            5,
            11,
            17,
            18,
            20,
            24,
            27
          ],
          "splits": []
        },
        "hard_cap": {
          "enabled": true,
          "max_cluster_fraction": 0.2,
          "chaos_factor": 0.05,
          "applied": false,
          "n_train": 5585,
          "cap_count": 1117,
          "counts_before": [
            156,
            103,
            412,
            84,
            148,
            0,
            518,
            110,
            556,
            56,
            71,
            0,
            859,
            56,
            330,
            88,
            679,
            0,
            0,
            265,
            0,
            211,
            86,
            194,
            0,
            64,
            60,
            0,
            371,
            108
          ],
          "counts_after": [
            156,
            103,
            412,
            84,
            148,
            0,
            518,
            110,
            556,
            56,
            71,
            0,
            859,
            56,
            330,
            88,
            679,
            0,
            0,
            265,
            0,
            211,
            86,
            194,
            0,
            64,
            60,
            0,
            371,
            108
          ],
          "overflow_reassigned": 0
        },
        "changed": false
      }
    ],
    "applied": false,
    "active_cluster_mask_after_hybrid": [
      true,
      true,
      true,
      true,
      true,
      false,
      true,
      true,
      true,
      true,
      true,
      false,
      true,
      true,
      true,
      true,
      true,
      false,
      false,
      true,
      false,
      true,
      true,
      true,
      false,
      true,
      true,
      false,
      true,
      true
    ]
  },