{
  "n_samples": 2000,
  "per_cluster": {
    "0": {
      "n": 5,
      "class_counts": {
        "0": 0,
        "1": 0,
        "2": 3,
        "3": 2,
        "4": 0,
        "5": 0,
        "6": 0,
        "7": 0,
        "8": 0,
        "9": 0
      },
      "class_density": {
        "0": 0.0,
        "1": 0.0,
        "2": 0.6,
        "3": 0.4,
        "4": 0.0,
        "5": 0.0,
        "6": 0.0,
        "7": 0.0,
        "8": 0.0,
        "9": 0.0
      },
      "entropy_nat": 0.673
    },
    "1": {
      "n": 20,
      "class_counts": {
        "0": 1,
        "1": 0,
        "2": 3,
        "3": 13,
        "4": 0,
        "5": 1,
        "6": 0,
        "7": 0,
        "8": 2,
        "9": 0
      },
      "class_density": {
        "0": 0.05,
        "1": 0.0,
        "2": 0.15,
        "3": 0.65,
        "4": 0.0,
        "5": 0.05,
        "6": 0.0,
        "7": 0.0,
        "8": 0.1,
        "9": 0.0
      },
      "entropy_nat": 1.0944
    },
    "2": {
      "n": 108,
      "class_counts": {
        "0": 1,
        "1": 63,
        "2": 17,
        "3": 5,
        "4": 2,
        "5": 6,
        "6": 2,
        "7": 1,
        "8": 11,
        "9": 0
      },
      "class_density": {
        "0": 0.009259259259259259,
        "1": 0.5833333333333334,
        "2": 0.1574074074074074,
        "3": 0.046296296296296294,
        "4": 0.018518518518518517,
        "5": 0.05555555555555555,
        "6": 0.018518518518518517,
        "7": 0.009259259259259259,
        "8": 0.10185185185185185,
        "9": 0.0
      },
      "entropy_nat": 1.3754
    },
    "3": {
      "n": 2,
      "class_counts": {
        "0": 0,
        "1": 0,
        "2": 0,
        "3": 2,
        "4": 0,
        "5": 0,
        "6": 0,
        "7": 0,
        "8": 0,
        "9": 0
      },
      "class_density": {
        "0": 0.0,
        "1": 0.0,
        "2": 0.0,
        "3": 1.0,
        "4": 0.0,
        "5": 0.0,
        "6": 0.0,
        "7": 0.0,
        "8": 0.0,
        "9": 0.0
      },
      "entropy_nat": -0.0
    },
    "4": {
      "n": 4,
      "class_counts": {
        "0": 0,
        "1": 0,
        "2": 4,
        "3": 0,
        "4": 0,
        "5": 0,
        "6": 0,
        "7": 0,
        "8": 0,
        "9": 0
      },
      "class_density": {
        "0": 0.0,
        "1": 0.0,
        "2": 1.0,
        "3": 0.0,
        "4": 0.0,
        "5": 0.0,
        "6": 0.0,
        "7": 0.0,
        "8": 0.0,
        "9": 0.0
      },
      "entropy_nat": -0.0
    },
    "5": {
      "n": 0,
      "class_counts": {
        "0": 0,
        "1": 0,
        "2": 0,
        "3": 0,
        "4": 0,
        "5": 0,
        "6": 0,
        "7": 0,
        "8": 0,
        "9": 0
      },
      "class_density": {
        "0": 0.0,
        "1": 0.0,
        "2": 0.0,
        "3": 0.0,
        "4": 0.0,
        "5": 0.0,
        "6": 0.0,
        "7": 0.0,
        "8": 0.0,
        "9": 0.0
      },
      "entropy_nat": 0.0
    },
    "6": {
      "n": 342,
      "class_counts": {
        "0": 53,
        "1": 31,
        "2": 31,
        "3": 27,
        "4": 15,
        "5": 24,
        "6": 118,
        "7": 26,
        "8": 11,
        "9": 6
      },
      "class_density": {
        "0": 0.15497076023391812,
        "1": 0.09064327485380116,
        "2": 0.09064327485380116,
        "3": 0.07894736842105263,
        "4": 0.043859649122807015,
        "5": 0.07017543859649122,
        "6": 0.34502923976608185,
        "7": 0.07602339181286549,
        "8": 0.03216374269005848,
        "9": 0.017543859649122806
      },
      "entropy_nat": 1.9927
    },
    "7": {
      "n": 2,
      "class_counts": {
        "0": 0,
        "1": 0,
        "2": 2,
        "3": 0,
        "4": 0,
        "5": 0,
        "6": 0,
        "7": 0,
        "8": 0,
        "9": 0
      },
      "class_density": {
        "0": 0.0,
        "1": 0.0,
        "2": 1.0,
        "3": 0.0,
        "4": 0.0,
        "5": 0.0,
        "6": 0.0,
        "7": 0.0,
        "8": 0.0,
        "9": 0.0
      },
      "entropy_nat": -0.0
    },
    "8": {
      "n": 516,
      "class_counts": {
        "0": 30,
        "1": 26,
        "2": 23,
        "3": 41,
        "4": 74,
        "5": 92,
        "6": 1,
        "7": 60,
        "8": 105,
        "9": 64
      },
      "class_density": {
        "0": 0.05813953488372093,
        "1": 0.050387596899224806,
        "2": 0.044573643410852716,
        "3": 0.07945736434108527,
        "4": 0.1434108527131783,
        "5": 0.17829457364341086,
        "6": 0.001937984496124031,
        "7": 0.11627906976744186,
        "8": 0.20348837209302326,
        "9": 0.12403100775193798
      },
      "entropy_nat": 2.087
    },
    "9": {
      "n": 2,
      "class_counts": {
        "0": 0,
        "1": 1,
        "2": 0,
        "3": 1,
        "4": 0,
        "5": 0,
        "6": 0,
        "7": 0,
        "8": 0,
        "9": 0
      },
      "class_density": {
        "0": 0.0,
        "1": 0.5,
        "2": 0.0,
        "3": 0.5,
        "4": 0.0,
        "5": 0.0,
        "6": 0.0,
        "7": 0.0,
        "8": 0.0,
        "9": 0.0
      },
      "entropy_nat": 0.6931
    },
    "10": {
      "n": 10,
      "class_counts": {
        "0": 0,
        "1": 0,
        "2": 3,
        "3": 1,
        "4": 5,
        "5": 1,
        "6": 0,
        "7": 0,
        "8": 0,
        "9": 0
      },
      "class_density": {
        "0": 0.0,
        "1": 0.0,
        "2": 0.3,
        "3": 0.1,
        "4": 0.5,
        "5": 0.1,
        "6": 0.0,
        "7": 0.0,
        "8": 0.0,
        "9": 0.0
      },
      "entropy_nat": 1.1683
    },
    "11": {
      "n": 0,
      "class_counts": {
        "0": 0,
        "1": 0,
        "2": 0,
        "3": 0,
        "4": 0,
        "5": 0,
        "6": 0,
        "7": 0,
        "8": 0,
        "9": 0
      },
      "class_density": {
        "0": 0.0,
        "1": 0.0,
        "2": 0.0,
        "3": 0.0,
        "4": 0.0,
        "5": 0.0,
        "6": 0.0,
        "7": 0.0,
        "8": 0.0,
        "9": 0.0
      },
      "entropy_nat": 0.0
    },
    "12": {
      "n": 68,
      "class_counts": {
        "0": 11,
        "1": 1,
        "2": 38,
        "3": 15,
        "4": 0,
        "5": 1,
        "6": 0,
        "7": 0,
        "8": 2,
        "9": 0
      },
      "class_density": {
        "0": 0.16176470588235295,
        "1": 0.014705882352941176,
        "2": 0.5588235294117647,
        "3": 0.22058823529411764,
        "4": 0.0,
        "5": 0.014705882352941176,
        "6": 0.0,
        "7": 0.0,
        "8": 0.029411764705882353,
        "9": 0.0
      },
      "entropy_nat": 1.1811
    },
    "13": {
      "n": 1,
      "class_counts": {
        "0": 0,
        "1": 0,
        "2": 0,
        "3": 0,
        "4": 0,
        "5": 0,
        "6": 0,
        "7": 0,
        "8": 1,
        "9": 0
      },
      "class_density": {
        "0": 0.0,
        "1": 0.0,
        "2": 0.0,
        "3": 0.0,
        "4": 0.0,
        "5": 0.0,
        "6": 0.0,
        "7": 0.0,
        "8": 1.0,
        "9": 0.0
      },
      "entropy_nat": -0.0
    },
    "14": {
      "n": 52,
      "class_counts": {
        "0": 4,
        "1": 1,
        "2": 9,
        "3": 17,
        "4": 0,
        "5": 8,
        "6": 5,
        "7": 1,
        "8": 7,
        "9": 0
      },
      "class_density": {
        "0": 0.07692307692307693,
        "1": 0.019230769230769232,
        "2": 0.17307692307692307,
        "3": 0.3269230769230769,
        "4": 0.0,
        "5": 0.15384615384615385,
        "6": 0.09615384615384616,
        "7": 0.019230769230769232,
        "8": 0.1346153846153846,
        "9": 0.0
      },
      "entropy_nat": 1.8015
    },
    "15": {
      "n": 8,
      "class_counts": {
        "0": 0,
        "1": 0,
        "2": 3,
        "3": 5,
        "4": 0,
        "5": 0,
        "6": 0,
        "7": 0,
        "8": 0,
        "9": 0
      },