{
  "n_samples": 2000,
  "per_cluster": {
    "0": {
      "n": 37,
      "class_counts": {
        "0": 9,
        "1": 0,
        "2": 1,
        "3": 0,
        "4": 5,
        "5": 2,
        "6": 0,
        "7": 0,
        "8": 12,
        "9": 8
      },
      "class_density": {
        "0": 0.24324324324324326,
        "1": 0.0,
        "2": 0.02702702702702703,
        "3": 0.0,
        "4": 0.13513513513513514,
        "5": 0.05405405405405406,
        "6": 0.0,
        "7": 0.0,
        "8": 0.32432432432432434,
        "9": 0.21621621621621623
      },
      "entropy_nat": 1.566
    },
    "1": {
      "n": 0,
      "class_counts": {
        "0": 0,
        "1": 0,
        "2": 0,
        "3": 0,
        "4": 0,
        "5": 0,
        "6": 0,
        "7": 0,
        "8": 0,
        "9": 0
      },
      "class_density": {
        "0": 0.0,
        "1": 0.0,
        "2": 0.0,
        "3": 0.0,
        "4": 0.0,
        "5": 0.0,
        "6": 0.0,
        "7": 0.0,
        "8": 0.0,
        "9": 0.0
      },
      "entropy_nat": 0.0
    },
    "2": {
      "n": 0,
      "class_counts": {
        "0": 0,
        "1": 0,
        "2": 0,
        "3": 0,
        "4": 0,
        "5": 0,
        "6": 0,
        "7": 0,
        "8": 0,
        "9": 0
      },
      "class_density": {
        "0": 0.0,
        "1": 0.0,
        "2": 0.0,
        "3": 0.0,
        "4": 0.0,
        "5": 0.0,
        "6": 0.0,
        "7": 0.0,
        "8": 0.0,
        "9": 0.0
      },
      "entropy_nat": 0.0
    },
    "3": {
      "n": 1,
      "class_counts": {
        "0": 1,
        "1": 0,
        "2": 0,
        "3": 0,
        "4": 0,
        "5": 0,
        "6": 0,
        "7": 0,
        "8": 0,
        "9": 0
      },
      "class_density": {
        "0": 1.0,
        "1": 0.0,
        "2": 0.0,
        "3": 0.0,
        "4": 0.0,
        "5": 0.0,
        "6": 0.0,
        "7": 0.0,
        "8": 0.0,
        "9": 0.0
      },
      "entropy_nat": -0.0
    },
    "4": {
      "n": 325,
      "class_counts": {
        "0": 41,
        "1": 46,
        "2": 81,
        "3": 74,
        "4": 3,
        "5": 34,
        "6": 11,
        "7": 3,
        "8": 29,
        "9": 3
      },
      "class_density": {
        "0": 0.12615384615384614,
        "1": 0.14153846153846153,
        "2": 0.24923076923076923,
        "3": 0.2276923076923077,
        "4": 0.009230769230769232,
        "5": 0.10461538461538461,
        "6": 0.033846153846153845,
        "7": 0.009230769230769232,
        "8": 0.08923076923076922,
        "9": 0.009230769230769232
      },
      "entropy_nat": 1.9172
    },
    "5": {
      "n": 471,
      "class_counts": {
        "0": 25,
        "1": 59,
        "2": 66,
        "3": 43,
        "4": 33,
        "5": 79,
        "6": 117,
        "7": 25,
        "8": 11,
        "9": 13
      },
      "class_density": {
        "0": 0.05307855626326964,
        "1": 0.12526539278131635,
        "2": 0.14012738853503184,
        "3": 0.09129511677282377,
        "4": 0.07006369426751592,
        "5": 0.16772823779193205,
        "6": 0.2484076433121019,
        "7": 0.05307855626326964,
        "8": 0.02335456475583864,
        "9": 0.027600849256900213
      },
      "entropy_nat": 2.0843
    },
    "6": {
      "n": 0,
      "class_counts": {
        "0": 0,
        "1": 0,
        "2": 0,
        "3": 0,
        "4": 0,
        "5": 0,
        "6": 0,
        "7": 0,
        "8": 0,
        "9": 0
      },
      "class_density": {
        "0": 0.0,
        "1": 0.0,
        "2": 0.0,
        "3": 0.0,
        "4": 0.0,
        "5": 0.0,
        "6": 0.0,
        "7": 0.0,
        "8": 0.0,
        "9": 0.0
      },
      "entropy_nat": 0.0
    },
    "7": {
      "n": 12,
      "class_counts": {
        "0": 12,
        "1": 0,
        "2": 0,
        "3": 0,
        "4": 0,
        "5": 0,
        "6": 0,
        "7": 0,
        "8": 0,
        "9": 0
      },
      "class_density": {
        "0": 1.0,
        "1": 0.0,
        "2": 0.0,
        "3": 0.0,
        "4": 0.0,
        "5": 0.0,
        "6": 0.0,
        "7": 0.0,
        "8": 0.0,
        "9": 0.0
      },
      "entropy_nat": -0.0
    },
    "8": {
      "n": 0,
      "class_counts": {
        "0": 0,
        "1": 0,
        "2": 0,
        "3": 0,
        "4": 0,
        "5": 0,
        "6": 0,
        "7": 0,
        "8": 0,
        "9": 0
      },
      "class_density": {
        "0": 0.0,
        "1": 0.0,
        "2": 0.0,
        "3": 0.0,
        "4": 0.0,
        "5": 0.0,
        "6": 0.0,
        "7": 0.0,
        "8": 0.0,
        "9": 0.0
      },
      "entropy_nat": 0.0
    },
    "9": {
      "n": 0,
      "class_counts": {
        "0": 0,
        "1": 0,
        "2": 0,
        "3": 0,
        "4": 0,
        "5": 0,
        "6": 0,
        "7": 0,
        "8": 0,
        "9": 0
      },
      "class_density": {
        "0": 0.0,
        "1": 0.0,
        "2": 0.0,
        "3": 0.0,
        "4": 0.0,
        "5": 0.0,
        "6": 0.0,
        "7": 0.0,
        "8": 0.0,
        "9": 0.0
      },
      "entropy_nat": 0.0
    },
    "10": {
      "n": 42,
      "class_counts": {
        "0": 10,
        "1": 0,
        "2": 3,
        "3": 4,
        "4": 1,
        "5": 12,
        "6": 0,
        "7": 0,
        "8": 12,
        "9": 0
      },
      "class_density": {
        "0": 0.23809523809523808,
        "1": 0.0,
        "2": 0.07142857142857142,
        "3": 0.09523809523809523,
        "4": 0.023809523809523808,
        "5": 0.2857142857142857,
        "6": 0.0,
        "7": 0.0,
        "8": 0.2857142857142857,
        "9": 0.0
      },
      "entropy_nat": 1.559
    },
    "11": {
      "n": 12,
      "class_counts": {
        "0": 10,
        "1": 0,
        "2": 0,
        "3": 1,
        "4": 0,
        "5": 1,
        "6": 0,
        "7": 0,
        "8": 0,
        "9": 0
      },
      "class_density": {
        "0": 0.8333333333333334,
        "1": 0.0,
        "2": 0.0,
        "3": 0.08333333333333333,
        "4": 0.0,
        "5": 0.08333333333333333,
        "6": 0.0,
        "7": 0.0,
        "8": 0.0,
        "9": 0.0
      },
      "entropy_nat": 0.5661
    },
    "12": {
      "n": 0,
      "class_counts": {
        "0": 0,
        "1": 0,
        "2": 0,
        "3": 0,
        "4": 0,
        "5": 0,
        "6": 0,
        "7": 0,
        "8": 0,
        "9": 0
      },
      "class_density": {
        "0": 0.0,
        "1": 0.0,
        "2": 0.0,
        "3": 0.0,
        "4": 0.0,
        "5": 0.0,
        "6": 0.0,
        "7": 0.0,
        "8": 0.0,
        "9": 0.0
      },
      "entropy_nat": 0.0
    },
    "13": {
      "n": 0,
      "class_counts": {
        "0": 0,
        "1": 0,
        "2": 0,
        "3": 0,
        "4": 0,
        "5": 0,
        "6": 0,
        "7": 0,
        "8": 0,
        "9": 0
      },
      "class_density": {
        "0": 0.0,
        "1": 0.0,
        "2": 0.0,
        "3": 0.0,
        "4": 0.0,
        "5": 0.0,
        "6": 0.0,
        "7": 0.0,
        "8": 0.0,
        "9": 0.0
      },
      "entropy_nat": 0.0
    },
    "14": {
      "n": 0,
      "class_counts": {
        "0": 0,
        "1": 0,
        "2": 0,
        "3": 0,
        "4": 0,
        "5": 0,
        "6": 0,
        "7": 0,
        "8": 0,
        "9": 0
      },
      "class_density": {
        "0": 0.0,
        "1": 0.0,
        "2": 0.0,
        "3": 0.0,
        "4": 0.0,
        "5": 0.0,
        "6": 0.0,
        "7": 0.0,
        "8": 0.0,
        "9": 0.0
      },
      "entropy_nat": 0.0
    },
    "15": {
      "n": 37,
      "class_counts": {
        "0": 11,
        "1": 0,
        "2": 0,
        "3": 0,
        "4": 4,
        "5": 0,
        "6": 3,
        "7": 8,
        "8": 2,
        "9": 9
      },
      "class_density": {
        "0": 0.2972972972972973,
        "1": 0.0,
        "2": 0.0,
        "3": 0.0,
        "4": 0.10810810810810811,
        "5": 0.0,