{
  "version": 2,
  "checkpoint_selection": "min_training_loss",
  "best_epoch": 20,
  "best_training_loss": 0.5148903385681265,
  "macro_auc_test_at_best_epoch": 0.49654314746762457,
  "per_digit_auc_at_best_epoch": {
    "0": 0.6850112162489803,
    "1": 0.7345730469249456,
    "2": 0.6284820008223335,
    "3": 0.5953159036534788,
    "4": 0.3230410622407653,
    "5": 0.40533499180447996,
    "6": 0.524676741654676,
    "7": 0.1912591159583308,
    "8": 0.5546558256575935,
    "9": 0.3230815697106621
  },
  "macro_auc_test_pruned_active_spheres": 0.4965303628767712,
  "per_digit_auc_test_pruned_active_spheres": {
    "0": 0.6886217475099397,
    "1": 0.6451935813834548,
    "2": 0.7274705023323077,
    "3": 0.7085364883920848,
    "4": 0.3311738416317027,
    "5": 0.33221969196836554,
    "6": 0.46709034461169074,
    "7": 0.22662893372128867,
    "8": 0.550941330931264,
    "9": 0.2874271662856134
  },
  "curvature": 1.0,
  "n_spheres": 30,
  "train_normal_digits": [
    0,
    1,
    2
  ],
  "test_digits": [
    0,
    1,
    2,
    3,
    4,
    5,
    6,
    7,
    8,
    9
  ],
  "objective": "union-soft",
  "unsupervised": true,
  "ae_checkpoint": "samplesvdd/hySpUnsup/runs/my_v3_ae200_stage1/ae_stage1_ep200.pth",
  "prune": {
    "train_argmin_counts": [
      434,
      98,
      37,
      68,
      612,
      30,
      69,
      107,
      50,
      20,
      26,
      13706,
      20,
      108,
      282,
      29,
      655,
      64,
      150,
      95,
      37,
      81,
      44,
      9,
      37,
      135,
      25,
      85,
      20,
      274
    ],
    "silhouette_mean_per_cluster_euclidean_z": {
      "0": null,
      "1": null,
      "2": null,
      "3": null,
      "4": null,
      "5": null,
      "6": null,
      "7": null,
      "8": null,
      "9": null,
      "10": null,
      "11": null,
      "12": null,
      "13": null,
      "14": null,
      "15": null,
      "16": null,
      "17": null,
      "18": null,
      "19": null,
      "20": null,
      "21": null,
      "22": null,
      "23": null,
      "24": null,
      "25": null,
      "26": null,
      "27": null,
      "28": null,
      "29": null
    },
    "active_cluster_mask": [
      true,
      true,
      true,
      true,
      true,
      true,
      true,
      true,
      true,
      true,
      true,
      true,
      true,
      true,
      true,
      true,
      true,
      true,
      true,
      true,
      true,
      true,
      true,
      false,
      true,
      true,
      true,
      true,
      true,
      true
    ]
  },
  "split_overloaded": {
    "enabled": true,
    "max_cluster_fraction": 0.2,
    "applied": true,
    "n_train": 17407,
    "cap_count": 3482,
    "counts_before": [
      434,
      98,
      37,
      68,
      621,
      30,
      69,
      107,
      50,
      20,
      26,
      13706,
      20,
      108,
      282,
      29,
      655,
      64,
      150,
      95,
      37,
      81,
      44,
      0,
      37,
      135,
      25,
      85,
      20,
      274
    ],
    "overloaded_clusters": [
      11
    ],
    "spare_inactive_clusters": [
      23
    ],
    "splits": [
      {
        "source_cluster": 11,
        "source_count": 13706,
        "groups_after_split": [
          5476,
          3450,
          2396,
          2384
        ],
        "new_clusters_activated": [
          23
        ]
      }
    ],
    "active_cluster_mask_after_split": [
      true,
      true,
      true,
      true,
      true,
      true,
      true,
      true,
      true,
      true,
      true,
      true,
      true,
      true,
      true,
      true,
      true,
      true,
      true,
      true,
      true,
      true,
      true,
      true,
      true,
      true,
      true,
      true,
      true,
      true
    ]
  },
  "hybrid_rebalance": {
    "enabled": true,
    "lb_min_cluster_members": 20,
    "ub_max_cluster_fraction": 0.2,
    "max_iters": 4,
    "hard_cap_enabled": true,
    "chaos_factor": 0.15,
    "iterations": [
      {
        "iter": 1,
        "lb": {
          "enabled": true,
          "counts": [
            1378,
            141,
            549,
            1121,
            1925,
            69,
            652,
            585,
            50,
            39,
            75,
            2442,
            175,
            661,
            986,
            39,
            1365,
            929,
            1259,
            302,
            126,
            465,
            54,
            0,
            37,
            237,
            757,
            104,
            86,
            799
          ],
          "active_before": [
            true,
            true,
            true,
            true,
            true,
            true,
            true,
            true,
            true,
            true,
            true,
            true,
            true,
            true,
            true,
            true,
            true,
            true,
            true,
            true,
            true,
            true,
            true,
            true,
            true,
            true,
            true,
            true,
            true,
            true
          ],
          "active_after": [
            true,
            true,
            true,
            true,
            true,
            true,
            true,
            true,
            true,
            true,
            true,
            true,
            true,
            true,
            true,
            true,
            true,
            true,
            true,
            true,
            true,
            true,
            true,
            false,
            true,
            true,
            true,
            true,
            true,
            true
          ],
          "changed": true
        },
        "ub": {
          "enabled": true,
          "max_cluster_fraction": 0.2,
          "applied": false,
          "n_train": 17407,
          "cap_count": 3482,
          "counts_before": [
            1378,
            141,
            549,
            1121,
            1925,
            69,
            652,
            585,
            50,
            39,
            75,
            2442,
            175,
            661,
            986,
            39,
            1365,
            929,
            1259,
            302,
            126,
            465,
            54,
            0,
            37,
            237,
            757,
            104,
            86,
            799
          ],
          "overloaded_clusters": [],
          "spare_inactive_clusters": [
            23
          ],
          "splits": []
        },
        "hard_cap": {
          "enabled": true,
          "max_cluster_fraction": 0.2,
          "chaos_factor": 0.15,
          "applied": false,
          "n_train": 17407,
          "cap_count": 3482,
          "counts_before": [
            1378,
            141,
            549,
            1121,
            1925,
            69,
            652,
            585,
            50,
            39,
            75,
            2442,
            175,
            661,
            986,
            39,
            1365,
            929,
            1259,
            302,
            126,
            465,
            54,
            0,
            37,
            237,
            757,
            104,
            86,
            799
          ],