{
  "n_samples": 2000,
  "per_cluster": {
    "0": {
      "n": 56,
      "class_counts": {
        "0": 0,
        "1": 40,
        "2": 0,
        "3": 1,
        "4": 7,
        "5": 3,
        "6": 0,
        "7": 0,
        "8": 3,
        "9": 2
      },
      "class_density": {
        "0": 0.0,
        "1": 0.7142857142857143,
        "2": 0.0,
        "3": 0.017857142857142856,
        "4": 0.125,
        "5": 0.05357142857142857,
        "6": 0.0,
        "7": 0.0,
        "8": 0.05357142857142857,
        "9": 0.03571428571428571
      },
      "entropy_nat": 1.0047
    },
    "1": {
      "n": 2,
      "class_counts": {
        "0": 0,
        "1": 2,
        "2": 0,
        "3": 0,
        "4": 0,
        "5": 0,
        "6": 0,
        "7": 0,
        "8": 0,
        "9": 0
      },
      "class_density": {
        "0": 0.0,
        "1": 1.0,
        "2": 0.0,
        "3": 0.0,
        "4": 0.0,
        "5": 0.0,
        "6": 0.0,
        "7": 0.0,
        "8": 0.0,
        "9": 0.0
      },
      "entropy_nat": -0.0
    },
    "2": {
      "n": 23,
      "class_counts": {
        "0": 10,
        "1": 0,
        "2": 2,
        "3": 3,
        "4": 0,
        "5": 6,
        "6": 0,
        "7": 0,
        "8": 2,
        "9": 0
      },
      "class_density": {
        "0": 0.43478260869565216,
        "1": 0.0,
        "2": 0.08695652173913043,
        "3": 0.13043478260869565,
        "4": 0.0,
        "5": 0.2608695652173913,
        "6": 0.0,
        "7": 0.0,
        "8": 0.08695652173913043,
        "9": 0.0
      },
      "entropy_nat": 1.4031
    },
    "3": {
      "n": 26,
      "class_counts": {
        "0": 12,
        "1": 0,
        "2": 0,
        "3": 1,
        "4": 4,
        "5": 1,
        "6": 0,
        "7": 0,
        "8": 2,
        "9": 6
      },
      "class_density": {
        "0": 0.46153846153846156,
        "1": 0.0,
        "2": 0.0,
        "3": 0.038461538461538464,
        "4": 0.15384615384615385,
        "5": 0.038461538461538464,
        "6": 0.0,
        "7": 0.0,
        "8": 0.07692307692307693,
        "9": 0.23076923076923078
      },
      "entropy_nat": 1.4311
    },
    "4": {
      "n": 213,
      "class_counts": {
        "0": 4,
        "1": 94,
        "2": 6,
        "3": 5,
        "4": 3,
        "5": 2,
        "6": 69,
        "7": 29,
        "8": 1,
        "9": 0
      },
      "class_density": {
        "0": 0.018779342723004695,
        "1": 0.4413145539906103,
        "2": 0.028169014084507043,
        "3": 0.023474178403755867,
        "4": 0.014084507042253521,
        "5": 0.009389671361502348,
        "6": 0.323943661971831,
        "7": 0.13615023474178403,
        "8": 0.004694835680751174,
        "9": 0.0
      },
      "entropy_nat": 1.3899
    },
    "5": {
      "n": 1,
      "class_counts": {
        "0": 0,
        "1": 1,
        "2": 0,
        "3": 0,
        "4": 0,
        "5": 0,
        "6": 0,
        "7": 0,
        "8": 0,
        "9": 0
      },
      "class_density": {
        "0": 0.0,
        "1": 1.0,
        "2": 0.0,
        "3": 0.0,
        "4": 0.0,
        "5": 0.0,
        "6": 0.0,
        "7": 0.0,
        "8": 0.0,
        "9": 0.0
      },
      "entropy_nat": -0.0
    },
    "6": {
      "n": 53,
      "class_counts": {
        "0": 1,
        "1": 4,
        "2": 22,
        "3": 18,
        "4": 0,
        "5": 2,
        "6": 0,
        "7": 1,
        "8": 5,
        "9": 0
      },
      "class_density": {
        "0": 0.018867924528301886,
        "1": 0.07547169811320754,
        "2": 0.41509433962264153,
        "3": 0.33962264150943394,
        "4": 0.0,
        "5": 0.03773584905660377,
        "6": 0.0,
        "7": 0.018867924528301886,
        "8": 0.09433962264150944,
        "9": 0.0
      },
      "entropy_nat": 1.423
    },
    "7": {
      "n": 1,
      "class_counts": {
        "0": 0,
        "1": 1,
        "2": 0,
        "3": 0,
        "4": 0,
        "5": 0,
        "6": 0,
        "7": 0,
        "8": 0,
        "9": 0
      },
      "class_density": {
        "0": 0.0,
        "1": 1.0,
        "2": 0.0,
        "3": 0.0,
        "4": 0.0,
        "5": 0.0,
        "6": 0.0,
        "7": 0.0,
        "8": 0.0,
        "9": 0.0
      },
      "entropy_nat": -0.0
    },
    "8": {
      "n": 7,
      "class_counts": {
        "0": 0,
        "1": 0,
        "2": 5,
        "3": 2,
        "4": 0,
        "5": 0,
        "6": 0,
        "7": 0,
        "8": 0,
        "9": 0
      },
      "class_density": {
        "0": 0.0,
        "1": 0.0,
        "2": 0.7142857142857143,
        "3": 0.2857142857142857,
        "4": 0.0,
        "5": 0.0,
        "6": 0.0,
        "7": 0.0,
        "8": 0.0,
        "9": 0.0
      },
      "entropy_nat": 0.5983
    },
    "9": {
      "n": 31,
      "class_counts": {
        "0": 2,
        "1": 0,
        "2": 0,
        "3": 0,
        "4": 3,
        "5": 1,
        "6": 1,
        "7": 3,
        "8": 2,
        "9": 19
      },
      "class_density": {
        "0": 0.06451612903225806,
        "1": 0.0,
        "2": 0.0,
        "3": 0.0,
        "4": 0.0967741935483871,
        "5": 0.03225806451612903,
        "6": 0.03225806451612903,
        "7": 0.0967741935483871,
        "8": 0.06451612903225806,
        "9": 0.6129032258064516
      },
      "entropy_nat": 1.3273
    },
    "10": {
      "n": 10,
      "class_counts": {
        "0": 0,
        "1": 3,
        "2": 0,
        "3": 0,
        "4": 3,
        "5": 3,
        "6": 1,
        "7": 0,
        "8": 0,
        "9": 0
      },
      "class_density": {
        "0": 0.0,
        "1": 0.3,
        "2": 0.0,
        "3": 0.0,
        "4": 0.3,
        "5": 0.3,
        "6": 0.1,
        "7": 0.0,
        "8": 0.0,
        "9": 0.0
      },
      "entropy_nat": 1.3138
    },
    "11": {
      "n": 48,
      "class_counts": {
        "0": 1,
        "1": 43,
        "2": 1,
        "3": 0,
        "4": 0,
        "5": 1,
        "6": 0,
        "7": 0,
        "8": 2,
        "9": 0
      },
      "class_density": {
        "0": 0.020833333333333332,
        "1": 0.8958333333333334,
        "2": 0.020833333333333332,
        "3": 0.0,
        "4": 0.0,
        "5": 0.020833333333333332,
        "6": 0.0,
        "7": 0.0,
        "8": 0.041666666666666664,
        "9": 0.0
      },
      "entropy_nat": 0.4729
    },
    "12": {
      "n": 2,
      "class_counts": {
        "0": 0,
        "1": 2,
        "2": 0,
        "3": 0,
        "4": 0,
        "5": 0,
        "6": 0,
        "7": 0,
        "8": 0,
        "9": 0
      },
      "class_density": {
        "0": 0.0,
        "1": 1.0,
        "2": 0.0,
        "3": 0.0,
        "4": 0.0,
        "5": 0.0,
        "6": 0.0,
        "7": 0.0,
        "8": 0.0,
        "9": 0.0
      },
      "entropy_nat": -0.0
    },
    "13": {
      "n": 7,
      "class_counts": {
        "0": 7,
        "1": 0,
        "2": 0,
        "3": 0,
        "4": 0,
        "5": 0,
        "6": 0,
        "7": 0,
        "8": 0,
        "9": 0
      },
      "class_density": {
        "0": 1.0,
        "1": 0.0,
        "2": 0.0,
        "3": 0.0,
        "4": 0.0,
        "5": 0.0,
        "6": 0.0,
        "7": 0.0,
        "8": 0.0,
        "9": 0.0
      },
      "entropy_nat": -0.0
    },
    "14": {
      "n": 112,
      "class_counts": {
        "0": 56,
        "1": 0,
        "2": 1,
        "3": 3,
        "4": 14,
        "5": 27,
        "6": 1,
        "7": 2,
        "8": 8,
        "9": 0
      },
      "class_density": {
        "0": 0.5,
        "1": 0.0,
        "2": 0.008928571428571428,
        "3": 0.026785714285714284,
        "4": 0.125,
        "5": 0.24107142857142858,
        "6": 0.008928571428571428,
        "7": 0.017857142857142856,
        "8": 0.07142857142857142,
        "9": 0.0
      },
      "entropy_nat": 1.3911
    },
    "15": {
      "n": 0,
      "class_counts": {
        "0": 0,
        "1": 0,
        "2": 0,
        "3": 0,