{
  "n_samples": 2000,
  "per_cluster": {
    "0": {
      "n": 0,
      "class_counts": {
        "0": 0,
        "1": 0,
        "2": 0,
        "3": 0,
        "4": 0,
        "5": 0,
        "6": 0,
        "7": 0,
        "8": 0,
        "9": 0
      },
      "class_density": {
        "0": 0.0,
        "1": 0.0,
        "2": 0.0,
        "3": 0.0,
        "4": 0.0,
        "5": 0.0,
        "6": 0.0,
        "7": 0.0,
        "8": 0.0,
        "9": 0.0
      },
      "entropy_nat": 0.0
    },
    "1": {
      "n": 0,
      "class_counts": {
        "0": 0,
        "1": 0,
        "2": 0,
        "3": 0,
        "4": 0,
        "5": 0,
        "6": 0,
        "7": 0,
        "8": 0,
        "9": 0
      },
      "class_density": {
        "0": 0.0,
        "1": 0.0,
        "2": 0.0,
        "3": 0.0,
        "4": 0.0,
        "5": 0.0,
        "6": 0.0,
        "7": 0.0,
        "8": 0.0,
        "9": 0.0
      },
      "entropy_nat": 0.0
    },
    "2": {
      "n": 51,
      "class_counts": {
        "0": 0,
        "1": 43,
        "2": 0,
        "3": 0,
        "4": 1,
        "5": 6,
        "6": 0,
        "7": 0,
        "8": 1,
        "9": 0
      },
      "class_density": {
        "0": 0.0,
        "1": 0.8431372549019608,
        "2": 0.0,
        "3": 0.0,
        "4": 0.0196078431372549,
        "5": 0.11764705882352941,
        "6": 0.0,
        "7": 0.0,
        "8": 0.0196078431372549,
        "9": 0.0
      },
      "entropy_nat": 0.5498
    },
    "3": {
      "n": 628,
      "class_counts": {
        "0": 18,
        "1": 2,
        "2": 38,
        "3": 47,
        "4": 124,
        "5": 68,
        "6": 20,
        "7": 72,
        "8": 104,
        "9": 135
      },
      "class_density": {
        "0": 0.028662420382165606,
        "1": 0.0031847133757961785,
        "2": 0.06050955414012739,
        "3": 0.07484076433121019,
        "4": 0.19745222929936307,
        "5": 0.10828025477707007,
        "6": 0.03184713375796178,
        "7": 0.11464968152866242,
        "8": 0.16560509554140126,
        "9": 0.21496815286624205
      },
      "entropy_nat": 2.0312
    },
    "4": {
      "n": 169,
      "class_counts": {
        "0": 88,
        "1": 0,
        "2": 8,
        "3": 13,
        "4": 0,
        "5": 14,
        "6": 38,
        "7": 1,
        "8": 7,
        "9": 0
      },
      "class_density": {
        "0": 0.5207100591715976,
        "1": 0.0,
        "2": 0.047337278106508875,
        "3": 0.07692307692307693,
        "4": 0.0,
        "5": 0.08284023668639054,
        "6": 0.22485207100591717,
        "7": 0.005917159763313609,
        "8": 0.04142011834319527,
        "9": 0.0
      },
      "entropy_nat": 1.3856
    },
    "5": {
      "n": 0,
      "class_counts": {
        "0": 0,
        "1": 0,
        "2": 0,
        "3": 0,
        "4": 0,
        "5": 0,
        "6": 0,
        "7": 0,
        "8": 0,
        "9": 0
      },
      "class_density": {
        "0": 0.0,
        "1": 0.0,
        "2": 0.0,
        "3": 0.0,
        "4": 0.0,
        "5": 0.0,
        "6": 0.0,
        "7": 0.0,
        "8": 0.0,
        "9": 0.0
      },
      "entropy_nat": 0.0
    },
    "6": {
      "n": 0,
      "class_counts": {
        "0": 0,
        "1": 0,
        "2": 0,
        "3": 0,
        "4": 0,
        "5": 0,
        "6": 0,
        "7": 0,
        "8": 0,
        "9": 0
      },
      "class_density": {
        "0": 0.0,
        "1": 0.0,
        "2": 0.0,
        "3": 0.0,
        "4": 0.0,
        "5": 0.0,
        "6": 0.0,
        "7": 0.0,
        "8": 0.0,
        "9": 0.0
      },
      "entropy_nat": 0.0
    },
    "7": {
      "n": 0,
      "class_counts": {
        "0": 0,
        "1": 0,
        "2": 0,
        "3": 0,
        "4": 0,
        "5": 0,
        "6": 0,
        "7": 0,
        "8": 0,
        "9": 0
      },
      "class_density": {
        "0": 0.0,
        "1": 0.0,
        "2": 0.0,
        "3": 0.0,
        "4": 0.0,
        "5": 0.0,
        "6": 0.0,
        "7": 0.0,
        "8": 0.0,
        "9": 0.0
      },
      "entropy_nat": 0.0
    },
    "8": {
      "n": 34,
      "class_counts": {
        "0": 0,
        "1": 0,
        "2": 30,
        "3": 3,
        "4": 0,
        "5": 0,
        "6": 0,
        "7": 0,
        "8": 1,
        "9": 0
      },
      "class_density": {
        "0": 0.0,
        "1": 0.0,
        "2": 0.8823529411764706,
        "3": 0.08823529411764706,
        "4": 0.0,
        "5": 0.0,
        "6": 0.0,
        "7": 0.0,
        "8": 0.029411764705882353,
        "9": 0.0
      },
      "entropy_nat": 0.4284
    },
    "9": {
      "n": 6,
      "class_counts": {
        "0": 0,
        "1": 6,
        "2": 0,
        "3": 0,
        "4": 0,
        "5": 0,
        "6": 0,
        "7": 0,
        "8": 0,
        "9": 0
      },
      "class_density": {
        "0": 0.0,
        "1": 1.0,
        "2": 0.0,
        "3": 0.0,
        "4": 0.0,
        "5": 0.0,
        "6": 0.0,
        "7": 0.0,
        "8": 0.0,
        "9": 0.0
      },
      "entropy_nat": -0.0
    },
    "10": {
      "n": 20,
      "class_counts": {
        "0": 0,
        "1": 17,
        "2": 1,
        "3": 1,
        "4": 0,
        "5": 0,
        "6": 0,
        "7": 0,
        "8": 1,
        "9": 0
      },
      "class_density": {
        "0": 0.0,
        "1": 0.85,
        "2": 0.05,
        "3": 0.05,
        "4": 0.0,
        "5": 0.0,
        "6": 0.0,
        "7": 0.0,
        "8": 0.05,
        "9": 0.0
      },
      "entropy_nat": 0.5875
    },
    "11": {
      "n": 4,
      "class_counts": {
        "0": 0,
        "1": 0,
        "2": 2,
        "3": 1,
        "4": 0,
        "5": 1,
        "6": 0,
        "7": 0,
        "8": 0,
        "9": 0
      },
      "class_density": {
        "0": 0.0,
        "1": 0.0,
        "2": 0.5,
        "3": 0.25,
        "4": 0.0,
        "5": 0.25,
        "6": 0.0,
        "7": 0.0,
        "8": 0.0,
        "9": 0.0
      },
      "entropy_nat": 1.0397
    },
    "12": {
      "n": 4,
      "class_counts": {
        "0": 0,
        "1": 4,
        "2": 0,
        "3": 0,
        "4": 0,
        "5": 0,
        "6": 0,
        "7": 0,
        "8": 0,
        "9": 0
      },
      "class_density": {
        "0": 0.0,
        "1": 1.0,
        "2": 0.0,
        "3": 0.0,
        "4": 0.0,
        "5": 0.0,
        "6": 0.0,
        "7": 0.0,
        "8": 0.0,
        "9": 0.0
      },
      "entropy_nat": -0.0
    },
    "13": {
      "n": 31,
      "class_counts": {
        "0": 15,
        "1": 0,
        "2": 0,
        "3": 0,
        "4": 1,
        "5": 0,
        "6": 2,
        "7": 3,
        "8": 3,
        "9": 7
      },
      "class_density": {
        "0": 0.4838709677419355,
        "1": 0.0,
        "2": 0.0,
        "3": 0.0,
        "4": 0.03225806451612903,
        "5": 0.0,
        "6": 0.06451612903225806,
        "7": 0.0967741935483871,
        "8": 0.0967741935483871,
        "9": 0.22580645161290322
      },
      "entropy_nat": 1.4269
    },
    "14": {
      "n": 10,
      "class_counts": {
        "0": 9,
        "1": 0,
        "2": 0,
        "3": 0,
        "4": 0,
        "5": 0,
        "6": 0,
        "7": 0,
        "8": 1,
        "9": 0
      },
      "class_density": {
        "0": 0.9,
        "1": 0.0,
        "2": 0.0,
        "3": 0.0,
        "4": 0.0,
        "5": 0.0,
        "6": 0.0,
        "7": 0.0,
        "8": 0.1,
        "9": 0.0
      },
      "entropy_nat": 0.3251
    },
    "15": {
      "n": 3,
      "class_counts": {
        "0": 0,
        "1": 0,
        "2": 2,
        "3": 1,
        "4": 0,
        "5": 0,
        "6": 0,
        "7": 0,
        "8": 0,
        "9": 0
      },
      "class_density": {
        "0": 0.0,
        "1": 0.0,
        "2": 0.6666666666666666,
        "3": 0.3333333333333333,
        "4": 0.0,
        "5": 0.0,
        "6": 0.0,
        "7": 0.0,
        "8": 0.0,
        "9": 0.0
      },