{
  "n_samples": 6000,
  "per_cluster": {
    "0": {
      "n": 15,
      "class_counts": {
        "0": 11,
        "1": 0,
        "2": 1,
        "3": 1,
        "4": 1,
        "5": 0,
        "6": 0,
        "7": 0,
        "8": 0,
        "9": 1
      },
      "class_density": {
        "0": 0.7333333333333333,
        "1": 0.0,
        "2": 0.06666666666666667,
        "3": 0.06666666666666667,
        "4": 0.06666666666666667,
        "5": 0.0,
        "6": 0.0,
        "7": 0.0,
        "8": 0.0,
        "9": 0.06666666666666667
      },
      "entropy_nat": 0.9496
    },
    "1": {
      "n": 148,
      "class_counts": {
        "0": 40,
        "1": 8,
        "2": 15,
        "3": 1,
        "4": 19,
        "5": 19,
        "6": 40,
        "7": 1,
        "8": 5,
        "9": 0
      },
      "class_density": {
        "0": 0.2702702702702703,
        "1": 0.05405405405405406,
        "2": 0.10135135135135136,
        "3": 0.006756756756756757,
        "4": 0.12837837837837837,
        "5": 0.12837837837837837,
        "6": 0.2702702702702703,
        "7": 0.006756756756756757,
        "8": 0.033783783783783786,
        "9": 0.0
      },
      "entropy_nat": 1.806
    },
    "2": {
      "n": 84,
      "class_counts": {
        "0": 24,
        "1": 0,
        "2": 8,
        "3": 0,
        "4": 22,
        "5": 2,
        "6": 4,
        "7": 15,
        "8": 1,
        "9": 8
      },
      "class_density": {
        "0": 0.2857142857142857,
        "1": 0.0,
        "2": 0.09523809523809523,
        "3": 0.0,
        "4": 0.2619047619047619,
        "5": 0.023809523809523808,
        "6": 0.047619047619047616,
        "7": 0.17857142857142858,
        "8": 0.011904761904761904,
        "9": 0.09523809523809523
      },
      "entropy_nat": 1.7511
    },
    "3": {
      "n": 30,
      "class_counts": {
        "0": 21,
        "1": 0,
        "2": 3,
        "3": 1,
        "4": 2,
        "5": 2,
        "6": 0,
        "7": 0,
        "8": 0,
        "9": 1
      },
      "class_density": {
        "0": 0.7,
        "1": 0.0,
        "2": 0.1,
        "3": 0.03333333333333333,
        "4": 0.06666666666666667,
        "5": 0.06666666666666667,
        "6": 0.0,
        "7": 0.0,
        "8": 0.0,
        "9": 0.03333333333333333
      },
      "entropy_nat": 1.0678
    },
    "4": {
      "n": 313,
      "class_counts": {
        "0": 13,
        "1": 25,
        "2": 60,
        "3": 6,
        "4": 6,
        "5": 141,
        "6": 17,
        "7": 5,
        "8": 39,
        "9": 1
      },
      "class_density": {
        "0": 0.04153354632587859,
        "1": 0.07987220447284345,
        "2": 0.19169329073482427,
        "3": 0.019169329073482427,
        "4": 0.019169329073482427,
        "5": 0.4504792332268371,
        "6": 0.054313099041533544,
        "7": 0.01597444089456869,
        "8": 0.12460063897763578,
        "9": 0.003194888178913738
      },
      "entropy_nat": 1.6636
    },
    "5": {
      "n": 148,
      "class_counts": {
        "0": 13,
        "1": 0,
        "2": 20,
        "3": 16,
        "4": 3,
        "5": 16,
        "6": 63,
        "7": 1,
        "8": 14,
        "9": 2
      },
      "class_density": {
        "0": 0.08783783783783784,
        "1": 0.0,
        "2": 0.13513513513513514,
        "3": 0.10810810810810811,
        "4": 0.02027027027027027,
        "5": 0.10810810810810811,
        "6": 0.42567567567567566,
        "7": 0.006756756756756757,
        "8": 0.0945945945945946,
        "9": 0.013513513513513514
      },
      "entropy_nat": 1.7227
    },
    "6": {
      "n": 30,
      "class_counts": {
        "0": 8,
        "1": 0,
        "2": 9,
        "3": 2,
        "4": 0,
        "5": 4,
        "6": 1,
        "7": 4,
        "8": 2,
        "9": 0
      },
      "class_density": {
        "0": 0.26666666666666666,
        "1": 0.0,
        "2": 0.3,
        "3": 0.06666666666666667,
        "4": 0.0,
        "5": 0.13333333333333333,
        "6": 0.03333333333333333,
        "7": 0.13333333333333333,
        "8": 0.06666666666666667,
        "9": 0.0
      },
      "entropy_nat": 1.7254
    },
    "7": {
      "n": 757,
      "class_counts": {
        "0": 36,
        "1": 234,
        "2": 29,
        "3": 26,
        "4": 92,
        "5": 53,
        "6": 69,
        "7": 50,
        "8": 90,
        "9": 78
      },
      "class_density": {
        "0": 0.047556142668428,
        "1": 0.309114927344782,
        "2": 0.03830911492734478,
        "3": 0.034346103038309116,
        "4": 0.1215323645970938,
        "5": 0.07001321003963012,
        "6": 0.09114927344782034,
        "7": 0.06605019815059446,
        "8": 0.11889035667107001,
        "9": 0.10303830911492734
      },
      "entropy_nat": 2.076
    },
    "8": {
      "n": 288,
      "class_counts": {
        "0": 43,
        "1": 0,
        "2": 37,
        "3": 54,
        "4": 34,
        "5": 61,
        "6": 3,
        "7": 37,
        "8": 8,
        "9": 11
      },
      "class_density": {
        "0": 0.14930555555555555,
        "1": 0.0,
        "2": 0.1284722222222222,
        "3": 0.1875,
        "4": 0.11805555555555555,
        "5": 0.21180555555555555,
        "6": 0.010416666666666666,
        "7": 0.1284722222222222,
        "8": 0.027777777777777776,
        "9": 0.03819444444444445
      },
      "entropy_nat": 1.9778
    },
    "9": {
      "n": 44,
      "class_counts": {
        "0": 5,
        "1": 0,
        "2": 18,
        "3": 16,
        "4": 3,
        "5": 1,
        "6": 1,
        "7": 0,
        "8": 0,
        "9": 0
      },
      "class_density": {
        "0": 0.11363636363636363,
        "1": 0.0,
        "2": 0.4090909090909091,
        "3": 0.36363636363636365,
        "4": 0.06818181818181818,
        "5": 0.022727272727272728,
        "6": 0.022727272727272728,
        "7": 0.0,
        "8": 0.0,
        "9": 0.0
      },
      "entropy_nat": 1.3358
    },
    "10": {
      "n": 525,
      "class_counts": {
        "0": 18,
        "1": 3,
        "2": 66,
        "3": 126,
        "4": 16,
        "5": 25,
        "6": 87,
        "7": 120,
        "8": 49,
        "9": 15
      },
      "class_density": {
        "0": 0.03428571428571429,
        "1": 0.005714285714285714,
        "2": 0.12571428571428572,
        "3": 0.24,
        "4": 0.030476190476190476,
        "5": 0.047619047619047616,
        "6": 0.1657142857142857,
        "7": 0.22857142857142856,
        "8": 0.09333333333333334,
        "9": 0.02857142857142857
      },
      "entropy_nat": 1.9579
    },
    "11": {
      "n": 63,
      "class_counts": {
        "0": 14,
        "1": 0,
        "2": 7,
        "3": 3,
        "4": 7,
        "5": 1,
        "6": 5,
        "7": 19,
        "8": 2,
        "9": 5
      },
      "class_density": {
        "0": 0.2222222222222222,
        "1": 0.0,
        "2": 0.1111111111111111,
        "3": 0.047619047619047616,
        "4": 0.1111111111111111,
        "5": 0.015873015873015872,
        "6": 0.07936507936507936,
        "7": 0.30158730158730157,
        "8": 0.031746031746031744,
        "9": 0.07936507936507936
      },
      "entropy_nat": 1.9065
    },
    "12": {
      "n": 28,
      "class_counts": {
        "0": 25,
        "1": 0,
        "2": 0,
        "3": 2,
        "4": 0,
        "5": 0,
        "6": 0,
        "7": 1,
        "8": 0,
        "9": 0
      },
      "class_density": {
        "0": 0.8928571428571429,
        "1": 0.0,
        "2": 0.0,
        "3": 0.07142857142857142,
        "4": 0.0,
        "5": 0.0,
        "6": 0.0,
        "7": 0.03571428571428571,
        "8": 0.0,
        "9": 0.0
      },
      "entropy_nat": 0.4087
    },
    "13": {
      "n": 41,
      "class_counts": {
        "0": 16,
        "1": 0,
        "2": 13,
        "3": 9,
        "4": 0,
        "5": 3,
        "6": 0,
        "7": 0,
        "8": 0,
        "9": 0
      },
      "class_density": {
        "0": 0.3902439024390244,