{
  "version": 2,
  "checkpoint_selection": "min_training_loss",
  "best_epoch": 19,
  "best_training_loss": 0.4292317768360706,
  "macro_auc_test_at_best_epoch": 0.4969150802108652,
  "per_digit_auc_at_best_epoch": {
    "0": 0.7595824524989923,
    "1": 0.7181161232578954,
    "2": 0.4768706526208334,
    "3": 0.5746823609920874,
    "4": 0.3154057281170477,
    "5": 0.44887896484839807,
    "6": 0.6539636806447073,
    "7": 0.26099163704505124,
    "8": 0.47044286074407815,
    "9": 0.2902163413395607
  },
  "macro_auc_test_pruned_active_spheres": 0.49552425934123506,
  "per_digit_auc_test_pruned_active_spheres": {
    "0": 0.8628608583895339,
    "1": 0.7740359800537016,
    "2": 0.5385394507379734,
    "3": 0.6018706585469329,
    "4": 0.23151706447802103,
    "5": 0.39650348428839954,
    "6": 0.48811915367803116,
    "7": 0.29232341586044064,
    "8": 0.5052244184439948,
    "9": 0.2642481089353218
  },
  "curvature": 1.0,
  "n_spheres": 30,
  "train_normal_digits": [
    0,
    1
  ],
  "test_digits": [
    0,
    1,
    2,
    3,
    4,
    5,
    6,
    7,
    8,
    9
  ],
  "objective": "union-soft",
  "unsupervised": true,
  "ae_checkpoint": "samplesvdd/hySpUnsup/runs/my_v3_ae200_stage1/ae_stage1_ep200.pth",
  "prune": {
    "train_argmin_counts": [
      740,
      484,
      60,
      208,
      89,
      52,
      315,
      152,
      3009,
      766,
      307,
      69,
      458,
      534,
      36,
      606,
      185,
      705,
      62,
      99,
      637,
      222,
      1277,
      133,
      129,
      53,
      123,
      73,
      189,
      50
    ],
    "silhouette_mean_per_cluster_euclidean_z": {
      "0": null,
      "1": null,
      "2": null,
      "3": null,
      "4": null,
      "5": null,
      "6": null,
      "7": null,
      "8": null,
      "9": null,
      "10": null,
      "11": null,
      "12": null,
      "13": null,
      "14": null,
      "15": null,
      "16": null,
      "17": null,
      "18": null,
      "19": null,
      "20": null,
      "21": null,
      "22": null,
      "23": null,
      "24": null,
      "25": null,
      "26": null,
      "27": null,
      "28": null,
      "29": null
    },
    "active_cluster_mask": [
      true,
      true,
      true,
      true,
      true,
      true,
      true,
      true,
      true,
      true,
      true,
      true,
      true,
      true,
      false,
      true,
      true,
      true,
      true,
      true,
      true,
      true,
      true,
      true,
      true,
      true,
      true,
      true,
      true,
      true
    ]
  },
  "split_overloaded": {
    "enabled": true,
    "max_cluster_fraction": 0.2,
    "applied": true,
    "n_train": 11822,
    "cap_count": 2365,
    "counts_before": [
      740,
      484,
      60,
      208,
      89,
      52,
      315,
      152,
      3009,
      766,
      308,
      69,
      458,
      534,
      0,
      606,
      185,
      705,
      62,
      99,
      637,
      222,
      1303,
      133,
      129,
      62,
      123,
      73,
      189,
      50
    ],
    "overloaded_clusters": [
      8
    ],
    "spare_inactive_clusters": [
      14
    ],
    "splits": [
      {
        "source_cluster": 8,
        "source_count": 3009,
        "groups_after_split": [
          2010,
          999
        ],
        "new_clusters_activated": [
          14
        ]
      }
    ],
    "active_cluster_mask_after_split": [
      true,
      true,
      true,
      true,
      true,
      true,
      true,
      true,
      true,
      true,
      true,
      true,
      true,
      true,
      true,
      true,
      true,
      true,
      true,
      true,
      true,
      true,
      true,
      true,
      true,
      true,
      true,
      true,
      true,
      true
    ]
  },
  "hybrid_rebalance": {
    "enabled": true,
    "lb_min_cluster_members": 50,
    "ub_max_cluster_fraction": 0.2,
    "max_iters": 4,
    "hard_cap_enabled": true,
    "chaos_factor": 0.15,
    "iterations": [
      {
        "iter": 1,
        "lb": {
          "enabled": true,
          "counts": [
            825,
            593,
            60,
            274,
            92,
            61,
            380,
            156,
            606,
            935,
            308,
            71,
            478,
            692,
            0,
            771,
            185,
            1664,
            63,
            102,
            1041,
            242,
            1325,
            135,
            129,
            62,
            134,
            74,
            301,
            63
          ],
          "active_before": [
            true,
            true,
            true,
            true,
            true,
            true,
            true,
            true,
            true,
            true,
            true,
            true,
            true,
            true,
            true,
            true,
            true,
            true,
            true,
            true,
            true,
            true,
            true,
            true,
            true,
            true,
            true,
            true,
            true,
            true
          ],
          "active_after": [
            true,
            true,
            true,
            true,
            true,
            true,
            true,
            true,
            true,
            true,
            true,
            true,
            true,
            true,
            false,
            true,
            true,
            true,
            true,
            true,
            true,
            true,
            true,
            true,
            true,
            true,
            true,
            true,
            true,
            true
          ],
          "changed": true
        },
        "ub": {
          "enabled": true,
          "max_cluster_fraction": 0.2,
          "applied": false,
          "n_train": 11822,
          "cap_count": 2365,
          "counts_before": [
            825,
            593,
            60,
            275,
            92,
            61,
            380,
            156,
            606,
            935,
            308,
            71,
            478,
            692,
            0,
            771,
            185,
            1663,
            63,
            102,
            1041,
            242,
            1325,
            135,
            129,
            62,
            134,
            74,
            301,
            63
          ],
          "overloaded_clusters": [],
          "spare_inactive_clusters": [
            14
          ],
          "splits": []
        },
        "hard_cap": {
          "enabled": true,
          "max_cluster_fraction": 0.2,
          "chaos_factor": 0.15,
          "applied": false,
          "n_train": 11822,
          "cap_count": 2365,
          "counts_before": [
            825,
            593,
            60,
            275,
            92,
            61,
            380,
            156,
            606,
            935,
            308,
            71,
            478,
            692,
            0,
            771,
            185,
            1663,
            63,
            102,
            1041,
            242,
            1325,
            135,
            129,
            62,
            134,
            74,
            301,
            63
          ],
          "counts_after": [
            825,
            593,
            60,
            275,
            92,
            61,
            380,
            156,
            606,
            935,
            308,
            71,
            478,
            692,
            0,
            771,
            185,
            1663,
            63,
            102,
            1041,
            242,
            1325,
            135,
            129,
            62,
            134,
            74,
            301,
            63
          ],