{
  "n_samples": 2000,
  "per_cluster": {
    "0": {
      "n": 27,
      "class_counts": {
        "0": 0,
        "1": 26,
        "2": 0,
        "3": 0,
        "4": 0,
        "5": 0,
        "6": 0,
        "7": 1,
        "8": 0,
        "9": 0
      },
      "class_density": {
        "0": 0.0,
        "1": 0.9629629629629629,
        "2": 0.0,
        "3": 0.0,
        "4": 0.0,
        "5": 0.0,
        "6": 0.0,
        "7": 0.037037037037037035,
        "8": 0.0,
        "9": 0.0
      },
      "entropy_nat": 0.1584
    },
    "1": {
      "n": 22,
      "class_counts": {
        "0": 0,
        "1": 21,
        "2": 0,
        "3": 0,
        "4": 0,
        "5": 0,
        "6": 1,
        "7": 0,
        "8": 0,
        "9": 0
      },
      "class_density": {
        "0": 0.0,
        "1": 0.9545454545454546,
        "2": 0.0,
        "3": 0.0,
        "4": 0.0,
        "5": 0.0,
        "6": 0.045454545454545456,
        "7": 0.0,
        "8": 0.0,
        "9": 0.0
      },
      "entropy_nat": 0.1849
    },
    "2": {
      "n": 0,
      "class_counts": {
        "0": 0,
        "1": 0,
        "2": 0,
        "3": 0,
        "4": 0,
        "5": 0,
        "6": 0,
        "7": 0,
        "8": 0,
        "9": 0
      },
      "class_density": {
        "0": 0.0,
        "1": 0.0,
        "2": 0.0,
        "3": 0.0,
        "4": 0.0,
        "5": 0.0,
        "6": 0.0,
        "7": 0.0,
        "8": 0.0,
        "9": 0.0
      },
      "entropy_nat": 0.0
    },
    "3": {
      "n": 84,
      "class_counts": {
        "0": 12,
        "1": 0,
        "2": 1,
        "3": 2,
        "4": 17,
        "5": 4,
        "6": 0,
        "7": 2,
        "8": 20,
        "9": 26
      },
      "class_density": {
        "0": 0.14285714285714285,
        "1": 0.0,
        "2": 0.011904761904761904,
        "3": 0.023809523809523808,
        "4": 0.20238095238095238,
        "5": 0.047619047619047616,
        "6": 0.0,
        "7": 0.023809523809523808,
        "8": 0.23809523809523808,
        "9": 0.30952380952380953
      },
      "entropy_nat": 1.6817
    },
    "4": {
      "n": 8,
      "class_counts": {
        "0": 7,
        "1": 0,
        "2": 0,
        "3": 0,
        "4": 0,
        "5": 0,
        "6": 0,
        "7": 0,
        "8": 1,
        "9": 0
      },
      "class_density": {
        "0": 0.875,
        "1": 0.0,
        "2": 0.0,
        "3": 0.0,
        "4": 0.0,
        "5": 0.0,
        "6": 0.0,
        "7": 0.0,
        "8": 0.125,
        "9": 0.0
      },
      "entropy_nat": 0.3768
    },
    "5": {
      "n": 173,
      "class_counts": {
        "0": 2,
        "1": 4,
        "2": 2,
        "3": 4,
        "4": 65,
        "5": 49,
        "6": 2,
        "7": 3,
        "8": 22,
        "9": 20
      },
      "class_density": {
        "0": 0.011560693641618497,
        "1": 0.023121387283236993,
        "2": 0.011560693641618497,
        "3": 0.023121387283236993,
        "4": 0.37572254335260113,
        "5": 0.2832369942196532,
        "6": 0.011560693641618497,
        "7": 0.017341040462427744,
        "8": 0.12716763005780346,
        "9": 0.11560693641618497
      },
      "entropy_nat": 1.636
    },
    "6": {
      "n": 17,
      "class_counts": {
        "0": 15,
        "1": 0,
        "2": 0,
        "3": 1,
        "4": 0,
        "5": 1,
        "6": 0,
        "7": 0,
        "8": 0,
        "9": 0
      },
      "class_density": {
        "0": 0.8823529411764706,
        "1": 0.0,
        "2": 0.0,
        "3": 0.058823529411764705,
        "4": 0.0,
        "5": 0.058823529411764705,
        "6": 0.0,
        "7": 0.0,
        "8": 0.0,
        "9": 0.0
      },
      "entropy_nat": 0.4438
    },
    "7": {
      "n": 7,
      "class_counts": {
        "0": 0,
        "1": 7,
        "2": 0,
        "3": 0,
        "4": 0,
        "5": 0,
        "6": 0,
        "7": 0,
        "8": 0,
        "9": 0
      },
      "class_density": {
        "0": 0.0,
        "1": 1.0,
        "2": 0.0,
        "3": 0.0,
        "4": 0.0,
        "5": 0.0,
        "6": 0.0,
        "7": 0.0,
        "8": 0.0,
        "9": 0.0
      },
      "entropy_nat": -0.0
    },
    "8": {
      "n": 14,
      "class_counts": {
        "0": 9,
        "1": 0,
        "2": 0,
        "3": 0,
        "4": 0,
        "5": 5,
        "6": 0,
        "7": 0,
        "8": 0,
        "9": 0
      },
      "class_density": {
        "0": 0.6428571428571429,
        "1": 0.0,
        "2": 0.0,
        "3": 0.0,
        "4": 0.0,
        "5": 0.35714285714285715,
        "6": 0.0,
        "7": 0.0,
        "8": 0.0,
        "9": 0.0
      },
      "entropy_nat": 0.6518
    },
    "9": {
      "n": 34,
      "class_counts": {
        "0": 0,
        "1": 28,
        "2": 1,
        "3": 2,
        "4": 0,
        "5": 1,
        "6": 1,
        "7": 1,
        "8": 0,
        "9": 0
      },
      "class_density": {
        "0": 0.0,
        "1": 0.8235294117647058,
        "2": 0.029411764705882353,
        "3": 0.058823529411764705,
        "4": 0.0,
        "5": 0.029411764705882353,
        "6": 0.029411764705882353,
        "7": 0.029411764705882353,
        "8": 0.0,
        "9": 0.0
      },
      "entropy_nat": 0.7414
    },
    "10": {
      "n": 17,
      "class_counts": {
        "0": 0,
        "1": 17,
        "2": 0,
        "3": 0,
        "4": 0,
        "5": 0,
        "6": 0,
        "7": 0,
        "8": 0,
        "9": 0
      },
      "class_density": {
        "0": 0.0,
        "1": 1.0,
        "2": 0.0,
        "3": 0.0,
        "4": 0.0,
        "5": 0.0,
        "6": 0.0,
        "7": 0.0,
        "8": 0.0,
        "9": 0.0
      },
      "entropy_nat": -0.0
    },
    "11": {
      "n": 3,
      "class_counts": {
        "0": 0,
        "1": 3,
        "2": 0,
        "3": 0,
        "4": 0,
        "5": 0,
        "6": 0,
        "7": 0,
        "8": 0,
        "9": 0
      },
      "class_density": {
        "0": 0.0,
        "1": 1.0,
        "2": 0.0,
        "3": 0.0,
        "4": 0.0,
        "5": 0.0,
        "6": 0.0,
        "7": 0.0,
        "8": 0.0,
        "9": 0.0
      },
      "entropy_nat": -0.0
    },
    "12": {
      "n": 6,
      "class_counts": {
        "0": 5,
        "1": 0,
        "2": 0,
        "3": 0,
        "4": 0,
        "5": 0,
        "6": 0,
        "7": 0,
        "8": 1,
        "9": 0
      },
      "class_density": {
        "0": 0.8333333333333334,
        "1": 0.0,
        "2": 0.0,
        "3": 0.0,
        "4": 0.0,
        "5": 0.0,
        "6": 0.0,
        "7": 0.0,
        "8": 0.16666666666666666,
        "9": 0.0
      },
      "entropy_nat": 0.4506
    },
    "13": {
      "n": 40,
      "class_counts": {
        "0": 0,
        "1": 26,
        "2": 4,
        "3": 6,
        "4": 0,
        "5": 0,
        "6": 0,
        "7": 3,
        "8": 1,
        "9": 0
      },
      "class_density": {
        "0": 0.0,
        "1": 0.65,
        "2": 0.1,
        "3": 0.15,
        "4": 0.0,
        "5": 0.0,
        "6": 0.0,
        "7": 0.075,
        "8": 0.025,
        "9": 0.0
      },
      "entropy_nat": 1.0813
    },
    "14": {
      "n": 0,
      "class_counts": {
        "0": 0,
        "1": 0,
        "2": 0,
        "3": 0,
        "4": 0,
        "5": 0,
        "6": 0,
        "7": 0,
        "8": 0,
        "9": 0
      },
      "class_density": {
        "0": 0.0,
        "1": 0.0,
        "2": 0.0,
        "3": 0.0,
        "4": 0.0,
        "5": 0.0,
        "6": 0.0,
        "7": 0.0,
        "8": 0.0,
        "9": 0.0
      },
      "entropy_nat": 0.0
    },
    "15": {
      "n": 14,
      "class_counts": {
        "0": 11,
        "1": 0,
        "2": 0,
        "3": 0,
        "4": 0,
        "5": 0,
        "6": 3,
        "7": 0,
        "8": 0,
        "9": 0
      },
      "class_density": {
        "0": 0.7857142857142857,
        "1": 0.0,
        "2": 0.0,
        "3": 0.0,
        "4": 0.0,
        "5": 0.0,