{
  "n_samples": 2000,
  "per_cluster": {
    "0": {
      "n": 14,
      "class_counts": {
        "0": 4,
        "1": 0,
        "2": 4,
        "3": 2,
        "4": 0,
        "5": 0,
        "6": 4,
        "7": 0,
        "8": 0,
        "9": 0
      },
      "class_density": {
        "0": 0.2857142857142857,
        "1": 0.0,
        "2": 0.2857142857142857,
        "3": 0.14285714285714285,
        "4": 0.0,
        "5": 0.0,
        "6": 0.2857142857142857,
        "7": 0.0,
        "8": 0.0,
        "9": 0.0
      },
      "entropy_nat": 1.3518
    },
    "1": {
      "n": 25,
      "class_counts": {
        "0": 14,
        "1": 0,
        "2": 1,
        "3": 3,
        "4": 1,
        "5": 0,
        "6": 1,
        "7": 0,
        "8": 3,
        "9": 2
      },
      "class_density": {
        "0": 0.56,
        "1": 0.0,
        "2": 0.04,
        "3": 0.12,
        "4": 0.04,
        "5": 0.0,
        "6": 0.04,
        "7": 0.0,
        "8": 0.12,
        "9": 0.08
      },
      "entropy_nat": 1.4219
    },
    "2": {
      "n": 0,
      "class_counts": {
        "0": 0,
        "1": 0,
        "2": 0,
        "3": 0,
        "4": 0,
        "5": 0,
        "6": 0,
        "7": 0,
        "8": 0,
        "9": 0
      },
      "class_density": {
        "0": 0.0,
        "1": 0.0,
        "2": 0.0,
        "3": 0.0,
        "4": 0.0,
        "5": 0.0,
        "6": 0.0,
        "7": 0.0,
        "8": 0.0,
        "9": 0.0
      },
      "entropy_nat": 0.0
    },
    "3": {
      "n": 194,
      "class_counts": {
        "0": 6,
        "1": 1,
        "2": 18,
        "3": 18,
        "4": 18,
        "5": 14,
        "6": 69,
        "7": 19,
        "8": 9,
        "9": 22
      },
      "class_density": {
        "0": 0.030927835051546393,
        "1": 0.005154639175257732,
        "2": 0.09278350515463918,
        "3": 0.09278350515463918,
        "4": 0.09278350515463918,
        "5": 0.07216494845360824,
        "6": 0.3556701030927835,
        "7": 0.0979381443298969,
        "8": 0.04639175257731959,
        "9": 0.1134020618556701
      },
      "entropy_nat": 1.9707
    },
    "4": {
      "n": 113,
      "class_counts": {
        "0": 8,
        "1": 0,
        "2": 0,
        "3": 0,
        "4": 11,
        "5": 0,
        "6": 8,
        "7": 52,
        "8": 4,
        "9": 30
      },
      "class_density": {
        "0": 0.07079646017699115,
        "1": 0.0,
        "2": 0.0,
        "3": 0.0,
        "4": 0.09734513274336283,
        "5": 0.0,
        "6": 0.07079646017699115,
        "7": 0.46017699115044247,
        "8": 0.035398230088495575,
        "9": 0.26548672566371684
      },
      "entropy_nat": 1.4292
    },
    "5": {
      "n": 9,
      "class_counts": {
        "0": 3,
        "1": 0,
        "2": 0,
        "3": 0,
        "4": 0,
        "5": 0,
        "6": 4,
        "7": 1,
        "8": 1,
        "9": 0
      },
      "class_density": {
        "0": 0.3333333333333333,
        "1": 0.0,
        "2": 0.0,
        "3": 0.0,
        "4": 0.0,
        "5": 0.0,
        "6": 0.4444444444444444,
        "7": 0.1111111111111111,
        "8": 0.1111111111111111,
        "9": 0.0
      },
      "entropy_nat": 1.2149
    },
    "6": {
      "n": 0,
      "class_counts": {
        "0": 0,
        "1": 0,
        "2": 0,
        "3": 0,
        "4": 0,
        "5": 0,
        "6": 0,
        "7": 0,
        "8": 0,
        "9": 0
      },
      "class_density": {
        "0": 0.0,
        "1": 0.0,
        "2": 0.0,
        "3": 0.0,
        "4": 0.0,
        "5": 0.0,
        "6": 0.0,
        "7": 0.0,
        "8": 0.0,
        "9": 0.0
      },
      "entropy_nat": 0.0
    },
    "7": {
      "n": 0,
      "class_counts": {
        "0": 0,
        "1": 0,
        "2": 0,
        "3": 0,
        "4": 0,
        "5": 0,
        "6": 0,
        "7": 0,
        "8": 0,
        "9": 0
      },
      "class_density": {
        "0": 0.0,
        "1": 0.0,
        "2": 0.0,
        "3": 0.0,
        "4": 0.0,
        "5": 0.0,
        "6": 0.0,
        "7": 0.0,
        "8": 0.0,
        "9": 0.0
      },
      "entropy_nat": 0.0
    },
    "8": {
      "n": 118,
      "class_counts": {
        "0": 23,
        "1": 1,
        "2": 1,
        "3": 6,
        "4": 11,
        "5": 26,
        "6": 5,
        "7": 31,
        "8": 14,
        "9": 0
      },
      "class_density": {
        "0": 0.19491525423728814,
        "1": 0.00847457627118644,
        "2": 0.00847457627118644,
        "3": 0.05084745762711865,
        "4": 0.09322033898305085,
        "5": 0.22033898305084745,
        "6": 0.0423728813559322,
        "7": 0.2627118644067797,
        "8": 0.11864406779661017,
        "9": 0.0
      },
      "entropy_nat": 1.8436
    },
    "9": {
      "n": 0,
      "class_counts": {
        "0": 0,
        "1": 0,
        "2": 0,
        "3": 0,
        "4": 0,
        "5": 0,
        "6": 0,
        "7": 0,
        "8": 0,
        "9": 0
      },
      "class_density": {
        "0": 0.0,
        "1": 0.0,
        "2": 0.0,
        "3": 0.0,
        "4": 0.0,
        "5": 0.0,
        "6": 0.0,
        "7": 0.0,
        "8": 0.0,
        "9": 0.0
      },
      "entropy_nat": 0.0
    },
    "10": {
      "n": 0,
      "class_counts": {
        "0": 0,
        "1": 0,
        "2": 0,
        "3": 0,
        "4": 0,
        "5": 0,
        "6": 0,
        "7": 0,
        "8": 0,
        "9": 0
      },
      "class_density": {
        "0": 0.0,
        "1": 0.0,
        "2": 0.0,
        "3": 0.0,
        "4": 0.0,
        "5": 0.0,
        "6": 0.0,
        "7": 0.0,
        "8": 0.0,
        "9": 0.0
      },
      "entropy_nat": 0.0
    },
    "11": {
      "n": 0,
      "class_counts": {
        "0": 0,
        "1": 0,
        "2": 0,
        "3": 0,
        "4": 0,
        "5": 0,
        "6": 0,
        "7": 0,
        "8": 0,
        "9": 0
      },
      "class_density": {
        "0": 0.0,
        "1": 0.0,
        "2": 0.0,
        "3": 0.0,
        "4": 0.0,
        "5": 0.0,
        "6": 0.0,
        "7": 0.0,
        "8": 0.0,
        "9": 0.0
      },
      "entropy_nat": 0.0
    },
    "12": {
      "n": 23,
      "class_counts": {
        "0": 18,
        "1": 1,
        "2": 1,
        "3": 0,
        "4": 0,
        "5": 3,
        "6": 0,
        "7": 0,
        "8": 0,
        "9": 0
      },
      "class_density": {
        "0": 0.782608695652174,
        "1": 0.043478260869565216,
        "2": 0.043478260869565216,
        "3": 0.0,
        "4": 0.0,
        "5": 0.13043478260869565,
        "6": 0.0,
        "7": 0.0,
        "8": 0.0,
        "9": 0.0
      },
      "entropy_nat": 0.7302
    },
    "13": {
      "n": 195,
      "class_counts": {
        "0": 2,
        "1": 62,
        "2": 17,
        "3": 15,
        "4": 31,
        "5": 32,
        "6": 6,
        "7": 1,
        "8": 21,
        "9": 8
      },
      "class_density": {
        "0": 0.010256410256410256,
        "1": 0.31794871794871793,
        "2": 0.08717948717948718,
        "3": 0.07692307692307693,
        "4": 0.15897435897435896,
        "5": 0.1641025641025641,
        "6": 0.03076923076923077,
        "7": 0.005128205128205128,
        "8": 0.1076923076923077,
        "9": 0.041025641025641026
      },
      "entropy_nat": 1.9154
    },
    "14": {
      "n": 231,
      "class_counts": {
        "0": 9,
        "1": 107,
        "2": 19,
        "3": 21,
        "4": 19,
        "5": 18,
        "6": 26,
        "7": 5,
        "8": 5,
        "9": 2
      },
      "class_density": {
        "0": 0.03896103896103896,
        "1": 0.46320346320346323,
        "2": 0.08225108225108226,
        "3": 0.09090909090909091,
        "4": 0.08225108225108226,
        "5": 0.07792207792207792,
        "6": 0.11255411255411256,
        "7": 0.021645021645021644,
        "8": 0.021645021645021644,
        "9": 0.008658008658008658
      },
      "entropy_nat": 1.7636
    },
    "15": {
      "n": 17,