{
  "run_dir": "samplesvdd/hySpUnsup/runs/sensitivity_v3/overlap_margin_0p01",
  "checkpoint": "samplesvdd/hySpUnsup/runs/sensitivity_v3/overlap_margin_0p01/checkpoint_v2.pth",
  "n_spheres": 30,
  "curvature": 1.0,
  "objective": "union-soft",
  "active_cluster_mask": [
    true,
    true,
    true,
    true,
    false,
    false,
    false,
    true,
    false,
    true,
    false,
    false,
    false,
    true,
    false,
    false,
    false,
    true,
    true,
    false,
    false,
    false,
    true,
    true,
    false,
    true,
    true,
    true,
    false,
    true
  ],
  "train_macro_auc": 0.504783148185697,
  "train_per_digit_auc": {
    "0": 0.4213235509076644,
    "1": 0.3240220021278213,
    "2": 0.35275601973038734,
    "3": 0.4135785068567637,
    "4": 0.7535673712571053,
    "5": 0.6466721244260212,
    "6": 0.37011880680400266,
    "7": 0.33772207772937,
    "8": 0.7662010970384647,
    "9": 0.6618699249793693
  },
  "test_macro_auc": 0.505484770570781,
  "test_per_digit_auc": {
    "0": 0.42406748305618813,
    "1": 0.31725439202148065,
    "2": 0.3596065843388013,
    "3": 0.43019168751842973,
    "4": 0.7552234836214509,
    "5": 0.6579398614460958,
    "6": 0.3553685211192772,
    "7": 0.3409224837530379,
    "8": 0.7571423628576184,
    "9": 0.65713084597543
  }
}