{
  "best_epoch": 95,
  "best_macro_auc": 0.9932574655127191,
  "per_digit_best_auc": {
    "0": 0.9994196986337636,
    "1": 0.9998422648172551,
    "2": 0.9910421124094799,
    "3": 0.991155802020421,
    "4": 0.9948187882228473,
    "5": 0.9879148217796178,
    "6": 0.9984173815943277,
    "7": 0.9958481430995997,
    "8": 0.9842672106242548,
    "9": 0.9898484319256252
  },
  "curvature": 1.0,
  "objective": "soft-boundary",
  "lambda_excl": 0.0001,
  "margin_excl": 0.1,
  "lambda_overlap": 0.02,
  "margin_overlap": 0.05,
  "seed": 54,
  "deterministic": true
}