{
  "n_samples": 2000,
  "per_cluster": {
    "0": {
      "n": 26,
      "class_counts": {
        "0": 0,
        "1": 16,
        "2": 0,
        "3": 2,
        "4": 0,
        "5": 0,
        "6": 0,
        "7": 6,
        "8": 1,
        "9": 1
      },
      "class_density": {
        "0": 0.0,
        "1": 0.6153846153846154,
        "2": 0.0,
        "3": 0.07692307692307693,
        "4": 0.0,
        "5": 0.0,
        "6": 0.0,
        "7": 0.23076923076923078,
        "8": 0.038461538461538464,
        "9": 0.038461538461538464
      },
      "entropy_nat": 1.0851
    },
    "1": {
      "n": 0,
      "class_counts": {
        "0": 0,
        "1": 0,
        "2": 0,
        "3": 0,
        "4": 0,
        "5": 0,
        "6": 0,
        "7": 0,
        "8": 0,
        "9": 0
      },
      "class_density": {
        "0": 0.0,
        "1": 0.0,
        "2": 0.0,
        "3": 0.0,
        "4": 0.0,
        "5": 0.0,
        "6": 0.0,
        "7": 0.0,
        "8": 0.0,
        "9": 0.0
      },
      "entropy_nat": 0.0
    },
    "2": {
      "n": 0,
      "class_counts": {
        "0": 0,
        "1": 0,
        "2": 0,
        "3": 0,
        "4": 0,
        "5": 0,
        "6": 0,
        "7": 0,
        "8": 0,
        "9": 0
      },
      "class_density": {
        "0": 0.0,
        "1": 0.0,
        "2": 0.0,
        "3": 0.0,
        "4": 0.0,
        "5": 0.0,
        "6": 0.0,
        "7": 0.0,
        "8": 0.0,
        "9": 0.0
      },
      "entropy_nat": 0.0
    },
    "3": {
      "n": 0,
      "class_counts": {
        "0": 0,
        "1": 0,
        "2": 0,
        "3": 0,
        "4": 0,
        "5": 0,
        "6": 0,
        "7": 0,
        "8": 0,
        "9": 0
      },
      "class_density": {
        "0": 0.0,
        "1": 0.0,
        "2": 0.0,
        "3": 0.0,
        "4": 0.0,
        "5": 0.0,
        "6": 0.0,
        "7": 0.0,
        "8": 0.0,
        "9": 0.0
      },
      "entropy_nat": 0.0
    },
    "4": {
      "n": 0,
      "class_counts": {
        "0": 0,
        "1": 0,
        "2": 0,
        "3": 0,
        "4": 0,
        "5": 0,
        "6": 0,
        "7": 0,
        "8": 0,
        "9": 0
      },
      "class_density": {
        "0": 0.0,
        "1": 0.0,
        "2": 0.0,
        "3": 0.0,
        "4": 0.0,
        "5": 0.0,
        "6": 0.0,
        "7": 0.0,
        "8": 0.0,
        "9": 0.0
      },
      "entropy_nat": 0.0
    },
    "5": {
      "n": 21,
      "class_counts": {
        "0": 12,
        "1": 0,
        "2": 1,
        "3": 5,
        "4": 0,
        "5": 2,
        "6": 0,
        "7": 0,
        "8": 1,
        "9": 0
      },
      "class_density": {
        "0": 0.5714285714285714,
        "1": 0.0,
        "2": 0.047619047619047616,
        "3": 0.23809523809523808,
        "4": 0.0,
        "5": 0.09523809523809523,
        "6": 0.0,
        "7": 0.0,
        "8": 0.047619047619047616,
        "9": 0.0
      },
      "entropy_nat": 1.1754
    },
    "6": {
      "n": 881,
      "class_counts": {
        "0": 10,
        "1": 131,
        "2": 140,
        "3": 117,
        "4": 115,
        "5": 116,
        "6": 98,
        "7": 48,
        "8": 36,
        "9": 70
      },
      "class_density": {
        "0": 0.011350737797956867,
        "1": 0.14869466515323496,
        "2": 0.15891032917139614,
        "3": 0.13280363223609534,
        "4": 0.13053348467650397,
        "5": 0.13166855845629966,
        "6": 0.1112372304199773,
        "7": 0.05448354143019296,
        "8": 0.04086265607264472,
        "9": 0.07945516458569807
      },
      "entropy_nat": 2.1621
    },
    "7": {
      "n": 0,
      "class_counts": {
        "0": 0,
        "1": 0,
        "2": 0,
        "3": 0,
        "4": 0,
        "5": 0,
        "6": 0,
        "7": 0,
        "8": 0,
        "9": 0
      },
      "class_density": {
        "0": 0.0,
        "1": 0.0,
        "2": 0.0,
        "3": 0.0,
        "4": 0.0,
        "5": 0.0,
        "6": 0.0,
        "7": 0.0,
        "8": 0.0,
        "9": 0.0
      },
      "entropy_nat": 0.0
    },
    "8": {
      "n": 0,
      "class_counts": {
        "0": 0,
        "1": 0,
        "2": 0,
        "3": 0,
        "4": 0,
        "5": 0,
        "6": 0,
        "7": 0,
        "8": 0,
        "9": 0
      },
      "class_density": {
        "0": 0.0,
        "1": 0.0,
        "2": 0.0,
        "3": 0.0,
        "4": 0.0,
        "5": 0.0,
        "6": 0.0,
        "7": 0.0,
        "8": 0.0,
        "9": 0.0
      },
      "entropy_nat": 0.0
    },
    "9": {
      "n": 0,
      "class_counts": {
        "0": 0,
        "1": 0,
        "2": 0,
        "3": 0,
        "4": 0,
        "5": 0,
        "6": 0,
        "7": 0,
        "8": 0,
        "9": 0
      },
      "class_density": {
        "0": 0.0,
        "1": 0.0,
        "2": 0.0,
        "3": 0.0,
        "4": 0.0,
        "5": 0.0,
        "6": 0.0,
        "7": 0.0,
        "8": 0.0,
        "9": 0.0
      },
      "entropy_nat": 0.0
    },
    "10": {
      "n": 0,
      "class_counts": {
        "0": 0,
        "1": 0,
        "2": 0,
        "3": 0,
        "4": 0,
        "5": 0,
        "6": 0,
        "7": 0,
        "8": 0,
        "9": 0
      },
      "class_density": {
        "0": 0.0,
        "1": 0.0,
        "2": 0.0,
        "3": 0.0,
        "4": 0.0,
        "5": 0.0,
        "6": 0.0,
        "7": 0.0,
        "8": 0.0,
        "9": 0.0
      },
      "entropy_nat": 0.0
    },
    "11": {
      "n": 589,
      "class_counts": {
        "0": 75,
        "1": 6,
        "2": 36,
        "3": 60,
        "4": 60,
        "5": 56,
        "6": 12,
        "7": 73,
        "8": 120,
        "9": 91
      },
      "class_density": {
        "0": 0.1273344651952462,
        "1": 0.010186757215619695,
        "2": 0.06112054329371817,
        "3": 0.10186757215619695,
        "4": 0.10186757215619695,
        "5": 0.09507640067911714,
        "6": 0.02037351443123939,
        "7": 0.12393887945670629,
        "8": 0.2037351443123939,
        "9": 0.15449915110356535
      },
      "entropy_nat": 2.1198
    },
    "12": {
      "n": 0,
      "class_counts": {
        "0": 0,
        "1": 0,
        "2": 0,
        "3": 0,
        "4": 0,
        "5": 0,
        "6": 0,
        "7": 0,
        "8": 0,
        "9": 0
      },
      "class_density": {
        "0": 0.0,
        "1": 0.0,
        "2": 0.0,
        "3": 0.0,
        "4": 0.0,
        "5": 0.0,
        "6": 0.0,
        "7": 0.0,
        "8": 0.0,
        "9": 0.0
      },
      "entropy_nat": 0.0
    },
    "13": {
      "n": 0,
      "class_counts": {
        "0": 0,
        "1": 0,
        "2": 0,
        "3": 0,
        "4": 0,
        "5": 0,
        "6": 0,
        "7": 0,
        "8": 0,
        "9": 0
      },
      "class_density": {
        "0": 0.0,
        "1": 0.0,
        "2": 0.0,
        "3": 0.0,
        "4": 0.0,
        "5": 0.0,
        "6": 0.0,
        "7": 0.0,
        "8": 0.0,
        "9": 0.0
      },
      "entropy_nat": 0.0
    },
    "14": {
      "n": 43,
      "class_counts": {
        "0": 0,
        "1": 23,
        "2": 7,
        "3": 0,
        "4": 4,
        "5": 0,
        "6": 8,
        "7": 1,
        "8": 0,
        "9": 0
      },
      "class_density": {
        "0": 0.0,
        "1": 0.5348837209302325,
        "2": 0.16279069767441862,
        "3": 0.0,
        "4": 0.09302325581395349,
        "5": 0.0,
        "6": 0.18604651162790697,
        "7": 0.023255813953488372,
        "8": 0.0,
        "9": 0.0
      },
      "entropy_nat": 1.2515
    },
    "15": {
      "n": 0,
      "class_counts": {
        "0": 0,
        "1": 0,
        "2": 0,
        "3": 0,
        "4": 0,
        "5": 0,
        "6": 0,
        "7": 0,
        "8": 0,
        "9": 0
      },
      "class_density": {
        "0": 0.0,
        "1": 0.0,
        "2": 0.0,
        "3": 0.0,
        "4": 0.0,
        "5": 0.0,
        "6": 0.0,
        "7": 0.0,
        "8": 0.0,