{
  "macro_svdd_auc": 0.9516729764442233,
  "per_digit_svdd_auc": {
    "0": 0.981715989563501,
    "1": 0.999910542735088,
    "2": 0.9388773365905805,
    "3": 0.9425210287254437,
    "4": 0.9603676499492179,
    "5": 0.8780536916290302,
    "6": 0.9874048093758763,
    "7": 0.9355552195291473,
    "8": 0.9352353812815597,
    "9": 0.9570881150627901
  },
  "csv": "D:\\Doctorate\\EngineCheck\\oasplTurbojet\\SampleSvDD\\samplesvdd\\hySpCheck\\runs\\hyp_multi_cuda\\eval_test\\global_top_anomalies.csv"
}